data_month,series_id,rate,rate_dutiable,duty_free_share,con_val,cal_dut,dut_val,vintage_date,vintage_note
2010-01,ETRX-APPAREL,0.13344,0.161758,0.175069,5081619168,678089065,4191987186,2026-08-24,backfill
2010-01,ETRX-CA,0.000447,0.011623,0.96152,20944460864,9367370,805951179,2026-09-03,backfill
2010-01,ETRX-CA-44,0.004616,0.098793,0.953273,353137489,1630199,16501163,2026-08-24,backfill
2010-01,ETRX-CA-76,6.7e-05,0.033977,0.998041,643763668,42842,1260897,2026-08-24,backfill
2010-01,ETRX-CA-87,0.000476,0.025979,0.981686,2912157789,1385544,53333276,2026-08-24,backfill
2010-01,ETRX-CN,0.034052,0.077677,0.561629,24992029994,851016867,10955773596,2026-09-03,backfill
2010-01,ETRX-CN-84,0.003346,0.03265,0.897532,5706222485,19090466,584704173,2026-08-24,backfill
2010-01,ETRX-CN-85,0.010223,0.033805,0.697581,5865244739,59961880,1773761254,2026-08-24,backfill
2010-01,ETRX-CN-95,0.00822,0.047289,0.826172,1456513303,11972739,253183228,2026-08-24,backfill
2010-01,ETRX-EU,0.011182,0.030818,0.637166,19857020539,222035845,7204811189,2026-09-03,backfill
2010-01,ETRX-EU-87,0.022836,0.025231,0.094925,1509113422,34462619,1365860698,2026-08-24,backfill
2010-01,ETRX-IN,0.029324,0.077116,0.61974,2037103810,59736235,774629496,2026-09-03,backfill
2010-01,ETRX-JP,0.018437,0.029755,0.380383,8069986093,148783756,5000300839,2026-09-03,backfill
2010-01,ETRX-KR,0.014339,0.033411,0.570822,2953217766,42347384,1267457248,2026-09-03,backfill
2010-01,ETRX-MX,0.000957,0.030671,0.968805,15315279243,14653613,477764319,2026-09-03,backfill
2010-01,ETRX-MX-87,0.00088,0.025025,0.964816,2856982731,2515531,100520688,2026-08-24,backfill
2010-01,ETRX-PHARMA,1e-06,0.050019,0.999988,4834324994,2973,59437,2026-08-24,backfill
2010-01,ETRX-STEEL,0.006192,0.038659,0.839816,3173148715,19649706,508287174,2026-08-24,backfill
2010-01,ETRX-TW,0.017065,0.049552,0.655622,2369538186,40435338,816016054,2026-09-03,backfill
2010-01,ETRX-US,0.014026,0.047186,0.702758,130998876026,1837331727,38938317874,2026-08-24,backfill
2010-01,ETRX-US-INCL,0.013596,0.046085,0.704973,135355435193,1840335819,39933572693,2026-08-24,backfill
2010-01,ETRX-VN,0.094228,0.140422,0.328967,1128480805,106334343,757248345,2026-09-03,backfill
2010-02,ETRX-APPAREL,0.128191,0.160095,0.199284,5184042882,664545894,4150946037,2026-08-24,backfill
2010-02,ETRX-CA,0.000436,0.011969,0.963558,20386519976,8891904,742925196,2026-09-03,backfill
2010-02,ETRX-CA-44,0.00587,0.098506,0.940412,412969423,2424035,24607897,2026-08-24,backfill
2010-02,ETRX-CA-76,7.1e-05,0.035563,0.997997,551807010,39298,1105019,2026-08-24,backfill
2010-02,ETRX-CA-87,0.00034,0.025956,0.986891,3608658717,1227845,47305355,2026-08-24,backfill
2010-02,ETRX-CN,0.034252,0.076548,0.552546,23052529859,789585332,10314953116,2026-09-03,backfill
2010-02,ETRX-CN-84,0.00347,0.033212,0.89551,5428053643,18836923,567175711,2026-08-24,backfill
2010-02,ETRX-CN-85,0.011251,0.034595,0.674788,5205253847,58562261,1692812569,2026-08-24,backfill
2010-02,ETRX-CN-95,0.008777,0.04709,0.813621,1440796124,12645200,268534122,2026-08-24,backfill
2010-02,ETRX-EU,0.011471,0.03192,0.640628,20906371061,239818239,7513168267,2026-09-03,backfill
2010-02,ETRX-EU-87,0.023002,0.025154,0.085547,1858080248,42739536,1699127108,2026-08-24,backfill
2010-02,ETRX-IN,0.032393,0.08885,0.635418,1917795507,62123591,699194111,2026-09-03,backfill
2010-02,ETRX-JP,0.017083,0.029798,0.426706,8317604443,142092105,4768436498,2026-09-03,backfill
2010-02,ETRX-KR,0.014258,0.03188,0.552767,2943442058,41967082,1316405566,2026-09-03,backfill
2010-02,ETRX-MX,0.000898,0.031415,0.971405,15692360143,14096432,448719129,2026-09-03,backfill
2010-02,ETRX-MX-87,0.000783,0.025112,0.968801,2994657896,2346225,93431202,2026-08-24,backfill
2010-02,ETRX-PHARMA,2e-06,0.048679,0.999957,4291055584,8933,183508,2026-08-24,backfill
2010-02,ETRX-STEEL,0.006195,0.040604,0.847435,3045067571,18863378,464569912,2026-08-24,backfill
2010-02,ETRX-TW,0.018652,0.049016,0.61948,2077804184,38754655,790645243,2026-09-03,backfill
2010-02,ETRX-US,0.01397,0.047744,0.707399,127892938275,1786668552,37421556556,2026-08-24,backfill
2010-02,ETRX-US-INCL,0.013579,0.046738,0.709459,132304934846,1796614075,38439961530,2026-08-24,backfill
2010-02,ETRX-VN,0.097151,0.143278,0.321937,1050287278,102036847,712160828,2026-09-03,backfill
2010-03,ETRX-APPAREL,0.12093,0.159116,0.239987,5194146074,628130500,3947619334,2026-08-24,backfill
2010-03,ETRX-CA,0.000486,0.009876,0.950745,23274339735,11321521,1146368173,2026-09-03,backfill
2010-03,ETRX-CA-44,0.006276,0.099043,0.936637,515717162,3236461,32677417,2026-08-24,backfill
2010-03,ETRX-CA-76,8.5e-05,0.032888,0.997428,638577638,54011,1642262,2026-08-24,backfill
2010-03,ETRX-CA-87,0.000301,0.025906,0.988392,4248210881,1277514,49313631,2026-08-24,backfill
2010-03,ETRX-CN,0.029826,0.071528,0.583019,23968489973,714878517,9994394422,2026-09-03,backfill
2010-03,ETRX-CN-84,0.003636,0.032804,0.889162,5840859060,21236816,647386536,2026-08-24,backfill
2010-03,ETRX-CN-85,0.010188,0.034078,0.70103,6200062845,63168258,1853632669,2026-08-24,backfill
2010-03,ETRX-CN-95,0.009521,0.047048,0.797634,1324416292,12609717,268016626,2026-08-24,backfill
2010-03,ETRX-EU,0.011402,0.031459,0.637569,26108359569,297682467,9462477319,2026-09-03,backfill
2010-03,ETRX-EU-87,0.023112,0.025168,0.081664,2644519620,61120916,2428558262,2026-08-24,backfill
2010-03,ETRX-IN,0.028916,0.07447,0.611715,2429535440,70251785,943352893,2026-09-03,backfill
2010-03,ETRX-JP,0.017531,0.029626,0.408274,10095752131,176983591,5973917238,2026-09-03,backfill
2010-03,ETRX-KR,0.014502,0.032639,0.555692,3521159570,51063362,1564478048,2026-09-03,backfill
2010-03,ETRX-MX,0.000788,0.027292,0.971139,19082181890,15030573,550734933,2026-09-03,backfill
2010-03,ETRX-MX-87,0.000762,0.025164,0.969728,3593970597,2737727,108794977,2026-08-24,backfill
2010-03,ETRX-PHARMA,1e-06,0.043325,0.999986,5257874740,3257,75176,2026-08-24,backfill
2010-03,ETRX-STEEL,0.005617,0.038621,0.854553,3923038730,22037222,570595688,2026-08-24,backfill
2010-03,ETRX-TW,0.01644,0.049976,0.671033,2499079257,41085817,822114959,2026-09-03,backfill
2010-03,ETRX-US,0.012441,0.043979,0.71712,150319948419,1870098034,42522495708,2026-08-24,backfill
2010-03,ETRX-US-INCL,0.01209,0.042904,0.718194,155313935660,1877816274,43768366187,2026-08-24,backfill
2010-03,ETRX-VN,0.096089,0.141988,0.323261,914784295,87900764,619069920,2026-09-03,backfill
2010-04,ETRX-APPAREL,0.12531,0.160714,0.220297,4948606680,620107726,3858443562,2026-08-24,backfill
2010-04,ETRX-CA,0.000494,0.009877,0.950015,22962865510,11336946,1147793961,2026-09-03,backfill
2010-04,ETRX-CA-44,0.006572,0.099486,0.933941,568534457,3736375,37556970,2026-08-24,backfill
2010-04,ETRX-CA-76,7.3e-05,0.032017,0.997721,648298201,47299,1477317,2026-08-24,backfill
2010-04,ETRX-CA-87,0.000292,0.025891,0.988736,3919050506,1142975,44145433,2026-08-24,backfill
2010-04,ETRX-CN,0.030006,0.071437,0.57997,25571766476,767294227,10740911884,2026-09-03,backfill
2010-04,ETRX-CN-84,0.003438,0.032798,0.89517,6517038712,22406764,683181810,2026-08-24,backfill
2010-04,ETRX-CN-85,0.010886,0.034222,0.68191,6373873945,69384555,2027467141,2026-08-24,backfill
2010-04,ETRX-CN-95,0.00961,0.047295,0.796802,1419992419,13646640,288540104,2026-08-24,backfill
2010-04,ETRX-EU,0.011663,0.030061,0.612028,23495590075,274022991,9115637866,2026-09-03,backfill
2010-04,ETRX-EU-87,0.022872,0.025198,0.092284,2530489279,57878376,2296965196,2026-08-24,backfill
2010-04,ETRX-IN,0.0282,0.064936,0.565719,2617953662,73827348,1136928810,2026-09-03,backfill
2010-04,ETRX-JP,0.017349,0.029831,0.41842,9286362664,161112552,5400758297,2026-09-03,backfill
2010-04,ETRX-KR,0.014213,0.031058,0.542383,3838856470,54560347,1756726688,2026-09-03,backfill
2010-04,ETRX-MX,0.000743,0.028808,0.974194,18406789076,13683813,474996628,2026-09-03,backfill
2010-04,ETRX-MX-87,0.000713,0.024735,0.971174,3256061718,2321532,93857964,2026-08-24,backfill
2010-04,ETRX-PHARMA,1e-06,0.049285,0.999978,4582264831,4984,101126,2026-08-24,backfill
2010-04,ETRX-STEEL,0.005431,0.040889,0.867184,3962730032,21520682,526314399,2026-08-24,backfill
2010-04,ETRX-TW,0.016635,0.049263,0.66232,2666069479,44350391,900277525,2026-09-03,backfill
2010-04,ETRX-US,0.012466,0.042259,0.704999,149968726792,1869557772,44240925134,2026-08-24,backfill
2010-04,ETRX-US-INCL,0.012171,0.041388,0.705937,154138705138,1875964045,45326464929,2026-08-24,backfill
2010-04,ETRX-VN,0.091843,0.139192,0.340171,1037983699,95331731,684891677,2026-09-03,backfill
2010-05,ETRX-APPAREL,0.125535,0.161194,0.221213,5129589332,643945555,3994854933,2026-08-24,backfill
2010-05,ETRX-CA,0.000484,0.010509,0.953928,22804991550,11041013,1050663123,2026-09-03,backfill
2010-05,ETRX-CA-44,0.005277,0.099086,0.946742,568919075,3002249,30299306,2026-08-24,backfill
2010-05,ETRX-CA-76,9.4e-05,0.034328,0.99727,624828337,58556,1705791,2026-08-24,backfill
2010-05,ETRX-CA-87,0.000282,0.026024,0.98918,4091973997,1152227,44275728,2026-08-24,backfill
2010-05,ETRX-CN,0.031592,0.072831,0.56623,28764495714,908721341,12477172470,2026-09-03,backfill
2010-05,ETRX-CN-84,0.003409,0.0324,0.894795,7111020783,24239301,748116064,2026-08-24,backfill
2010-05,ETRX-CN-85,0.012105,0.035514,0.659158,6944682232,84063856,2367041203,2026-08-24,backfill
2010-05,ETRX-CN-95,0.00857,0.047133,0.818173,1678140981,14381792,305131629,2026-08-24,backfill
2010-05,ETRX-EU,0.012043,0.030794,0.608933,24182054787,291213218,9456794014,2026-09-03,backfill
2010-05,ETRX-EU-87,0.023124,0.025153,0.080646,2622638855,60646159,2411134423,2026-08-24,backfill
2010-05,ETRX-IN,0.025447,0.063225,0.597527,2722976171,69290420,1095925728,2026-09-03,backfill
2010-05,ETRX-JP,0.016993,0.029597,0.425839,8411394282,142936802,4829495506,2026-09-03,backfill
2010-05,ETRX-KR,0.014529,0.031089,0.532643,3945903115,57331885,1844145289,2026-09-03,backfill
2010-05,ETRX-MX,0.000842,0.0311,0.972941,18848374634,15861827,510019052,2026-09-03,backfill
2010-05,ETRX-MX-87,0.000781,0.024471,0.96807,3248365981,2538192,103720425,2026-08-24,backfill
2010-05,ETRX-PHARMA,0.0,0.049969,0.999996,5118139369,1063,21273,2026-08-24,backfill
2010-05,ETRX-STEEL,0.005567,0.038339,0.854789,4473322233,24904238,649573886,2026-08-24,backfill
2010-05,ETRX-TW,0.016206,0.048655,0.666913,2778337778,45027045,925427081,2026-09-03,backfill
2010-05,ETRX-US,0.0131,0.044079,0.702813,151893455606,1989770371,45140772688,2026-08-24,backfill
2010-05,ETRX-US-INCL,0.012808,0.043218,0.70364,155883583323,1996554753,46197610752,2026-08-24,backfill
2010-05,ETRX-VN,0.08654,0.139571,0.37996,1140900287,98733062,707404292,2026-09-03,backfill
2010-06,ETRX-APPAREL,0.128001,0.160896,0.204449,6269885218,802552790,4988014750,2026-08-24,backfill
2010-06,ETRX-CA,0.000495,0.010785,0.9541,23553253555,11659252,1081098944,2026-09-03,backfill
2010-06,ETRX-CA-44,0.005741,0.097695,0.941238,538200013,3089696,31625871,2026-08-24,backfill
2010-06,ETRX-CA-76,9.8e-05,0.032891,0.997035,616970871,60172,1829433,2026-08-24,backfill
2010-06,ETRX-CA-87,0.00028,0.026885,0.989575,4490618983,1258671,46816177,2026-08-24,backfill
2010-06,ETRX-CN,0.033125,0.076654,0.56786,32291423754,1069663951,13954416541,2026-09-03,backfill
2010-06,ETRX-CN-84,0.003046,0.032172,0.905312,8052959467,24532043,762517909,2026-08-24,backfill
2010-06,ETRX-CN-85,0.011122,0.03489,0.681212,7899676093,87864058,2518324982,2026-08-24,backfill
2010-06,ETRX-CN-95,0.007327,0.046698,0.843098,1523436657,11162234,239030847,2026-08-24,backfill
2010-06,ETRX-EU,0.01182,0.031493,0.624673,25889698519,306019193,9717102314,2026-09-03,backfill
2010-06,ETRX-EU-87,0.022986,0.025025,0.081497,2796287861,64275382,2568400088,2026-08-24,backfill
2010-06,ETRX-IN,0.02725,0.070828,0.615267,2532064693,68998590,974169510,2026-09-03,backfill
2010-06,ETRX-JP,0.017641,0.029479,0.401554,9924220624,175077252,5939112664,2026-09-03,backfill
2010-06,ETRX-KR,0.014882,0.032103,0.536438,4171157434,62074052,1933588964,2026-09-03,backfill
2010-06,ETRX-MX,0.000878,0.033102,0.973462,19316192333,16968505,512615048,2026-09-03,backfill
2010-06,ETRX-MX-87,0.000618,0.024532,0.974817,3456391508,2135296,87042373,2026-08-24,backfill
2010-06,ETRX-PHARMA,1e-06,0.0495,0.999988,6000041933,3530,71313,2026-08-24,backfill
2010-06,ETRX-STEEL,0.006118,0.039839,0.846444,4258461669,26051524,653913595,2026-08-24,backfill
2010-06,ETRX-TW,0.015772,0.048426,0.674307,3209824491,50625149,1045416644,2026-09-03,backfill
2010-06,ETRX-US,0.014165,0.047315,0.700636,161259154773,2284160078,48275190573,2026-08-24,backfill
2010-06,ETRX-US-INCL,0.013793,0.046191,0.701401,165989296974,2289420954,49564169733,2026-08-24,backfill
2010-06,ETRX-VN,0.091633,0.140253,0.346664,1234613068,113130696,806617353,2026-09-03,backfill
2010-07,ETRX-APPAREL,0.129615,0.161213,0.196002,6963677419,902596606,5598783955,2026-08-24,backfill
2010-07,ETRX-CA,0.000473,0.007114,0.933503,20519057891,9706885,1364464601,2026-09-03,backfill
2010-07,ETRX-CA-44,0.005372,0.098778,0.945614,425763322,2287242,23155382,2026-08-24,backfill
2010-07,ETRX-CA-76,0.000134,0.037099,0.996384,535449610,71828,1936105,2026-08-24,backfill
2010-07,ETRX-CA-87,0.0003,0.027282,0.989014,2751276458,824575,30224479,2026-08-24,backfill
2010-07,ETRX-CN,0.036342,0.080164,0.546657,32783765160,1191423132,14862300174,2026-09-03,backfill
2010-07,ETRX-CN-84,0.003179,0.03214,0.901083,7521299190,23911694,743987031,2026-08-24,backfill
2010-07,ETRX-CN-85,0.011884,0.034876,0.659265,7731939838,91882648,2634540320,2026-08-24,backfill
2010-07,ETRX-CN-95,0.004962,0.046265,0.89275,1872281152,9290204,200802722,2026-08-24,backfill
2010-07,ETRX-EU,0.011851,0.030266,0.608428,26530659394,314426344,10388673369,2026-09-03,backfill
2010-07,ETRX-EU-87,0.022934,0.025092,0.086015,2984338950,68443219,2727641833,2026-08-24,backfill
2010-07,ETRX-IN,0.025406,0.067193,0.621891,2594480443,65915682,980995930,2026-09-03,backfill
2010-07,ETRX-JP,0.017161,0.029776,0.423645,9698986571,166447521,5590057991,2026-09-03,backfill
2010-07,ETRX-KR,0.014187,0.031578,0.550725,4403018949,62466934,1978165900,2026-09-03,backfill
2010-07,ETRX-MX,0.000862,0.031282,0.972429,17578646281,15161151,484667010,2026-09-03,backfill
2010-07,ETRX-MX-87,0.000748,0.024896,0.969962,2686423401,2009000,80695289,2026-08-24,backfill
2010-07,ETRX-PHARMA,1e-06,0.049933,0.999983,5358243235,4594,92003,2026-08-24,backfill
2010-07,ETRX-STEEL,0.005852,0.039321,0.851173,4721788971,27632073,702731453,2026-08-24,backfill
2010-07,ETRX-TW,0.016468,0.048565,0.660903,2988560327,49216004,1013411379,2026-09-03,backfill
2010-07,ETRX-US,0.015169,0.047211,0.678697,159128692656,2413811616,51128590427,2026-08-24,backfill
2010-07,ETRX-US-INCL,0.014789,0.046323,0.680746,163774905008,2422023272,52285785167,2026-08-24,backfill
2010-07,ETRX-VN,0.089941,0.137734,0.346994,1328693539,119504623,867644986,2026-09-03,backfill
2010-08,ETRX-APPAREL,0.132394,0.161953,0.182516,7559696944,1000860258,6179931777,2026-08-24,backfill
2010-08,ETRX-CA,0.000453,0.00778,0.941784,22510127951,10194753,1310446951,2026-09-03,backfill
2010-08,ETRX-CA-44,0.005594,0.098578,0.943251,419225614,2345245,23790655,2026-08-24,backfill
2010-08,ETRX-CA-76,7e-05,0.033066,0.997884,563993329,39463,1193458,2026-08-24,backfill
2010-08,ETRX-CA-87,0.000244,0.026129,0.990659,4208679965,1027250,39314754,2026-08-24,backfill
2010-08,ETRX-CN,0.036737,0.080793,0.545294,34893725756,1281891384,15866398159,2026-09-03,backfill
2010-08,ETRX-CN-84,0.003395,0.032358,0.895075,7243797265,24593889,760055733,2026-08-24,backfill
2010-08,ETRX-CN-85,0.011975,0.0352,0.659789,8466124195,101385871,2880271707,2026-08-24,backfill
2010-08,ETRX-CN-95,0.003881,0.045477,0.91466,2769537848,10748560,236351827,2026-08-24,backfill
2010-08,ETRX-EU,0.012253,0.031181,0.607031,25646914668,314254704,10078452930,2026-09-03,backfill
2010-08,ETRX-EU-87,0.023147,0.02525,0.083286,2580182499,59723904,2365290577,2026-08-24,backfill
2010-08,ETRX-IN,0.025136,0.06359,0.604709,2740179088,68878058,1083167062,2026-09-03,backfill
2010-08,ETRX-JP,0.017725,0.029853,0.406234,10337717254,183241132,6138187920,2026-09-03,backfill
2010-08,ETRX-KR,0.014139,0.030288,0.533163,4237561007,59916316,1978251770,2026-09-03,backfill
2010-08,ETRX-MX,0.000835,0.030976,0.973055,19548530076,16316095,526726039,2026-09-03,backfill
2010-08,ETRX-MX-87,0.000597,0.024771,0.975879,3645037050,2177883,87921671,2026-08-24,backfill
2010-08,ETRX-PHARMA,0.0,0.046454,0.99999,6032798470,2921,62879,2026-08-24,backfill
2010-08,ETRX-STEEL,0.006279,0.040369,0.844467,4466179961,28041582,694637222,2026-08-24,backfill
2010-08,ETRX-TW,0.017946,0.051637,0.652466,3168823845,56866557,1101273571,2026-09-03,backfill
2010-08,ETRX-US,0.015734,0.049748,0.683733,163783055615,2576897180,51799225580,2026-08-24,backfill
2010-08,ETRX-US-INCL,0.015315,0.048617,0.684981,168673881031,2583277563,53135492835,2026-08-24,backfill
2010-08,ETRX-VN,0.090285,0.136455,0.338353,1462114460,132007414,967403125,2026-09-03,backfill
2010-09,ETRX-APPAREL,0.131635,0.161267,0.183748,7248440943,954147944,5916555599,2026-08-24,backfill
2010-09,ETRX-CA,0.00038,0.007168,0.946918,22103361471,8409752,1173286599,2026-09-03,backfill
2010-09,ETRX-CA-44,0.0009,0.095874,0.990608,414186477,372970,3890205,2026-08-24,backfill
2010-09,ETRX-CA-76,0.000103,0.034725,0.997026,551137599,56918,1639127,2026-08-24,backfill
2010-09,ETRX-CA-87,0.000259,0.02617,0.99009,4271233251,1107715,42327360,2026-08-24,backfill
2010-09,ETRX-CN,0.036027,0.081197,0.556297,34546352573,1244606113,15328313773,2026-09-03,backfill
2010-09,ETRX-CN-84,0.003086,0.032052,0.903712,7216040869,22270446,694816664,2026-08-24,backfill
2010-09,ETRX-CN-85,0.01156,0.034741,0.667243,8666053837,100182931,2883693038,2026-08-24,backfill
2010-09,ETRX-CN-95,0.003525,0.044654,0.921071,3007869067,10601267,237408931,2026-08-24,backfill
2010-09,ETRX-EU,0.011254,0.031721,0.64523,24803854476,279131383,8799669455,2026-09-03,backfill
2010-09,ETRX-EU-87,0.023588,0.02516,0.062451,2428785004,57291356,2277106058,2026-08-24,backfill
2010-09,ETRX-IN,0.02653,0.071916,0.631091,2417065355,64125881,891677620,2026-09-03,backfill
2010-09,ETRX-JP,0.016766,0.030283,0.44637,9899617617,165974078,5480722770,2026-09-03,backfill
2010-09,ETRX-KR,0.013778,0.030872,0.553687,4215606552,58084464,1881481987,2026-09-03,backfill
2010-09,ETRX-MX,0.000819,0.029071,0.971818,19565222533,16029127,551384066,2026-09-03,backfill
2010-09,ETRX-MX-87,0.000529,0.025063,0.978883,3699533698,1958026,78123859,2026-08-24,backfill
2010-09,ETRX-PHARMA,1e-06,0.049983,0.999985,4899001804,3775,75525,2026-08-24,backfill
2010-09,ETRX-STEEL,0.006492,0.040588,0.840043,4073425348,26446381,651574302,2026-08-24,backfill
2010-09,ETRX-TW,0.015652,0.048401,0.676611,3202050972,50119930,1035508573,2026-09-03,backfill
2010-09,ETRX-US,0.015037,0.049763,0.697825,161979077501,2435682776,48946034826,2026-08-24,backfill
2010-09,ETRX-US-INCL,0.014629,0.048716,0.699716,166758482228,2439450562,50074872710,2026-08-24,backfill
2010-09,ETRX-VN,0.085772,0.135599,0.367464,1410433727,120975085,892150470,2026-09-03,backfill
2010-10,ETRX-APPAREL,0.132,0.161712,0.183732,7344111967,969426180,5994766248,2026-08-24,backfill
2010-10,ETRX-CA,0.000352,0.008427,0.958241,22264639177,7834577,929744194,2026-09-03,backfill
2010-10,ETRX-CA-44,0.000125,0.076341,0.99836,415203018,51971,680774,2026-08-24,backfill
2010-10,ETRX-CA-76,0.000114,0.032666,0.996504,577376670,65941,2018632,2026-08-24,backfill
2010-10,ETRX-CA-87,0.00026,0.025509,0.989803,4228054620,1099802,43113610,2026-08-24,backfill
2010-10,ETRX-CN,0.035462,0.08123,0.563431,34683021802,1229941185,15141528694,2026-09-03,backfill
2010-10,ETRX-CN-84,0.003004,0.031807,0.905565,6993688081,21006939,660448587,2026-08-24,backfill
2010-10,ETRX-CN-85,0.01182,0.035434,0.666426,8970740784,106034219,2992403644,2026-08-24,backfill
2010-10,ETRX-CN-95,0.003259,0.04425,0.926352,3495160398,11390584,257412463,2026-08-24,backfill
2010-10,ETRX-EU,0.011857,0.031021,0.617768,26680935208,316358861,10198313955,2026-09-03,backfill
2010-10,ETRX-EU-87,0.023093,0.02507,0.078869,3101190111,71616180,2856603069,2026-08-24,backfill
2010-10,ETRX-IN,0.027104,0.074759,0.637442,2873435736,77882725,1041785906,2026-09-03,backfill
2010-10,ETRX-JP,0.017413,0.02971,0.413877,10924295308,190229470,6402975502,2026-09-03,backfill
2010-10,ETRX-KR,0.013159,0.031569,0.583152,4293523799,56499621,1789746493,2026-09-03,backfill
2010-10,ETRX-MX,0.000767,0.031434,0.975598,20362881510,15619172,496885738,2026-09-03,backfill
2010-10,ETRX-MX-87,0.000524,0.025015,0.97904,3885159586,2037051,81432284,2026-08-24,backfill
2010-10,ETRX-PHARMA,0.0,0.049745,0.999995,5114883703,1161,23339,2026-08-24,backfill
2010-10,ETRX-STEEL,0.006392,0.040012,0.840243,4158662969,26583212,664374712,2026-08-24,backfill
2010-10,ETRX-TW,0.016095,0.050146,0.679033,3110976003,50071605,998519266,2026-09-03,backfill
2010-10,ETRX-US,0.015166,0.050534,0.699888,164584739327,2496058624,49393931845,2026-08-24,backfill
2010-10,ETRX-US-INCL,0.014818,0.049734,0.70205,169602400341,2513197654,50532965420,2026-08-24,backfill
2010-10,ETRX-VN,0.090957,0.144661,0.37124,1476682645,134314600,928478734,2026-09-03,backfill
2010-11,ETRX-APPAREL,0.128999,0.161747,0.202464,6020805080,776676451,4801806773,2026-08-24,backfill
2010-11,ETRX-CA,0.000325,0.007513,0.956793,22048861880,7157300,952662695,2026-09-03,backfill
2010-11,ETRX-CA-44,0.000103,0.066939,0.998455,415180664,42941,641494,2026-08-24,backfill
2010-11,ETRX-CA-76,8.1e-05,0.03189,0.997448,626847878,51005,1599423,2026-08-24,backfill
2010-11,ETRX-CA-87,0.000257,0.025693,0.989988,3753925470,965669,37585441,2026-08-24,backfill
2010-11,ETRX-CN,0.02974,0.076471,0.611099,34219124792,1017665986,13307867150,2026-09-03,backfill
2010-11,ETRX-CN-84,0.002548,0.031618,0.919414,8016144185,20424647,645990194,2026-08-24,backfill
2010-11,ETRX-CN-85,0.010366,0.035199,0.705504,9745761501,101024703,2870085427,2026-08-24,backfill
2010-11,ETRX-CN-95,0.004024,0.045222,0.911013,2995398129,12053886,266550291,2026-08-24,backfill
2010-11,ETRX-EU,0.012367,0.031961,0.613059,26310473982,325382735,10180608855,2026-09-03,backfill
2010-11,ETRX-EU-87,0.023173,0.025106,0.076991,3260505946,75554650,3009475597,2026-08-24,backfill
2010-11,ETRX-IN,0.028136,0.080323,0.649719,2316772727,65183836,811521162,2026-09-03,backfill
2010-11,ETRX-JP,0.017416,0.029859,0.416736,10746626261,187162318,6268125276,2026-09-03,backfill
2010-11,ETRX-KR,0.013255,0.030537,0.565933,4451032560,58999491,1932047380,2026-09-03,backfill
2010-11,ETRX-MX,0.000805,0.03188,0.974738,19528285728,15727044,493316059,2026-09-03,backfill
2010-11,ETRX-MX-87,0.0005,0.025053,0.980051,3503437365,1750978,69889603,2026-08-24,backfill
2010-11,ETRX-PHARMA,1e-06,0.049969,0.99998,5093899221,5184,103745,2026-08-24,backfill
2010-11,ETRX-STEEL,0.006304,0.039435,0.840132,3886879324,24504534,621387964,2026-08-24,backfill
2010-11,ETRX-TW,0.015384,0.048641,0.683724,3078063100,47353286,973516293,2026-09-03,backfill
2010-11,ETRX-US,0.013761,0.047044,0.707494,162727479347,2239256099,47598765375,2026-08-24,backfill
2010-11,ETRX-US-INCL,0.013387,0.045803,0.707729,167636617753,2244139030,48995314661,2026-08-24,backfill
2010-11,ETRX-VN,0.087127,0.14018,0.378462,1325685587,115503047,823964272,2026-09-03,backfill
2010-12,ETRX-APPAREL,0.126452,0.16191,0.219,5346530901,676078008,4175641623,2026-08-24,backfill
2010-12,ETRX-CA,0.000314,0.005658,0.944552,23408186577,7344121,1297927212,2026-09-03,backfill
2010-12,ETRX-CA-44,0.000123,0.070773,0.998266,388245433,47633,673041,2026-08-24,backfill
2010-12,ETRX-CA-76,0.000125,0.035082,0.996451,542396454,67532,1925001,2026-08-24,backfill
2010-12,ETRX-CA-87,0.000202,0.025634,0.99213,3517914836,709682,27685556,2026-08-24,backfill
2010-12,ETRX-CN,0.029404,0.073968,0.602468,30373212465,893107998,12074322790,2026-09-03,backfill
2010-12,ETRX-CN-84,0.003008,0.032558,0.907625,7265244018,21850339,671127304,2026-08-24,backfill
2010-12,ETRX-CN-85,0.00989,0.034565,0.713866,8280248138,81892576,2369264611,2026-08-24,backfill
2010-12,ETRX-CN-95,0.006589,0.045963,0.856643,1950181061,12850022,279572509,2026-08-24,backfill
2010-12,ETRX-EU,0.011882,0.030455,0.609846,26545373818,315411120,10356785898,2026-09-03,backfill
2010-12,ETRX-EU-87,0.022791,0.024947,0.086412,3353350361,76427842,3063579925,2026-08-24,backfill
2010-12,ETRX-IN,0.027386,0.080551,0.660014,2097184549,57434228,713014361,2026-09-03,backfill
2010-12,ETRX-JP,0.017119,0.029677,0.42317,11045611159,189086056,6371443195,2026-09-03,backfill
2010-12,ETRX-KR,0.014219,0.032191,0.558294,3927414941,55844039,1734763008,2026-09-03,backfill
2010-12,ETRX-MX,0.00077,0.030197,0.974495,18983730797,14620743,484175319,2026-09-03,backfill
2010-12,ETRX-MX-87,0.000514,0.025321,0.979686,3254773334,1674174,66116919,2026-08-24,backfill
2010-12,ETRX-PHARMA,1e-06,0.050013,0.999989,5373315253,2991,59804,2026-08-24,backfill
2010-12,ETRX-STEEL,0.006357,0.041582,0.847124,3852337326,24489198,588931461,2026-08-24,backfill
2010-12,ETRX-TW,0.015371,0.046728,0.671051,2920631492,44893266,960739687,2026-09-03,backfill
2010-12,ETRX-US,0.012739,0.04399,0.710415,160354817698,2042719636,46436365869,2026-08-24,backfill
2010-12,ETRX-US-INCL,0.012376,0.043048,0.712504,165154490194,2043994577,47481222952,2026-08-24,backfill
2010-12,ETRX-VN,0.084974,0.140559,0.395459,1215417615,103278317,734769952,2026-09-03,backfill
2011-01,ETRX-APPAREL,0.134347,0.162147,0.171452,6222034913,835911244,5155255504,2026-08-24,backfill
2011-01,ETRX-CA,0.000441,0.006278,0.929773,23977631192,10571775,1683888908,2026-09-03,backfill
2011-01,ETRX-CA-44,0.000139,0.076693,0.998192,406258896,56323,734394,2026-08-24,backfill
2011-01,ETRX-CA-76,0.000109,0.034509,0.996844,604216229,65799,1906708,2026-08-24,backfill
2011-01,ETRX-CA-87,0.00054,0.026192,0.979369,3797200438,2051898,78340656,2026-08-24,backfill
2011-01,ETRX-CN,0.033942,0.076784,0.557959,30828463738,1046367366,13627447442,2026-09-03,backfill
2011-01,ETRX-CN-84,0.003746,0.03226,0.883897,6970062192,26106568,809243252,2026-08-24,backfill
2011-01,ETRX-CN-85,0.010213,0.03417,0.701117,7337271828,74933857,2192985871,2026-08-24,backfill
2011-01,ETRX-CN-95,0.008592,0.046463,0.815088,1654608690,14215582,305957104,2026-08-24,backfill
2011-01,ETRX-EU,0.01158,0.029436,0.606583,24593063687,284799478,9675321942,2026-09-03,backfill
2011-01,ETRX-EU-87,0.022517,0.024899,0.095674,2443257523,55014781,2209502148,2026-08-24,backfill
2011-01,ETRX-IN,0.028951,0.077097,0.624491,2482339636,71865555,932139867,2026-09-03,backfill
2011-01,ETRX-JP,0.017269,0.029928,0.422976,9628518903,166274717,5555885642,2026-09-03,backfill
2011-01,ETRX-KR,0.014217,0.030839,0.538982,3965445032,56378020,1828141595,2026-09-03,backfill
2011-01,ETRX-MX,0.001007,0.028375,0.964523,18801324789,18926341,667009197,2026-09-03,backfill
2011-01,ETRX-MX-87,0.000983,0.02554,0.961512,3257286369,3201877,125367075,2026-08-24,backfill
2011-01,ETRX-PHARMA,1e-06,0.048783,0.999973,4820628624,6427,131747,2026-08-24,backfill
2011-01,ETRX-STEEL,0.005855,0.040023,0.853714,4521869629,26474664,661486841,2026-08-24,backfill
2011-01,ETRX-TW,0.017175,0.049323,0.651782,3107980775,53379772,1082256143,2026-09-03,backfill
2011-01,ETRX-US,0.014179,0.046652,0.696079,159078629227,2255523052,48347405230,2026-08-24,backfill
2011-01,ETRX-US-INCL,0.013804,0.045711,0.698008,163625872320,2258744627,49413634283,2026-08-24,backfill
2011-01,ETRX-VN,0.094296,0.140752,0.330055,1387222918,130809425,929363166,2026-09-03,backfill
2011-02,ETRX-APPAREL,0.129059,0.161172,0.199247,5783903325,746465263,4631477342,2026-08-24,backfill
2011-02,ETRX-CA,0.000461,0.005563,0.91704,22480063179,10374023,1864943901,2026-09-03,backfill
2011-02,ETRX-CA-44,0.000104,0.071566,0.99855,393299984,40802,570131,2026-08-24,backfill
2011-02,ETRX-CA-76,0.000114,0.03407,0.996659,579504490,65970,1936309,2026-08-24,backfill
2011-02,ETRX-CA-87,0.000443,0.025327,0.982513,3824191627,1693698,66872505,2026-08-24,backfill
2011-02,ETRX-CN,0.033481,0.075751,0.558013,26952980088,902411581,11912879309,2026-09-03,backfill
2011-02,ETRX-CN-84,0.004451,0.033867,0.868569,5839679586,25993409,767513651,2026-08-24,backfill
2011-02,ETRX-CN-85,0.008876,0.033806,0.737436,6803236897,60386833,1786283906,2026-08-24,backfill
2011-02,ETRX-CN-95,0.009988,0.046729,0.786266,1251961556,12504161,267587032,2026-08-24,backfill
2011-02,ETRX-EU,0.011613,0.031487,0.631184,25047724736,290877835,9238011973,2026-09-03,backfill
2011-02,ETRX-EU-87,0.02288,0.025133,0.089637,2478476096,56708697,2256313938,2026-08-24,backfill
2011-02,ETRX-IN,0.030745,0.095021,0.676444,2195604071,67502976,710400326,2026-09-03,backfill
2011-02,ETRX-JP,0.016687,0.029807,0.440151,10414409002,173789539,5830496919,2026-09-03,backfill
2011-02,ETRX-KR,0.014293,0.031723,0.549435,3911436135,55906956,1762355109,2026-09-03,backfill
2011-02,ETRX-MX,0.001005,0.029889,0.966372,18228111304,18321405,612976786,2026-09-03,backfill
2011-02,ETRX-MX-87,0.000986,0.025578,0.961469,3391141783,3342117,130664460,2026-08-24,backfill
2011-02,ETRX-PHARMA,0.0,0.045555,0.999992,5550061377,1919,42125,2026-08-24,backfill
2011-02,ETRX-STEEL,0.006306,0.040412,0.843957,3973903354,25059180,620100038,2026-08-24,backfill
2011-02,ETRX-TW,0.015852,0.049833,0.681893,2742184713,43469350,872308308,2026-09-03,backfill
2011-02,ETRX-US,0.013805,0.04534,0.695519,150442254545,2076900375,45806750070,2026-08-24,backfill
2011-02,ETRX-US-INCL,0.013448,0.044409,0.697167,154749370388,2081133571,46863229566,2026-08-24,backfill
2011-02,ETRX-VN,0.097721,0.143278,0.317963,1232867510,120477315,840861463,2026-09-03,backfill
2011-03,ETRX-APPAREL,0.12036,0.161085,0.252817,5522925585,664740268,4126635443,2026-08-24,backfill
2011-03,ETRX-CA,0.000388,0.004552,0.914735,26829682292,10413849,2287641734,2026-09-03,backfill
2011-03,ETRX-CA-44,9.9e-05,0.070237,0.99859,494058731,48927,696599,2026-08-24,backfill
2011-03,ETRX-CA-76,8.7e-05,0.032042,0.997286,679808287,59113,1844835,2026-08-24,backfill
2011-03,ETRX-CA-87,0.000364,0.025337,0.985641,4587473521,1668994,65872099,2026-08-24,backfill
2011-03,ETRX-CN,0.025769,0.068854,0.625744,27303764236,703593771,10218599514,2026-09-03,backfill
2011-03,ETRX-CN-84,0.003129,0.033465,0.906497,7536413191,23581868,704676964,2026-08-24,backfill
2011-03,ETRX-CN-85,0.008784,0.034121,0.742565,7649102324,67189131,1969144419,2026-08-24,backfill
2011-03,ETRX-CN-95,0.009771,0.046841,0.7914,1283925133,12545281,267827331,2026-08-24,backfill
2011-03,ETRX-EU,0.011652,0.029069,0.59915,31495982882,367002997,12625167914,2026-09-03,backfill
2011-03,ETRX-EU-87,0.023014,0.024946,0.077436,3828669841,88114674,3532193860,2026-08-24,backfill
2011-03,ETRX-IN,0.027898,0.077195,0.638603,3118439210,86998373,1126993456,2026-09-03,backfill
2011-03,ETRX-JP,0.017423,0.029555,0.410492,11462166993,199701734,6757040301,2026-09-03,backfill
2011-03,ETRX-KR,0.014942,0.029922,0.500628,4604758287,68805581,2299485633,2026-09-03,backfill
2011-03,ETRX-MX,0.000902,0.028811,0.968704,22639946652,20413234,708532149,2026-09-03,backfill
2011-03,ETRX-MX-87,0.000933,0.025308,0.963152,3870042730,3608995,142603574,2026-08-24,backfill
2011-03,ETRX-PHARMA,1e-06,0.049968,0.999983,5716897867,4950,99064,2026-08-24,backfill
2011-03,ETRX-STEEL,0.005011,0.041427,0.879037,4921458772,24662401,595315258,2026-08-24,backfill
2011-03,ETRX-TW,0.015371,0.048377,0.682273,2950347121,45348433,937404453,2026-09-03,backfill
2011-03,ETRX-US,0.011587,0.038415,0.698389,178692075927,2070420466,53895498315,2026-08-24,backfill
2011-03,ETRX-US-INCL,0.01129,0.03755,0.699328,183897420977,2076266817,55292818603,2026-08-24,backfill
2011-03,ETRX-VN,0.093718,0.139078,0.326152,1078262887,101052368,726585654,2026-09-03,backfill
2011-04,ETRX-APPAREL,0.126123,0.161703,0.220035,5668604972,714939460,4421311122,2026-08-24,backfill
2011-04,ETRX-CA,0.00035,0.005022,0.930375,25315896391,8852198,1762631834,2026-09-03,backfill
2011-04,ETRX-CA-44,0.000125,0.073721,0.998306,481264878,60097,815200,2026-08-24,backfill
2011-04,ETRX-CA-76,9.2e-05,0.03373,0.997271,658117798,60570,1795750,2026-08-24,backfill
2011-04,ETRX-CA-87,0.000239,0.025338,0.990557,4170288803,997826,39381031,2026-08-24,backfill
2011-04,ETRX-CN,0.030216,0.070791,0.573164,29216951537,882828059,12470836589,2026-09-03,backfill
2011-04,ETRX-CN-84,0.003853,0.033274,0.884199,7397083187,28502211,856590022,2026-08-24,backfill
2011-04,ETRX-CN-85,0.01034,0.034084,0.696637,7157961007,74012888,2171461459,2026-08-24,backfill
2011-04,ETRX-CN-95,0.010839,0.046962,0.769202,1335327466,14473307,308190507,2026-08-24,backfill
2011-04,ETRX-EU,0.011481,0.028689,0.599798,28880717063,331589355,11558128508,2026-09-03,backfill
2011-04,ETRX-EU-87,0.023006,0.025126,0.084369,3122138531,71827965,2858727985,2026-08-24,backfill
2011-04,ETRX-IN,0.023962,0.053031,0.548146,3205051127,76800204,1448214191,2026-09-03,backfill
2011-04,ETRX-JP,0.015523,0.032753,0.52606,8587178668,133297684,4069806560,2026-09-03,backfill
2011-04,ETRX-KR,0.012958,0.030432,0.574187,4877253102,63201445,2076799237,2026-09-03,backfill
2011-04,ETRX-MX,0.000898,0.030315,0.970367,20543235858,18454429,608763958,2026-09-03,backfill
2011-04,ETRX-MX-87,0.000886,0.025038,0.96461,3591060458,3182075,127088956,2026-08-24,backfill
2011-04,ETRX-PHARMA,0.0,0.049962,0.999996,5665756701,1110,22217,2026-08-24,backfill
2011-04,ETRX-STEEL,0.005336,0.040348,0.867751,5159389815,27530287,682324429,2026-08-24,backfill
2011-04,ETRX-TW,0.014222,0.048988,0.709678,3461408187,49229139,1004923022,2026-09-03,backfill
2011-04,ETRX-US,0.012313,0.039826,0.690834,172637660576,2125658234,53373715159,2026-08-24,backfill
2011-04,ETRX-US-INCL,0.012004,0.039116,0.693111,177659680958,2132664090,54521738172,2026-08-24,backfill
2011-04,ETRX-VN,0.090313,0.13536,0.332793,1318992506,119122512,880040649,2026-09-03,backfill
2011-05,ETRX-APPAREL,0.126757,0.161336,0.214329,6152723127,779899588,4834013542,2026-08-24,backfill
2011-05,ETRX-CA,0.000339,0.004332,0.921833,26312195353,8909391,2056739908,2026-09-03,backfill
2011-05,ETRX-CA-44,0.000107,0.072315,0.998522,449254332,48025,664109,2026-08-24,backfill
2011-05,ETRX-CA-76,8.2e-05,0.033495,0.997549,746111459,61265,1829088,2026-08-24,backfill
2011-05,ETRX-CA-87,0.000213,0.025548,0.991672,4087787930,869734,34042868,2026-08-24,backfill
2011-05,ETRX-CN,0.031441,0.072724,0.567667,32366848101,1017647155,13993243047,2026-09-03,backfill
2011-05,ETRX-CN-84,0.003788,0.032878,0.884785,8142063035,30842191,938085437,2026-08-24,backfill
2011-05,ETRX-CN-85,0.010596,0.033984,0.688212,7605797886,80590429,2371395110,2026-08-24,backfill
2011-05,ETRX-CN-95,0.009913,0.046861,0.788467,1415868087,14035124,299503163,2026-08-24,backfill
2011-05,ETRX-EU,0.011543,0.027848,0.585493,29745829767,343366926,12329841181,2026-09-03,backfill
2011-05,ETRX-EU-87,0.022856,0.025143,0.090967,2867029864,65528706,2606225471,2026-08-24,backfill
2011-05,ETRX-IN,0.023536,0.055277,0.574213,3388025148,79741485,1442578504,2026-09-03,backfill
2011-05,ETRX-JP,0.015762,0.032173,0.510098,8074355928,127266055,3955642731,2026-09-03,backfill
2011-05,ETRX-KR,0.014367,0.030124,0.523064,4858570544,69804926,2317225835,2026-09-03,backfill
2011-05,ETRX-MX,0.000951,0.033264,0.971396,21704415622,20651147,620832960,2026-09-03,backfill
2011-05,ETRX-MX-87,0.000879,0.025001,0.96485,3711528151,3261613,130460383,2026-08-24,backfill
2011-05,ETRX-PHARMA,1e-06,0.049004,0.999974,5311517307,6850,139785,2026-08-24,backfill
2011-05,ETRX-STEEL,0.005126,0.039762,0.871079,5739125021,29419921,739895037,2026-08-24,backfill
2011-05,ETRX-TW,0.015415,0.04736,0.674518,3629296574,55945144,1181269636,2026-09-03,backfill
2011-05,ETRX-US,0.012653,0.040055,0.684106,181388855653,2295130721,57299586526,2026-08-24,backfill
2011-05,ETRX-US-INCL,0.012354,0.039425,0.686655,186309005117,2301569814,58379022554,2026-08-24,backfill
2011-05,ETRX-VN,0.09101,0.1421,0.359537,1405606772,127923919,900239738,2026-09-03,backfill
2011-06,ETRX-APPAREL,0.126982,0.161742,0.214911,6785566095,861644514,5327274066,2026-08-24,backfill
2011-06,ETRX-CA,0.000347,0.003901,0.911057,25890943312,8983553,2302825300,2026-09-03,backfill
2011-06,ETRX-CA-44,7.9e-05,0.072534,0.99891,435275932,34419,474521,2026-08-24,backfill
2011-06,ETRX-CA-76,0.000138,0.034423,0.995999,686752318,94576,2747465,2026-08-24,backfill
2011-06,ETRX-CA-87,0.000237,0.025574,0.990739,4078692154,966029,37773501,2026-08-24,backfill
2011-06,ETRX-CN,0.03287,0.076482,0.570222,33830950144,1112030416,14539787189,2026-09-03,backfill
2011-06,ETRX-CN-84,0.003086,0.032429,0.904842,8849561184,27308309,842104860,2026-08-24,backfill
2011-06,ETRX-CN-85,0.010194,0.03372,0.697671,7772091164,79231916,2349727528,2026-08-24,backfill
2011-06,ETRX-CN-95,0.008117,0.046042,0.823701,1272573850,10329739,224353715,2026-08-24,backfill
2011-06,ETRX-EU,0.012063,0.029275,0.587932,29790586065,359368788,12275761624,2026-09-03,backfill
2011-06,ETRX-EU-87,0.022638,0.025276,0.104399,3278053114,74207167,2935827136,2026-08-24,backfill
2011-06,ETRX-IN,0.022798,0.048624,0.531127,3255005989,74208791,1526183076,2026-09-03,backfill
2011-06,ETRX-JP,0.016181,0.031284,0.482765,9168995337,148364369,4742523207,2026-09-03,backfill
2011-06,ETRX-KR,0.013703,0.029891,0.541579,5087244842,69709866,2332098467,2026-09-03,backfill
2011-06,ETRX-MX,0.00091,0.031735,0.97131,22141274709,20159381,635241115,2026-09-03,backfill
2011-06,ETRX-MX-87,0.000775,0.02507,0.96908,3890882789,3016059,120304941,2026-08-24,backfill
2011-06,ETRX-PHARMA,0.0,0.044836,0.999991,5684953713,2298,51253,2026-08-24,backfill
2011-06,ETRX-STEEL,0.005133,0.040613,0.873605,5563417911,28558526,703186955,2026-08-24,backfill
2011-06,ETRX-TW,0.014492,0.047529,0.69509,3645968378,52837111,1111690440,2026-09-03,backfill
2011-06,ETRX-US,0.013107,0.041752,0.686087,184743860817,2421360276,57993564499,2026-08-24,backfill
2011-06,ETRX-US-INCL,0.012759,0.040898,0.688037,190218774282,2426915709,59341262562,2026-08-24,backfill
2011-06,ETRX-VN,0.089545,0.138831,0.355009,1480063055,132531779,954628056,2026-09-03,backfill
2011-07,ETRX-APPAREL,0.131292,0.162752,0.193298,7755238770,1018200395,6256164200,2026-08-24,backfill
2011-07,ETRX-CA,0.000355,0.003967,0.910552,24285245782,8617534,2172276507,2026-09-03,backfill
2011-07,ETRX-CA-44,9.8e-05,0.047009,0.997921,431207643,42143,896484,2026-08-24,backfill
2011-07,ETRX-CA-76,8.1e-05,0.035955,0.997747,714332265,57874,1609612,2026-08-24,backfill
2011-07,ETRX-CA-87,0.000266,0.025346,0.989516,2897098646,769853,30373557,2026-08-24,backfill
2011-07,ETRX-CN,0.035434,0.080426,0.559422,34708758037,1229865617,15291926447,2026-09-03,backfill
2011-07,ETRX-CN-84,0.003095,0.032458,0.904653,8463471925,26192766,806966893,2026-08-24,backfill
2011-07,ETRX-CN-85,0.010477,0.033841,0.690396,7822346410,81957346,2421827937,2026-08-24,backfill
2011-07,ETRX-CN-95,0.00434,0.045506,0.904626,1939662448,8418285,184992685,2026-08-24,backfill
2011-07,ETRX-EU,0.012588,0.031082,0.595014,28300999944,356244565,11461514044,2026-09-03,backfill
2011-07,ETRX-EU-87,0.022756,0.025298,0.100462,2859850000,65078920,2572542403,2026-08-24,backfill
2011-07,ETRX-IN,0.024984,0.064197,0.610822,3077702682,76893758,1197773646,2026-09-03,backfill
2011-07,ETRX-JP,0.017269,0.029891,0.422276,10516630326,181611000,6075713297,2026-09-03,backfill
2011-07,ETRX-KR,0.015012,0.03102,0.516051,4848960064,72793415,2346649552,2026-09-03,backfill
2011-07,ETRX-MX,0.000898,0.03317,0.972919,21102416640,18955707,571469543,2026-09-03,backfill
2011-07,ETRX-MX-87,0.000684,0.025087,0.972727,3672753636,2512854,100167475,2026-08-24,backfill
2011-07,ETRX-PHARMA,1e-06,0.048609,0.99998,4996771002,4891,100619,2026-08-24,backfill
2011-07,ETRX-STEEL,0.005302,0.040418,0.868812,5341943096,28325127,700797262,2026-08-24,backfill
2011-07,ETRX-TW,0.014807,0.047582,0.6888,3672764723,54384455,1142965873,2026-09-03,backfill
2011-07,ETRX-US,0.014456,0.044622,0.67603,181909031319,2629733468,58933141638,2026-08-24,backfill
2011-07,ETRX-US-INCL,0.014089,0.043802,0.678345,186700213572,2630473614,60053143881,2026-08-24,backfill
2011-07,ETRX-VN,0.088845,0.138759,0.359718,1605241890,142617332,1027807650,2026-09-03,backfill
2011-08,ETRX-APPAREL,0.132457,0.163553,0.190125,8287727329,1097767675,6712019784,2026-08-24,backfill
2011-08,ETRX-CA,0.000369,0.004096,0.909883,26308156108,9712026,2370815978,2026-09-03,backfill
2011-08,ETRX-CA-44,0.000153,0.052103,0.997059,444856705,68168,1308331,2026-08-24,backfill
2011-08,ETRX-CA-76,7.8e-05,0.033825,0.997699,692114655,53858,1592251,2026-08-24,backfill
2011-08,ETRX-CA-87,0.000263,0.025402,0.989629,4096488362,1079169,42484085,2026-08-24,backfill
2011-08,ETRX-CN,0.036266,0.080374,0.548784,36850222277,1336405521,16627425679,2026-09-03,backfill
2011-08,ETRX-CN-84,0.003318,0.032499,0.897908,8304881543,27554402,847859794,2026-08-24,backfill
2011-08,ETRX-CN-85,0.011046,0.033881,0.673988,8208077069,90662913,2675930675,2026-08-24,backfill
2011-08,ETRX-CN-95,0.003528,0.044583,0.920867,2582555133,9111176,204364725,2026-08-24,backfill
2011-08,ETRX-EU,0.012418,0.031138,0.601207,29301831149,363857723,11685362275,2026-09-03,backfill
2011-08,ETRX-EU-87,0.022937,0.025609,0.104348,2972650724,68182565,2662461115,2026-08-24,backfill
2011-08,ETRX-IN,0.023519,0.06963,0.662236,3299918820,77609738,1114594158,2026-09-03,backfill
2011-08,ETRX-JP,0.017341,0.030181,0.425443,11307629546,196083963,6496881437,2026-09-03,backfill
2011-08,ETRX-KR,0.015802,0.032403,0.512351,4415308917,69768584,2153120343,2026-09-03,backfill
2011-08,ETRX-MX,0.000918,0.032359,0.97164,22543094117,20687970,639323488,2026-09-03,backfill
2011-08,ETRX-MX-87,0.000884,0.02504,0.964702,3918238194,3463190,138305997,2026-08-24,backfill
2011-08,ETRX-PHARMA,0.0,0.046655,0.999998,6014493115,569,12196,2026-08-24,backfill
2011-08,ETRX-STEEL,0.005802,0.039547,0.853291,5442715881,31578451,798497724,2026-08-24,backfill
2011-08,ETRX-TW,0.016699,0.049232,0.660813,3495867281,58376447,1185753543,2026-09-03,backfill
2011-08,ETRX-US,0.014923,0.046324,0.677857,187829865292,2802958003,60508090659,2026-08-24,backfill
2011-08,ETRX-US-INCL,0.014605,0.045589,0.679646,193221246945,2821949717,61899277932,2026-08-24,backfill
2011-08,ETRX-VN,0.089246,0.137799,0.352349,1710091708,152618525,1107543119,2026-09-03,backfill
2011-09,ETRX-APPAREL,0.131956,0.16221,0.186514,7827019481,1032820284,6367169367,2026-08-24,backfill
2011-09,ETRX-CA,0.000469,0.005881,0.920215,26354852761,12366554,2102719843,2026-09-03,backfill
2011-09,ETRX-CA-44,0.000129,0.055027,0.997656,451101622,58174,1057187,2026-08-24,backfill
2011-09,ETRX-CA-76,8.6e-05,0.034905,0.997537,747560635,64273,1841392,2026-08-24,backfill
2011-09,ETRX-CA-87,0.000761,0.025074,0.96967,4459196393,3391237,135249378,2026-08-24,backfill
2011-09,ETRX-CN,0.036003,0.079687,0.548198,36140739432,1301172925,16328467859,2026-09-03,backfill
2011-09,ETRX-CN-84,0.003271,0.0323,0.898717,7812564796,25558095,791279310,2026-08-24,backfill
2011-09,ETRX-CN-85,0.011958,0.034684,0.655244,8642689862,103345069,2979621514,2026-08-24,backfill
2011-09,ETRX-CN-95,0.003511,0.044282,0.920707,2726549442,9573490,216195892,2026-08-24,backfill
2011-09,ETRX-EU,0.011973,0.031146,0.615591,27479972535,329013306,10563546100,2026-09-03,backfill
2011-09,ETRX-EU-87,0.02316,0.025238,0.082323,2996064250,69390325,2749420431,2026-08-24,backfill
2011-09,ETRX-IN,0.024519,0.080441,0.695188,3044595312,74651460,928027999,2026-09-03,backfill
2011-09,ETRX-JP,0.017285,0.029879,0.42152,10716291690,185226837,6199158471,2026-09-03,backfill
2011-09,ETRX-KR,0.015013,0.030357,0.505439,4812732919,72255874,2380188529,2026-09-03,backfill
2011-09,ETRX-MX,0.000882,0.031444,0.971947,22178054414,19563526,622170644,2026-09-03,backfill
2011-09,ETRX-MX-87,0.000857,0.025137,0.96589,4064722126,3485167,138648163,2026-08-24,backfill
2011-09,ETRX-PHARMA,2e-06,0.048945,0.999951,5117638771,12225,249769,2026-08-24,backfill
2011-09,ETRX-STEEL,0.005942,0.04185,0.858015,5062677886,30082781,718824366,2026-08-24,backfill
2011-09,ETRX-TW,0.015963,0.048339,0.669775,3298772129,52657548,1089336821,2026-09-03,backfill
2011-09,ETRX-US,0.01447,0.04542,0.681425,184554189161,2670417703,58794368518,2026-08-24,backfill
2011-09,ETRX-US-INCL,0.014124,0.044691,0.683961,189491105936,2676368388,59886646435,2026-08-24,backfill
2011-09,ETRX-VN,0.092448,0.14091,0.343921,1589795393,146973397,1043031278,2026-09-03,backfill
2011-10,ETRX-APPAREL,0.132439,0.164831,0.196516,7373659326,976562905,5924619747,2026-08-24,backfill
2011-10,ETRX-CA,0.000414,0.00566,0.926909,25837763352,10688420,1888511830,2026-09-03,backfill
2011-10,ETRX-CA-44,8.3e-05,0.059058,0.998591,462184698,38471,651412,2026-08-24,backfill
2011-10,ETRX-CA-76,0.000101,0.035785,0.997164,605430994,61440,1716910,2026-08-24,backfill
2011-10,ETRX-CA-87,0.000529,0.025114,0.978927,4608975210,2439236,97124618,2026-08-24,backfill
2011-10,ETRX-CN,0.032756,0.078566,0.583079,37300795074,1221816167,15551478636,2026-09-03,backfill
2011-10,ETRX-CN-84,0.002982,0.032423,0.908038,8447888899,25188742,776882709,2026-08-24,backfill
2011-10,ETRX-CN-85,0.0106,0.034931,0.696559,10072192781,106760692,3056317598,2026-08-24,backfill
2011-10,ETRX-CN-95,0.003637,0.044399,0.918082,3015150768,10966399,246994705,2026-08-24,backfill
2011-10,ETRX-EU,0.012216,0.031425,0.611284,29605650753,361648174,11508195073,2026-09-03,backfill
2011-10,ETRX-EU-87,0.023002,0.025193,0.086955,3419082811,78646558,3121777902,2026-08-24,backfill
2011-10,ETRX-IN,0.023577,0.07369,0.680054,3251279049,76655300,1040234697,2026-09-03,backfill
2011-10,ETRX-JP,0.017163,0.030293,0.433437,11963434627,205329148,6778037957,2026-09-03,backfill
2011-10,ETRX-KR,0.014893,0.031803,0.531703,4739846373,70592434,2219656930,2026-09-03,backfill
2011-10,ETRX-MX,0.000954,0.031584,0.969808,22055430955,21031671,665887940,2026-09-03,backfill
2011-10,ETRX-MX-87,0.000943,0.025135,0.962493,4185579728,3945942,156989527,2026-08-24,backfill
2011-10,ETRX-PHARMA,1e-06,0.049325,0.999985,5538332382,4061,82331,2026-08-24,backfill
2011-10,ETRX-STEEL,0.005947,0.0414,0.856364,4951273786,29442773,711180116,2026-08-24,backfill
2011-10,ETRX-TW,0.015704,0.048208,0.674235,3459536334,54329740,1126995388,2026-09-03,backfill
2011-10,ETRX-US,0.014257,0.045452,0.686336,185554131212,2645408980,58201634435,2026-08-24,backfill
2011-10,ETRX-US-INCL,0.013914,0.044741,0.689009,190671935291,2653031904,59297283275,2026-08-24,backfill
2011-10,ETRX-VN,0.092141,0.137384,0.329322,1627808008,149987339,1091735070,2026-09-03,backfill
2011-11,ETRX-APPAREL,0.128864,0.163813,0.213347,5970206350,769342229,4696479553,2026-08-24,backfill
2011-11,ETRX-CA,0.000402,0.005003,0.919552,25182315046,10135673,2025869346,2026-09-03,backfill
2011-11,ETRX-CA-44,8.1e-05,0.060495,0.998661,412963997,33461,553117,2026-08-24,backfill
2011-11,ETRX-CA-76,0.000135,0.033324,0.995935,566606405,76745,2303021,2026-08-24,backfill
2011-11,ETRX-CA-87,0.000419,0.025226,0.983406,4636825573,1941040,76945302,2026-08-24,backfill
2011-11,ETRX-CN,0.028443,0.073278,0.611849,36420182754,1035898364,14136525467,2026-09-03,backfill
2011-11,ETRX-CN-84,0.002826,0.03297,0.914299,8938860826,25257443,766067022,2026-08-24,backfill
2011-11,ETRX-CN-85,0.01018,0.03477,0.707223,10279495330,104644663,3009601691,2026-08-24,backfill
2011-11,ETRX-CN-95,0.004806,0.04537,0.894078,2668941723,12826020,282699236,2026-08-24,backfill
2011-11,ETRX-EU,0.012334,0.031371,0.60682,29583058358,364886519,11631478903,2026-09-03,backfill
2011-11,ETRX-EU-87,0.022953,0.025185,0.088639,3679317397,84450722,3353186746,2026-08-24,backfill
2011-11,ETRX-IN,0.025381,0.073833,0.656235,2685871157,68170263,923307177,2026-09-03,backfill
2011-11,ETRX-JP,0.017712,0.029633,0.402268,11487929417,203478515,6866699453,2026-09-03,backfill
2011-11,ETRX-KR,0.01491,0.031135,0.521111,4579458367,68279542,2193050617,2026-09-03,backfill
2011-11,ETRX-MX,0.000897,0.031246,0.971298,22505887333,20184284,645972264,2026-09-03,backfill
2011-11,ETRX-MX-87,0.001046,0.025258,0.958605,3944174007,4123823,163269144,2026-08-24,backfill
2011-11,ETRX-PHARMA,1e-06,0.049164,0.999978,5616182089,5952,121064,2026-08-24,backfill
2011-11,ETRX-STEEL,0.005843,0.041474,0.85912,4826694279,28201562,679985365,2026-08-24,backfill
2011-11,ETRX-TW,0.016232,0.046833,0.653413,3188082758,51748465,1104947781,2026-09-03,backfill
2011-11,ETRX-US,0.01291,0.041948,0.692235,183059583191,2363308275,56339267643,2026-08-24,backfill
2011-11,ETRX-US-INCL,0.012556,0.04101,0.693821,188571452950,2367773626,57736631973,2026-08-24,backfill
2011-11,ETRX-VN,0.081623,0.134733,0.394191,1459743818,119147972,884325704,2026-09-03,backfill
2011-12,ETRX-APPAREL,0.129741,0.16528,0.215023,5317273672,689867112,4173935106,2026-08-24,backfill
2011-12,ETRX-CA,0.000391,0.004549,0.913997,25808727270,10097720,2219620756,2026-09-03,backfill
2011-12,ETRX-CA-44,8.5e-05,0.05492,0.998453,403292584,34272,624035,2026-08-24,backfill
2011-12,ETRX-CA-76,9.8e-05,0.036608,0.997329,577162038,56440,1541752,2026-08-24,backfill
2011-12,ETRX-CA-87,0.000498,0.025644,0.980599,4479269362,2228581,86904302,2026-08-24,backfill
2011-12,ETRX-CN,0.028721,0.071901,0.600542,32475368036,932736483,12972560639,2026-09-03,backfill
2011-12,ETRX-CN-84,0.003331,0.033052,0.899228,7940600580,26447744,800193658,2026-08-24,backfill
2011-12,ETRX-CN-85,0.009387,0.034182,0.725395,9145313356,85843944,2511346173,2026-08-24,backfill
2011-12,ETRX-CN-95,0.009065,0.046473,0.804946,1440589499,13058551,280993378,2026-08-24,backfill
2011-12,ETRX-EU,0.012071,0.030215,0.600494,30254071314,365204040,12086691045,2026-09-03,backfill
2011-12,ETRX-EU-87,0.022521,0.02509,0.102379,3875832132,87288314,3479028798,2026-08-24,backfill
2011-12,ETRX-IN,0.022171,0.083569,0.734701,2581317576,57229924,684821660,2026-09-03,backfill
2011-12,ETRX-JP,0.017623,0.030008,0.412722,11639720634,205130761,6835755655,2026-09-03,backfill
2011-12,ETRX-KR,0.015393,0.030351,0.492837,4420064897,68037987,2241692195,2026-09-03,backfill
2011-12,ETRX-MX,0.0009,0.031219,0.971161,21014750855,18920317,606042725,2026-09-03,backfill
2011-12,ETRX-MX-87,0.000913,0.024915,0.963342,4009122433,3661649,146965777,2026-08-24,backfill
2011-12,ETRX-PHARMA,2e-06,0.049592,0.999954,5847640423,13251,267203,2026-08-24,backfill
2011-12,ETRX-STEEL,0.006244,0.041837,0.850748,4675092271,29192182,697766964,2026-08-24,backfill
2011-12,ETRX-TW,0.016364,0.047041,0.652136,2991100559,48945732,1040494785,2026-09-03,backfill
2011-12,ETRX-US,0.012431,0.040203,0.690791,177728984819,2209379132,54955359866,2026-08-24,backfill
2011-12,ETRX-US-INCL,0.012086,0.039493,0.693977,182877955751,2210221942,55964895297,2026-08-24,backfill
2011-12,ETRX-VN,0.084009,0.137282,0.388052,1400126370,117623585,856805075,2026-09-03,backfill
2012-01,ETRX-APPAREL,0.137063,0.165518,0.171915,6774802303,928575961,5610109475,2026-08-24,backfill
2012-01,ETRX-CA,0.000447,0.004908,0.908856,25779305566,11532450,2349623872,2026-09-03,backfill
2012-01,ETRX-CA-44,0.000106,0.072492,0.998543,398112577,42061,580214,2026-08-24,backfill
2012-01,ETRX-CA-76,0.00012,0.035156,0.996593,596840775,71484,2033355,2026-08-24,backfill
2012-01,ETRX-CA-87,0.000536,0.025335,0.978862,4360790728,2335269,92177343,2026-08-24,backfill
2012-01,ETRX-CN,0.033987,0.075486,0.549752,33923407310,1152971297,15273948864,2026-09-03,backfill
2012-01,ETRX-CN-84,0.004237,0.03235,0.869043,7392590295,31318806,968112888,2026-08-24,backfill
2012-01,ETRX-CN-85,0.010387,0.033968,0.694208,8055836819,83677141,2463406911,2026-08-24,backfill
2012-01,ETRX-CN-95,0.008735,0.046971,0.814043,1770292760,15462839,329198626,2026-08-24,backfill
2012-01,ETRX-EU,0.011796,0.029826,0.6045,27312254879,322175996,10801984559,2026-09-03,backfill
2012-01,ETRX-EU-87,0.021929,0.025174,0.128885,2668567196,58519288,2324628086,2026-08-24,backfill
2012-01,ETRX-IN,0.025871,0.077432,0.665893,3063103537,79244308,1023405214,2026-09-03,backfill
2012-01,ETRX-JP,0.017817,0.030004,0.406158,10968755739,195434951,6513707623,2026-09-03,backfill
2012-01,ETRX-KR,0.016127,0.032754,0.507619,4473666826,72148233,2202748038,2026-09-03,backfill
2012-01,ETRX-MX,0.001245,0.029136,0.957285,20515510236,25532697,876325422,2026-09-03,backfill
2012-01,ETRX-MX-87,0.001933,0.02497,0.92257,3410754297,6594349,264093326,2026-08-24,backfill
2012-01,ETRX-PHARMA,3e-06,0.049621,0.999932,5114942678,17296,348561,2026-08-24,backfill
2012-01,ETRX-STEEL,0.005704,0.041787,0.863505,5647480605,32211390,770854111,2026-08-24,backfill
2012-01,ETRX-TW,0.019749,0.048693,0.594408,2970410609,58663626,1204773375,2026-09-03,backfill
2012-01,ETRX-US,0.014562,0.044959,0.676101,174213770489,2536941352,56427730343,2026-08-24,backfill
2012-01,ETRX-US-INCL,0.014187,0.044321,0.679904,179524428319,2546900277,57465041655,2026-08-24,backfill
2012-01,ETRX-VN,0.089428,0.138304,0.353395,1759282312,157328940,1137560622,2026-09-03,backfill
2012-02,ETRX-APPAREL,0.127869,0.163472,0.217795,5790805164,740463611,4529594385,2026-08-24,backfill
2012-02,ETRX-CA,0.0004,0.004067,0.901578,25714237989,10293478,2530851801,2026-09-03,backfill
2012-02,ETRX-CA-44,7.6e-05,0.072177,0.998952,456959279,34581,479117,2026-08-24,backfill
2012-02,ETRX-CA-76,9e-05,0.036414,0.997534,742527452,66681,1831170,2026-08-24,backfill
2012-02,ETRX-CA-87,0.000333,0.025306,0.986833,4720390052,1572782,62151644,2026-08-24,backfill
2012-02,ETRX-CN,0.030508,0.073284,0.583696,27906626413,851383468,11617639365,2026-09-03,backfill
2012-02,ETRX-CN-84,0.004002,0.033482,0.880462,6715081906,26876396,802710763,2026-08-24,backfill
2012-02,ETRX-CN-85,0.008194,0.032998,0.751687,7210620133,59083160,1790493480,2026-08-24,backfill
2012-02,ETRX-CN-95,0.010513,0.04709,0.776735,1247836935,13119094,278598036,2026-08-24,backfill
2012-02,ETRX-EU,0.012462,0.03093,0.597077,26808968149,334101851,10801943873,2026-09-03,backfill
2012-02,ETRX-EU-87,0.022441,0.025082,0.105292,3136328113,70382353,2806096656,2026-08-24,backfill
2012-02,ETRX-IN,0.026108,0.069517,0.624445,2872116607,74984221,1078639101,2026-09-03,backfill
2012-02,ETRX-JP,0.01792,0.029537,0.393292,11990820161,214877954,7274924917,2026-09-03,backfill
2012-02,ETRX-KR,0.015851,0.03024,0.475829,4334409095,68705132,2271972489,2026-09-03,backfill
2012-02,ETRX-MX,0.001159,0.029861,0.96118,21841010218,25318250,847866330,2026-09-03,backfill
2012-02,ETRX-MX-87,0.001569,0.024984,0.937217,4248055748,6663535,266707389,2026-08-24,backfill
2012-02,ETRX-PHARMA,4e-06,0.049517,0.999923,4999978420,19124,386209,2026-08-24,backfill
2012-02,ETRX-STEEL,0.005198,0.041093,0.873497,5325698449,27684996,673715137,2026-08-24,backfill
2012-02,ETRX-TW,0.017901,0.047136,0.620231,2571684995,46035423,976645591,2026-09-03,backfill
2012-02,ETRX-US,0.013013,0.041144,0.683727,166485113838,2166436160,52654721342,2026-08-24,backfill
2012-02,ETRX-US-INCL,0.012619,0.040186,0.685999,171693688424,2166530131,53911999113,2026-08-24,backfill
2012-02,ETRX-VN,0.093177,0.14191,0.34341,1335380500,124426224,876797123,2026-09-03,backfill
2012-03,ETRX-APPAREL,0.124379,0.165115,0.246714,5521241310,686725077,4159076204,2026-08-24,backfill
2012-03,ETRX-CA,0.000404,0.004584,0.911962,28020085409,11307300,2466825390,2026-09-03,backfill
2012-03,ETRX-CA-44,0.000103,0.062766,0.99836,515069903,53027,844831,2026-08-24,backfill
2012-03,ETRX-CA-76,0.000116,0.035385,0.996733,639303061,73913,2088842,2026-08-24,backfill
2012-03,ETRX-CA-87,0.000327,0.025367,0.987111,4853006452,1586741,62552078,2026-08-24,backfill
2012-03,ETRX-CN,0.025951,0.068112,0.618998,31283870332,811839107,11919220984,2026-09-03,backfill
2012-03,ETRX-CN-84,0.003264,0.033032,0.901176,9073850845,29620001,896717961,2026-08-24,backfill
2012-03,ETRX-CN-85,0.009002,0.033312,0.729762,8454567536,76109607,2284744867,2026-08-24,backfill
2012-03,ETRX-CN-95,0.012921,0.047237,0.726471,1117544517,14439470,305680603,2026-08-24,backfill
2012-03,ETRX-EU,0.012304,0.029397,0.581435,32284646781,397246303,13513237523,2026-09-03,backfill
2012-03,ETRX-EU-87,0.022699,0.025113,0.096127,4082014129,92657246,3689620556,2026-08-24,backfill
2012-03,ETRX-IN,0.023752,0.068047,0.650944,3345031428,79451339,1167603327,2026-09-03,backfill
2012-03,ETRX-JP,0.017852,0.029741,0.399763,12707512078,226850342,7627521121,2026-09-03,backfill
2012-03,ETRX-KR,0.016041,0.030393,0.472224,4692779543,75276033,2476734734,2026-09-03,backfill
2012-03,ETRX-MX,0.000978,0.029483,0.966838,23970399419,23436839,794917537,2026-09-03,backfill
2012-03,ETRX-MX-87,0.000995,0.024837,0.95993,4675569993,4653177,187351790,2026-08-24,backfill
2012-03,ETRX-PHARMA,2e-06,0.047849,0.999962,5622446192,10327,215824,2026-08-24,backfill
2012-03,ETRX-STEEL,0.004854,0.042222,0.885037,6079787822,29511290,698948490,2026-08-24,backfill
2012-03,ETRX-TW,0.017291,0.046462,0.627847,3002627200,51917890,1117437273,2026-09-03,backfill
2012-03,ETRX-US,0.011903,0.038018,0.686908,188142513010,2239499206,58905926039,2026-08-24,backfill
2012-03,ETRX-US-INCL,0.011553,0.037301,0.690278,194059538800,2241972560,60104487558,2026-08-24,backfill
2012-03,ETRX-VN,0.090603,0.141705,0.36062,1348236714,122154935,862035996,2026-09-03,backfill
2012-04,ETRX-APPAREL,0.130359,0.165155,0.21069,5695121933,742409434,4495214791,2026-08-24,backfill
2012-04,ETRX-CA,0.000425,0.004424,0.903881,26810037370,11400569,2576966534,2026-09-03,backfill
2012-04,ETRX-CA-44,6.3e-05,0.081258,0.999228,524870313,32940,405376,2026-08-24,backfill
2012-04,ETRX-CA-76,0.000131,0.036343,0.9964,601144800,78660,2164362,2026-08-24,backfill
2012-04,ETRX-CA-87,0.000365,0.026914,0.986424,4659005745,1702278,63248632,2026-08-24,backfill
2012-04,ETRX-CN,0.03079,0.069568,0.557411,32626998018,1004593523,14440350898,2026-09-03,backfill
2012-04,ETRX-CN-84,0.004381,0.032943,0.867004,8157695275,35741209,1084942021,2026-08-24,backfill
2012-04,ETRX-CN-85,0.011072,0.033705,0.671507,8018162730,88774963,2633910571,2026-08-24,backfill
2012-04,ETRX-CN-95,0.014008,0.047585,0.705629,1270842857,17801385,374099713,2026-08-24,backfill
2012-04,ETRX-EU,0.012453,0.030344,0.589616,28885720586,359705623,11854230257,2026-09-03,backfill
2012-04,ETRX-EU-87,0.022398,0.025091,0.107334,3556135823,79649422,3174441879,2026-08-24,backfill
2012-04,ETRX-IN,0.022691,0.065409,0.653091,3219913500,73063148,1117017007,2026-09-03,backfill
2012-04,ETRX-JP,0.017611,0.0303,0.41877,11663103261,205403210,6778948973,2026-09-03,backfill
2012-04,ETRX-KR,0.010531,0.0273,0.614258,5308874435,55906832,2047856067,2026-09-03,backfill
2012-04,ETRX-MX,0.000947,0.03087,0.969332,21583966577,20433750,661926368,2026-09-03,backfill
2012-04,ETRX-MX-87,0.000821,0.024885,0.966999,4417310581,3627631,145774216,2026-08-24,backfill
2012-04,ETRX-PHARMA,1e-06,0.049937,0.999985,4922684170,3635,72791,2026-08-24,backfill
2012-04,ETRX-STEEL,0.005457,0.040626,0.865671,6052707343,33031043,813053416,2026-08-24,backfill
2012-04,ETRX-TW,0.017783,0.047699,0.627189,3215344957,57177938,1198717210,2026-09-03,backfill
2012-04,ETRX-US,0.013038,0.040737,0.679948,179806338073,2344287725,57547369509,2026-08-24,backfill
2012-04,ETRX-US-INCL,0.012698,0.040142,0.683677,185397509450,2354152219,58645435373,2026-08-24,backfill
2012-04,ETRX-VN,0.087635,0.140695,0.377125,1584787254,138883552,987123863,2026-09-03,backfill
2012-05,ETRX-APPAREL,0.126296,0.164533,0.232396,5652383413,713874715,4338789374,2026-08-24,backfill
2012-05,ETRX-CA,0.000431,0.005017,0.914039,26631939129,11486401,2289318062,2026-09-03,backfill
2012-05,ETRX-CA-44,6.2e-05,0.072926,0.999147,556739705,34650,475138,2026-08-24,backfill
2012-05,ETRX-CA-76,0.000135,0.03618,0.996257,634157307,85874,2373540,2026-08-24,backfill
2012-05,ETRX-CA-87,0.000349,0.025308,0.986211,4789846269,1671581,66049268,2026-08-24,backfill
2012-05,ETRX-CN,0.03043,0.069604,0.562812,34249579175,1042211684,14973510590,2026-09-03,backfill
2012-05,ETRX-CN-84,0.004023,0.032211,0.875091,8712636338,35054931,1088288930,2026-08-24,backfill
2012-05,ETRX-CN-85,0.011119,0.033791,0.670948,8204197922,91222002,2699607497,2026-08-24,backfill
2012-05,ETRX-CN-95,0.012347,0.047458,0.739841,1356265139,16745138,352844746,2026-08-24,backfill
2012-05,ETRX-EU,0.012018,0.029986,0.599205,31484118077,378387673,12618692128,2026-09-03,backfill
2012-05,ETRX-EU-87,0.022548,0.025145,0.103259,3629278570,81833966,3254523719,2026-08-24,backfill
2012-05,ETRX-IN,0.021392,0.071444,0.700585,3518941427,75275436,1053622146,2026-09-03,backfill
2012-05,ETRX-JP,0.017429,0.030248,0.423788,11475884606,200016837,6612542642,2026-09-03,backfill
2012-05,ETRX-KR,0.010891,0.028583,0.618957,5257541286,57261205,2003347206,2026-09-03,backfill
2012-05,ETRX-MX,0.000982,0.032311,0.969596,24137742732,23713117,733891528,2026-09-03,backfill
2012-05,ETRX-MX-87,0.000973,0.024917,0.960964,4257581399,4141191,166200981,2026-08-24,backfill
2012-05,ETRX-PHARMA,2e-06,0.048378,0.999957,6030559542,12554,259496,2026-08-24,backfill
2012-05,ETRX-STEEL,0.00546,0.040786,0.866142,6327163335,34543595,846942039,2026-08-24,backfill
2012-05,ETRX-TW,0.017693,0.045751,0.613278,3226304879,57083022,1247684624,2026-09-03,backfill
2012-05,ETRX-US,0.012405,0.03962,0.686901,192013095188,2381929617,60119126645,2026-08-24,backfill
2012-05,ETRX-US-INCL,0.012059,0.03882,0.689357,197752044605,2384722356,61430285227,2026-08-24,backfill
2012-05,ETRX-VN,0.079249,0.130298,0.391785,1628499358,129057022,990477971,2026-09-03,backfill
2012-06,ETRX-APPAREL,0.129742,0.165223,0.214745,6368712687,826288598,5001063920,2026-08-24,backfill
2012-06,ETRX-CA,0.000426,0.004699,0.909408,26549600655,11302887,2405190395,2026-09-03,backfill
2012-06,ETRX-CA-44,5.8e-05,0.068981,0.999162,537232888,31038,449949,2026-08-24,backfill
2012-06,ETRX-CA-76,0.000216,0.039974,0.994588,561669041,121505,3039568,2026-08-24,backfill
2012-06,ETRX-CA-87,0.000295,0.025192,0.988284,5376785587,1586975,62995019,2026-08-24,backfill
2012-06,ETRX-CN,0.031985,0.074055,0.568096,35622258183,1139364813,15385381793,2026-09-03,backfill
2012-06,ETRX-CN-84,0.00357,0.03222,0.889187,9124773329,32578829,1011140251,2026-08-24,backfill
2012-06,ETRX-CN-85,0.01008,0.033268,0.696989,8658835588,87284948,2623718472,2026-08-24,backfill
2012-06,ETRX-CN-95,0.008396,0.0461,0.817874,1261544885,10591976,229759855,2026-08-24,backfill
2012-06,ETRX-EU,0.012746,0.030666,0.584367,29015287417,369824219,12059719190,2026-09-03,backfill
2012-06,ETRX-EU-87,0.02225,0.025201,0.117121,3266309620,72673934,2883756502,2026-08-24,backfill
2012-06,ETRX-IN,0.020102,0.064851,0.690033,3386638769,68076817,1049747624,2026-09-03,backfill
2012-06,ETRX-JP,0.018038,0.02965,0.391636,11482404816,207122444,6985481878,2026-09-03,backfill
2012-06,ETRX-KR,0.010894,0.028701,0.620438,4683848528,51025059,1777812835,2026-09-03,backfill
2012-06,ETRX-MX,0.001034,0.031731,0.967406,23159159805,23952421,754851003,2026-09-03,backfill
2012-06,ETRX-MX-87,0.000903,0.02502,0.963892,4678565408,4226722,168931366,2026-08-24,backfill
2012-06,ETRX-PHARMA,1e-06,0.043664,0.999975,5277605184,5734,131322,2026-08-24,backfill
2012-06,ETRX-STEEL,0.005482,0.041027,0.866375,5668723349,31076884,757482304,2026-08-24,backfill
2012-06,ETRX-TW,0.016104,0.047662,0.662124,3388584932,54568839,1144921999,2026-09-03,backfill
2012-06,ETRX-US,0.013506,0.041839,0.677195,185209904791,2501420884,59786732127,2026-08-24,backfill
2012-06,ETRX-US-INCL,0.013164,0.041145,0.680068,190941846449,2513496201,61088334623,2026-08-24,backfill
2012-06,ETRX-VN,0.083284,0.132456,0.371234,1747036191,145500016,1098476313,2026-09-03,backfill
2012-07,ETRX-APPAREL,0.133419,0.165103,0.191908,7835205716,1045362225,6331566631,2026-08-24,backfill
2012-07,ETRX-CA,0.000422,0.004854,0.913102,23952869699,10103086,2081460331,2026-09-03,backfill
2012-07,ETRX-CA-44,7.3e-05,0.05946,0.998779,581004095,42167,709164,2026-08-24,backfill
2012-07,ETRX-CA-76,0.000166,0.039725,0.995809,573310473,95455,2402897,2026-08-24,backfill
2012-07,ETRX-CA-87,0.000392,0.02557,0.984669,3379245241,1324769,51808846,2026-08-24,backfill
2012-07,ETRX-CN,0.03518,0.077563,0.546429,37171176419,1307700560,16859784315,2026-09-03,backfill
2012-07,ETRX-CN-84,0.003836,0.032412,0.881661,8379709825,32141157,991646512,2026-08-24,backfill
2012-07,ETRX-CN-85,0.010218,0.033144,0.691703,9058757677,92565456,2792787312,2026-08-24,backfill
2012-07,ETRX-CN-95,0.00545,0.045379,0.879892,1807520031,9851617,217097509,2026-08-24,backfill
2012-07,ETRX-EU,0.013082,0.031292,0.581951,31120850431,407113215,13010049444,2026-09-03,backfill
2012-07,ETRX-EU-87,0.022637,0.025164,0.100424,3719845307,84204281,3346285247,2026-08-24,backfill
2012-07,ETRX-IN,0.018016,0.062084,0.709818,3994523227,71964546,1159140057,2026-09-03,backfill
2012-07,ETRX-JP,0.017918,0.029726,0.397225,12080254839,216457103,7281671348,2026-09-03,backfill
2012-07,ETRX-KR,0.011263,0.029721,0.621043,5000305550,56317472,1894899486,2026-09-03,backfill
2012-07,ETRX-MX,0.001025,0.034046,0.969891,21787185351,22333740,655988067,2026-09-03,backfill
2012-07,ETRX-MX-87,0.000754,0.024855,0.969651,4688905043,3536947,142301497,2026-08-24,backfill
2012-07,ETRX-PHARMA,2e-06,0.046929,0.999959,5463277804,10386,221311,2026-08-24,backfill
2012-07,ETRX-STEEL,0.005925,0.041033,0.855609,5860718463,34723696,846237013,2026-08-24,backfill
2012-07,ETRX-TW,0.018071,0.048266,0.625605,3374659071,60981782,1263454985,2026-09-03,backfill
2012-07,ETRX-US,0.015409,0.047164,0.673287,183227627170,2823359561,59862899160,2026-08-24,backfill
2012-07,ETRX-US-INCL,0.015041,0.046461,0.676274,188684455479,2837929100,61082019351,2026-08-24,backfill
2012-07,ETRX-VN,0.091919,0.145881,0.369901,1922853978,176747588,1211587569,2026-09-03,backfill
2012-08,ETRX-APPAREL,0.132137,0.164841,0.198399,7655556195,1011580102,6136699698,2026-08-24,backfill
2012-08,ETRX-CA,0.000431,0.004897,0.912043,25766541199,11099356,2266350634,2026-09-03,backfill
2012-08,ETRX-CA-44,6.9e-05,0.060591,0.998856,568474769,39411,650446,2026-08-24,backfill
2012-08,ETRX-CA-76,0.000199,0.039141,0.994921,554288487,110200,2815489,2026-08-24,backfill
2012-08,ETRX-CA-87,0.000293,0.025204,0.988393,5222774167,1527948,60622369,2026-08-24,backfill
2012-08,ETRX-CN,0.035368,0.077544,0.543901,36497473731,1290836082,16646451902,2026-09-03,backfill
2012-08,ETRX-CN-84,0.003879,0.032286,0.879865,7707115787,29893229,925891788,2026-08-24,backfill
2012-08,ETRX-CN-85,0.010581,0.033621,0.685272,9146957207,96788154,2878802548,2026-08-24,backfill
2012-08,ETRX-CN-95,0.004355,0.045488,0.904259,2270847760,9889787,217413581,2026-08-24,backfill
2012-08,ETRX-EU,0.01286,0.029917,0.570148,30987236863,398491300,13319930288,2026-09-03,backfill
2012-08,ETRX-EU-87,0.023038,0.025149,0.083946,4017135163,92547573,3679913789,2026-08-24,backfill
2012-08,ETRX-IN,0.019317,0.054191,0.643534,3880877569,74968087,1383401194,2026-09-03,backfill
2012-08,ETRX-JP,0.017792,0.029751,0.401963,12302865013,218894651,7357565666,2026-09-03,backfill
2012-08,ETRX-KR,0.010876,0.028833,0.622788,4768072757,51858464,1798574136,2026-09-03,backfill
2012-08,ETRX-MX,0.001022,0.032809,0.968847,23483281481,24002884,731585987,2026-09-03,backfill
2012-08,ETRX-MX-87,0.000921,0.024544,0.962464,4648241900,4282449,174477924,2026-08-24,backfill
2012-08,ETRX-PHARMA,4e-06,0.048871,0.999909,5663772411,25240,516462,2026-08-24,backfill
2012-08,ETRX-STEEL,0.00579,0.04146,0.860351,5510853111,31906752,769584490,2026-08-24,backfill
2012-08,ETRX-TW,0.018239,0.04844,0.623465,3207268312,58498818,1207649259,2026-09-03,backfill
2012-08,ETRX-US,0.014632,0.04416,0.668665,188691391319,2760860180,62519999745,2026-08-24,backfill
2012-08,ETRX-US-INCL,0.01423,0.04323,0.670829,194241547298,2764046854,63938779850,2026-08-24,backfill
2012-08,ETRX-VN,0.088546,0.142106,0.3769,1758384376,155698573,1095649989,2026-09-03,backfill
2012-09,ETRX-APPAREL,0.13245,0.164021,0.192482,7342521423,972514322,5929214710,2026-08-24,backfill
2012-09,ETRX-CA,0.000426,0.005373,0.920756,25110140076,10691582,1989822405,2026-09-03,backfill
2012-09,ETRX-CA-44,7.1e-05,0.071024,0.999003,553926048,39229,552338,2026-08-24,backfill
2012-09,ETRX-CA-76,0.000265,0.043804,0.993945,488675619,129615,2959004,2026-08-24,backfill
2012-09,ETRX-CA-87,0.000302,0.025287,0.988038,4920289883,1488251,58854473,2026-08-24,backfill
2012-09,ETRX-CN,0.034099,0.077427,0.559599,37767951982,1287840449,16633030796,2026-09-03,backfill
2012-09,ETRX-CN-84,0.00397,0.032336,0.87722,7190481494,28547424,882849200,2026-08-24,backfill
2012-09,ETRX-CN-85,0.009736,0.034309,0.716213,10790470935,105061069,3062191115,2026-08-24,backfill
2012-09,ETRX-CN-95,0.003945,0.044782,0.911909,2677109735,10560803,235828434,2026-08-24,backfill
2012-09,ETRX-EU,0.012484,0.030184,0.586407,27826272521,347385152,11508755190,2026-09-03,backfill
2012-09,ETRX-EU-87,0.023012,0.025197,0.08672,3425798971,78833032,3128712888,2026-08-24,backfill
2012-09,ETRX-IN,0.020944,0.065752,0.681468,3280708844,68711414,1045012072,2026-09-03,backfill
2012-09,ETRX-JP,0.017193,0.030302,0.432609,10836104109,186306342,6148311424,2026-09-03,backfill
2012-09,ETRX-KR,0.008614,0.030795,0.720272,4441986232,38263676,1242546426,2026-09-03,backfill
2012-09,ETRX-MX,0.001043,0.030672,0.965995,21418594882,22339608,728347320,2026-09-03,backfill
2012-09,ETRX-MX-87,0.000984,0.024498,0.959849,4339979903,4268911,174256296,2026-08-24,backfill
2012-09,ETRX-PHARMA,2e-06,0.048567,0.999962,5314129479,9751,200776,2026-08-24,backfill
2012-09,ETRX-STEEL,0.005805,0.039734,0.8539,5158269813,29944762,753623358,2026-08-24,backfill
2012-09,ETRX-TW,0.01774,0.048132,0.631423,3059573278,54277950,1127687872,2026-09-03,backfill
2012-09,ETRX-US,0.014617,0.046485,0.685554,178023209456,2602193849,55978677154,2026-08-24,backfill
2012-09,ETRX-US-INCL,0.014191,0.04568,0.689335,183712290852,2607094502,57073056177,2026-08-24,backfill
2012-09,ETRX-VN,0.088126,0.13595,0.351778,1720198534,151593905,1115070995,2026-09-03,backfill
2012-10,ETRX-APPAREL,0.134215,0.166878,0.195733,7359383227,987736069,5918907436,2026-08-24,backfill
2012-10,ETRX-CA,0.000435,0.005361,0.918917,26442340840,11493373,2144032862,2026-09-03,backfill
2012-10,ETRX-CA-44,5.6e-05,0.076091,0.99926,601059558,33846,444808,2026-08-24,backfill
2012-10,ETRX-CA-76,0.000203,0.044395,0.995419,533547453,108514,2444304,2026-08-24,backfill
2012-10,ETRX-CA-87,0.000328,0.025959,0.987362,5457868501,1790557,68977626,2026-08-24,backfill
2012-10,ETRX-CN,0.031848,0.075822,0.57997,39672539736,1263475628,16663665034,2026-09-03,backfill
2012-10,ETRX-CN-84,0.00316,0.031548,0.899849,8933178150,28225079,894668737,2026-08-24,backfill
2012-10,ETRX-CN-85,0.010361,0.034557,0.700192,10814531182,112044838,3242285124,2026-08-24,backfill
2012-10,ETRX-CN-95,0.00416,0.044893,0.907339,2973298293,12368460,275508818,2026-08-24,backfill
2012-10,ETRX-EU,0.013184,0.030656,0.569948,30176285086,397839816,12977377949,2026-09-03,backfill
2012-10,ETRX-EU-87,0.023317,0.025216,0.0753,4193866419,97788201,3878066502,2026-08-24,backfill
2012-10,ETRX-IN,0.023564,0.069108,0.65903,3181010193,74956912,1084629005,2026-09-03,backfill
2012-10,ETRX-JP,0.017331,0.030216,0.426445,12184911710,211171358,6988713214,2026-09-03,backfill
2012-10,ETRX-KR,0.010182,0.031162,0.673253,4916667057,50061206,1606504698,2026-09-03,backfill
2012-10,ETRX-MX,0.001022,0.031714,0.967778,23881323184,24403907,769498745,2026-09-03,backfill
2012-10,ETRX-MX-87,0.000996,0.024953,0.960073,4853407167,4835495,193782413,2026-08-24,backfill
2012-10,ETRX-PHARMA,1e-06,0.049079,0.999985,5402931312,4015,81807,2026-08-24,backfill
2012-10,ETRX-STEEL,0.005829,0.041705,0.860239,5269000307,30711527,736401553,2026-08-24,backfill
2012-10,ETRX-TW,0.017593,0.044969,0.608771,3411641631,60021244,1334734213,2026-09-03,backfill
2012-10,ETRX-US,0.01447,0.045962,0.685181,189305643397,2739179601,59597098186,2026-08-24,backfill
2012-10,ETRX-US-INCL,0.014052,0.045057,0.688123,195152812414,2742336482,60863751529,2026-08-24,backfill
2012-10,ETRX-VN,0.092312,0.139358,0.337592,1916969599,176958492,1269816574,2026-09-03,backfill
2012-11,ETRX-APPAREL,0.130031,0.165844,0.215947,5987036857,778498278,4694155489,2026-08-24,backfill
2012-11,ETRX-CA,0.000385,0.00476,0.919101,26525610972,10215091,2145898004,2026-09-03,backfill
2012-11,ETRX-CA-44,7.1e-05,0.057209,0.998766,523807170,36964,646126,2026-08-24,backfill
2012-11,ETRX-CA-76,0.000136,0.03982,0.996574,516845187,70518,1770906,2026-08-24,backfill
2012-11,ETRX-CA-87,0.000223,0.025409,0.991216,5502443707,1228059,48331690,2026-08-24,backfill
2012-11,ETRX-CN,0.025619,0.070556,0.636897,39379569534,1008875608,14298847412,2026-09-03,backfill
2012-11,ETRX-CN-84,0.002705,0.031739,0.914766,9588367954,25938676,817259732,2026-08-24,backfill
2012-11,ETRX-CN-85,0.008322,0.034407,0.758141,12386755328,103079193,2995851331,2026-08-24,backfill
2012-11,ETRX-CN-95,0.004628,0.045825,0.899007,2679989291,12403015,270659190,2026-08-24,backfill
2012-11,ETRX-EU,0.013111,0.031022,0.577357,31399228117,411687862,13270679448,2026-09-03,backfill
2012-11,ETRX-EU-87,0.023389,0.025113,0.068655,4642115223,108575016,4323411979,2026-08-24,backfill
2012-11,ETRX-IN,0.023712,0.070208,0.662254,3164820098,75045588,1068904433,2026-09-03,backfill
2012-11,ETRX-JP,0.018472,0.029669,0.377404,11559910867,213535954,7197154988,2026-09-03,backfill
2012-11,ETRX-KR,0.009866,0.028945,0.659153,4580683232,45192191,1561310995,2026-09-03,backfill
2012-11,ETRX-MX,0.00102,0.029152,0.965021,23354155240,23814707,816901516,2026-09-03,backfill
2012-11,ETRX-MX-87,0.001042,0.024505,0.957496,4814716189,5014915,204646198,2026-08-24,backfill
2012-11,ETRX-PHARMA,3e-06,0.049307,0.999933,5857195792,19305,391528,2026-08-24,backfill
2012-11,ETRX-STEEL,0.005562,0.040146,0.861444,5116823195,28461953,708968126,2026-08-24,backfill
2012-11,ETRX-TW,0.015384,0.045743,0.66369,3106455836,47789017,1044732931,2026-09-03,backfill
2012-11,ETRX-US,0.012645,0.041866,0.697963,188655494776,2385540344,56980948165,2026-08-24,backfill
2012-11,ETRX-US-INCL,0.01231,0.041113,0.700592,194284683915,2391576373,58170453012,2026-08-24,backfill
2012-11,ETRX-VN,0.079792,0.137565,0.419972,1594057892,127192497,924598001,2026-09-03,backfill
2012-12,ETRX-APPAREL,0.132345,0.167389,0.209361,5689702206,753001007,4498501659,2026-08-24,backfill
2012-12,ETRX-CA,0.00035,0.004209,0.916827,25073260823,8777786,2085415597,2026-09-03,backfill
2012-12,ETRX-CA-44,7.6e-05,0.066192,0.998859,500998479,37846,571758,2026-08-24,backfill
2012-12,ETRX-CA-76,0.000162,0.041403,0.996091,565146865,91457,2208928,2026-08-24,backfill
2012-12,ETRX-CA-87,0.000233,0.02545,0.990845,4340573067,1011268,39736152,2026-08-24,backfill
2012-12,ETRX-CN,0.028795,0.070851,0.593582,34321537808,988289368,13948894257,2026-09-03,backfill
2012-12,ETRX-CN-84,0.003332,0.031635,0.894677,8198056281,27315282,863443858,2026-08-24,backfill
2012-12,ETRX-CN-85,0.00915,0.033881,0.729931,9762746143,89331666,2636617419,2026-08-24,backfill
2012-12,ETRX-CN-95,0.00912,0.04667,0.804577,1552522190,14159665,303398703,2026-08-24,backfill
2012-12,ETRX-EU,0.013471,0.031263,0.569113,28820705728,388240464,12418477090,2026-09-03,backfill
2012-12,ETRX-EU-87,0.023321,0.025126,0.071839,4172117739,97296272,3872397529,2026-08-24,backfill
2012-12,ETRX-IN,0.022736,0.065738,0.654146,2654088620,60342674,917926912,2026-09-03,backfill
2012-12,ETRX-JP,0.017955,0.029471,0.390758,11448837137,205562654,6975118110,2026-09-03,backfill
2012-12,ETRX-KR,0.010591,0.02886,0.633041,4526346876,47936605,1660984366,2026-09-03,backfill
2012-12,ETRX-MX,0.000948,0.030634,0.969041,19858784150,18834053,614811270,2026-09-03,backfill
2012-12,ETRX-MX-87,0.000933,0.025258,0.963076,4215876387,3931766,155666038,2026-08-24,backfill
2012-12,ETRX-PHARMA,1e-06,0.048398,0.999972,5112013308,6992,144469,2026-08-24,backfill
2012-12,ETRX-STEEL,0.005975,0.041766,0.856938,4575268621,27337799,654548274,2026-08-24,backfill
2012-12,ETRX-TW,0.017896,0.047149,0.620432,3008010112,53831610,1141744196,2026-09-03,backfill
2012-12,ETRX-US,0.013537,0.043032,0.685413,171437696283,2320814504,53932137328,2026-08-24,backfill
2012-12,ETRX-US-INCL,0.01323,0.042485,0.6886,176327860785,2332807541,54908490745,2026-08-24,backfill
2012-12,ETRX-VN,0.083372,0.136206,0.387897,1717606309,143200462,1051352202,2026-09-03,backfill
2013-01,ETRX-APPAREL,0.13915,0.16816,0.172513,6653669971,925857189,5505825606,2026-08-24,backfill
2013-01,ETRX-CA,0.000484,0.005323,0.90916,26956934159,13035691,2448755050,2026-09-03,backfill
2013-01,ETRX-CA-44,0.000267,0.053238,0.994992,592394063,157936,2966620,2026-08-24,backfill
2013-01,ETRX-CA-76,0.000143,0.036994,0.996122,577579192,82868,2240066,2026-08-24,backfill
2013-01,ETRX-CA-87,0.000529,0.025415,0.9792,3946563600,2086223,82087300,2026-08-24,backfill
2013-01,ETRX-CN,0.031696,0.072065,0.560173,36675918955,1162481627,16131075567,2026-09-03,backfill
2013-01,ETRX-CN-84,0.003968,0.031438,0.873775,8237870282,32690362,1039825151,2026-08-24,backfill
2013-01,ETRX-CN-85,0.009281,0.032896,0.71788,9394999026,87190451,2650516733,2026-08-24,backfill
2013-01,ETRX-CN-95,0.010254,0.047425,0.783777,1599751850,16404622,345903814,2026-08-24,backfill
2013-01,ETRX-EU,0.012897,0.031688,0.592996,26489411396,341632747,10781301501,2026-09-03,backfill
2013-01,ETRX-EU-87,0.022828,0.025139,0.091922,2838942935,64806990,2577982305,2026-08-24,backfill
2013-01,ETRX-IN,0.02523,0.076721,0.671149,3069054308,77431171,1009261363,2026-09-03,backfill
2013-01,ETRX-JP,0.017961,0.030088,0.403058,10948970973,196655193,6535902754,2026-09-03,backfill
2013-01,ETRX-KR,0.009562,0.027464,0.651844,5294461240,50625092,1843300396,2026-09-03,backfill
2013-01,ETRX-MX,0.001534,0.028797,0.946739,20486127090,31421447,1091119363,2026-09-03,backfill
2013-01,ETRX-MX-87,0.002102,0.025232,0.916674,3761635585,7908626,313440582,2026-08-24,backfill
2013-01,ETRX-PHARMA,2e-06,0.049735,0.999961,5219701091,10254,206174,2026-08-24,backfill
2013-01,ETRX-STEEL,0.00609,0.041847,0.854468,5095342749,31031306,741537188,2026-08-24,backfill
2013-01,ETRX-TW,0.019823,0.047444,0.582182,3029529809,60053884,1265791109,2026-09-03,backfill
2013-01,ETRX-US,0.014756,0.04646,0.682388,176816134026,2609114497,56158840012,2026-08-24,backfill
2013-01,ETRX-US-INCL,0.014311,0.045497,0.685442,182458061954,2611215271,57393720916,2026-08-24,backfill
2013-01,ETRX-VN,0.086828,0.136075,0.361909,1980108382,171929317,1263489799,2026-09-03,backfill
2013-02,ETRX-APPAREL,0.134616,0.166424,0.191126,6471741022,871199987,5234822205,2026-08-24,backfill
2013-02,ETRX-CA,0.000456,0.005374,0.915174,24994550394,11393288,2120194879,2026-09-03,backfill
2013-02,ETRX-CA-44,0.000278,0.0515,0.994606,595595835,165454,3212715,2026-08-24,backfill
2013-02,ETRX-CA-76,0.000137,0.038376,0.996423,511096771,70150,1827943,2026-08-24,backfill
2013-02,ETRX-CA-87,0.000307,0.025126,0.987771,4437693904,1363509,54267095,2026-08-24,backfill
2013-02,ETRX-CN,0.033529,0.073141,0.541588,32259538872,1081628256,14788171911,2026-09-03,backfill
2013-02,ETRX-CN-84,0.004186,0.032303,0.870425,7647924129,32011653,990982033,2026-08-24,backfill
2013-02,ETRX-CN-85,0.010274,0.032911,0.68782,7247157175,74458059,2262420815,2026-08-24,backfill
2013-02,ETRX-CN-95,0.010844,0.047711,0.772706,1506603226,16338206,342441855,2026-08-24,backfill
2013-02,ETRX-EU,0.013465,0.03173,0.575633,26855428368,361610721,11396570431,2026-09-03,backfill
2013-02,ETRX-EU-87,0.022639,0.025148,0.099751,3246630492,73501519,2922777150,2026-08-24,backfill
2013-02,ETRX-IN,0.027814,0.080145,0.652958,2780970916,77348994,965112320,2026-09-03,backfill
2013-02,ETRX-JP,0.018092,0.02992,0.395342,10668583571,193011941,6450848895,2026-09-03,backfill
2013-02,ETRX-KR,0.00979,0.026638,0.632473,4477997388,43841092,1645786284,2026-09-03,backfill
2013-02,ETRX-MX,0.001181,0.030607,0.961405,20932294159,24726807,807873692,2026-09-03,backfill
2013-02,ETRX-MX-87,0.001284,0.025801,0.950237,4514277979,5796090,224644733,2026-08-24,backfill
2013-02,ETRX-PHARMA,2e-06,0.047632,0.99995,4734477820,11374,238788,2026-08-24,backfill
2013-02,ETRX-STEEL,0.006174,0.040646,0.848103,4681726730,28905099,711141868,2026-08-24,backfill
2013-02,ETRX-TW,0.019372,0.047763,0.59442,2596001978,50288915,1052885928,2026-09-03,backfill
2013-02,ETRX-US,0.015059,0.047327,0.681818,162871258025,2452613397,51822658856,2026-08-24,backfill
2013-02,ETRX-US-INCL,0.014616,0.04628,0.684172,167865079850,2453579544,53016424614,2026-08-24,backfill
2013-02,ETRX-VN,0.094192,0.141701,0.335279,1729662819,162919740,1149742822,2026-09-03,backfill
2013-03,ETRX-APPAREL,0.126367,0.167264,0.244508,5464980953,690591490,4128749589,2026-08-24,backfill
2013-03,ETRX-CA,0.000425,0.005261,0.919303,27237076249,11563228,2197945474,2026-09-03,backfill
2013-03,ETRX-CA-44,0.000264,0.052534,0.99498,754494287,198985,3787708,2026-08-24,backfill
2013-03,ETRX-CA-76,0.000116,0.042784,0.997298,661652166,76490,1787800,2026-08-24,backfill
2013-03,ETRX-CA-87,0.000255,0.02575,0.990096,4987093156,1271820,49391868,2026-08-24,backfill
2013-03,ETRX-CN,0.026707,0.066578,0.598853,27217016279,726897615,10918034907,2026-09-03,backfill
2013-03,ETRX-CN-84,0.003936,0.031673,0.875727,7291784681,28701385,906171823,2026-08-24,backfill
2013-03,ETRX-CN-85,0.008285,0.032815,0.747514,7608173854,63036871,1920958397,2026-08-24,backfill
2013-03,ETRX-CN-95,0.016127,0.048325,0.66628,830016260,13385722,276992717,2026-08-24,backfill
2013-03,ETRX-EU,0.013377,0.03038,0.559664,31287422442,418540894,13776991331,2026-09-03,backfill
2013-03,ETRX-EU-87,0.023186,0.025139,0.077693,4284744461,99346006,3951849499,2026-08-24,backfill
2013-03,ETRX-IN,0.023508,0.070637,0.6672,3537471422,83158402,1177269906,2026-09-03,backfill
2013-03,ETRX-JP,0.017887,0.029953,0.40284,11907061187,212976125,7110420701,2026-09-03,backfill
2013-03,ETRX-KR,0.009972,0.027791,0.641202,5056565581,50421681,1814286621,2026-09-03,backfill
2013-03,ETRX-MX,0.001039,0.029414,0.964672,22341092069,23215733,789265163,2026-09-03,backfill
2013-03,ETRX-MX-87,0.000962,0.025818,0.962749,5012397824,4820564,186716439,2026-08-24,backfill
2013-03,ETRX-PHARMA,2e-06,0.049785,0.999959,5143572725,10490,210707,2026-08-24,backfill
2013-03,ETRX-STEEL,0.005469,0.042246,0.870556,4716713016,25793465,610549258,2026-08-24,backfill
2013-03,ETRX-TW,0.017025,0.046909,0.637063,2617078304,44555469,949835223,2026-09-03,backfill
2013-03,ETRX-US,0.012461,0.041139,0.697107,174779424963,2177876124,52939436953,2026-08-24,backfill
2013-03,ETRX-US-INCL,0.012036,0.040242,0.700909,181238930529,2181382118,54206867117,2026-08-24,backfill
2013-03,ETRX-VN,0.087742,0.137997,0.364169,1573989659,138105660,1000790984,2026-09-03,backfill
2013-04,ETRX-APPAREL,0.130746,0.167176,0.217918,5858898916,766025180,4582139365,2026-08-24,backfill
2013-04,ETRX-CA,0.000397,0.005248,0.924415,27762291789,11012840,2098422896,2026-09-03,backfill
2013-04,ETRX-CA-44,0.000243,0.053354,0.995446,827732871,201134,3769768,2026-08-24,backfill
2013-04,ETRX-CA-76,0.000133,0.039535,0.996643,692920352,91954,2325865,2026-08-24,backfill
2013-04,ETRX-CA-87,0.000263,0.025762,0.989804,4903481041,1287961,49994095,2026-08-24,backfill
2013-04,ETRX-CN,0.029168,0.066716,0.562804,32659665501,952619678,14278682837,2026-09-03,backfill
2013-04,ETRX-CN-84,0.00426,0.031617,0.865277,8066782126,34360570,1086782565,2026-08-24,backfill
2013-04,ETRX-CN-85,0.009621,0.032941,0.707919,8788796314,84560558,2567042084,2026-08-24,backfill
2013-04,ETRX-CN-95,0.014664,0.048542,0.697917,1057374562,15504930,319415162,2026-08-24,backfill
2013-04,ETRX-EU,0.012676,0.031053,0.591791,30919572957,391936713,12621651467,2026-09-03,backfill
2013-04,ETRX-EU-87,0.022292,0.025163,0.114116,3949928516,88050892,3499176824,2026-08-24,backfill
2013-04,ETRX-IN,0.022369,0.058671,0.618741,3922575357,87743404,1495516183,2026-09-03,backfill
2013-04,ETRX-JP,0.017934,0.030168,0.405534,11517556393,206557274,6846800468,2026-09-03,backfill
2013-04,ETRX-KR,0.009335,0.027399,0.659272,5336564850,49819263,1818314581,2026-09-03,backfill
2013-04,ETRX-MX,0.001102,0.030829,0.96425,22738037051,25060216,812883652,2026-09-03,backfill
2013-04,ETRX-MX-87,0.000928,0.02454,0.962199,4763487633,4418886,180066338,2026-08-24,backfill
2013-04,ETRX-PHARMA,3e-06,0.049317,0.999948,6051174072,15464,313563,2026-08-24,backfill
2013-04,ETRX-STEEL,0.00567,0.041824,0.864436,5247507343,29752582,711372778,2026-08-24,backfill
2013-04,ETRX-TW,0.017429,0.046483,0.625044,3133363249,54611787,1174871869,2026-09-03,backfill
2013-04,ETRX-US,0.013221,0.043227,0.694154,181030387757,2393376814,55367329487,2026-08-24,backfill
2013-04,ETRX-US-INCL,0.012779,0.042214,0.697291,187424004124,2395005496,56734987456,2026-08-24,backfill
2013-04,ETRX-VN,0.08492,0.137048,0.380368,1764168238,149812396,1093134517,2026-09-03,backfill
2013-05,ETRX-APPAREL,0.128791,0.167873,0.232807,5996949805,772353274,4600816778,2026-08-24,backfill
2013-05,ETRX-CA,0.000429,0.004705,0.908739,27326668233,11732811,2493848314,2026-09-03,backfill
2013-05,ETRX-CA-44,0.000255,0.051839,0.995076,735516135,187751,3621775,2026-08-24,backfill
2013-05,ETRX-CA-76,0.0001,0.037921,0.997372,663423030,66116,1743532,2026-08-24,backfill
2013-05,ETRX-CA-87,0.000265,0.025158,0.98945,4675095653,1240891,49323039,2026-08-24,backfill
2013-05,ETRX-CN,0.028953,0.068296,0.576062,35985134486,1041887086,15255455145,2026-09-03,backfill
2013-05,ETRX-CN-84,0.00444,0.031022,0.856875,8488842053,37690673,1214962790,2026-08-24,backfill
2013-05,ETRX-CN-85,0.008305,0.033023,0.748513,10336037969,85839179,2599378554,2026-08-24,backfill
2013-05,ETRX-CN-95,0.011984,0.048059,0.750637,1111077817,13315183,277061168,2026-08-24,backfill
2013-05,ETRX-EU,0.013398,0.03046,0.560141,31053694286,416060785,13659242677,2026-09-03,backfill
2013-05,ETRX-EU-87,0.022985,0.02515,0.086101,4314222303,99162217,3942764939,2026-08-24,backfill
2013-05,ETRX-IN,0.019083,0.051828,0.631806,4161213575,79407701,1532132830,2026-09-03,backfill
2013-05,ETRX-JP,0.018051,0.029242,0.382694,10772469958,194458176,6649910300,2026-09-03,backfill
2013-05,ETRX-KR,0.009216,0.027732,0.667682,5485032629,50549434,1822772489,2026-09-03,backfill
2013-05,ETRX-MX,0.001121,0.033655,0.966695,23929763627,26822011,796974821,2026-09-03,backfill
2013-05,ETRX-MX-87,0.00083,0.027843,0.9702,4797442148,3980564,142963594,2026-08-24,backfill
2013-05,ETRX-PHARMA,6e-06,0.049229,0.999881,5201151557,30476,619066,2026-08-24,backfill
2013-05,ETRX-STEEL,0.006159,0.041494,0.851563,5285768071,32556430,784601335,2026-08-24,backfill
2013-05,ETRX-TW,0.017163,0.044754,0.616494,3282590887,56340310,1258894615,2026-09-03,backfill
2013-05,ETRX-US,0.013132,0.042014,0.68743,188778718630,2479112160,59006557498,2026-08-24,backfill
2013-05,ETRX-US-INCL,0.01268,0.041084,0.691366,195662002312,2480963330,60387996880,2026-08-24,backfill
2013-05,ETRX-VN,0.082924,0.136908,0.394313,1847687523,153216793,1119121096,2026-09-03,backfill
2013-06,ETRX-APPAREL,0.132207,0.167156,0.209076,6364478858,841431747,5033820994,2026-08-24,backfill
2013-06,ETRX-CA,0.000437,0.005233,0.916586,26076163015,11382742,2175129126,2026-09-03,backfill
2013-06,ETRX-CA-44,0.000299,0.052144,0.994259,626642794,187603,3597793,2026-08-24,backfill
2013-06,ETRX-CA-76,0.000129,0.037895,0.996609,601152895,77249,2038526,2026-08-24,backfill
2013-06,ETRX-CA-87,0.000255,0.025236,0.989904,5008908771,1276256,50572121,2026-08-24,backfill
2013-06,ETRX-CN,0.031647,0.07189,0.559785,35261382458,1115913805,15522593380,2026-09-03,backfill
2013-06,ETRX-CN-84,0.004079,0.031197,0.869238,8557366304,34909195,1118979499,2026-08-24,backfill
2013-06,ETRX-CN-85,0.009035,0.032564,0.722549,9235833710,83446270,2562494258,2026-08-24,backfill
2013-06,ETRX-CN-95,0.008333,0.047628,0.825046,1154002880,9615950,201897947,2026-08-24,backfill
2013-06,ETRX-EU,0.013922,0.032185,0.567444,28701444991,399577078,12414985823,2026-09-03,backfill
2013-06,ETRX-EU-87,0.022709,0.025186,0.098352,3765719930,85513979,3395355150,2026-08-24,backfill
2013-06,ETRX-IN,0.021241,0.058108,0.634463,3352635811,71212396,1225513053,2026-09-03,backfill
2013-06,ETRX-JP,0.017793,0.029366,0.394109,10915206057,194211947,6613425864,2026-09-03,backfill
2013-06,ETRX-KR,0.009801,0.027902,0.64875,5163492973,50605897,1813674836,2026-09-03,backfill
2013-06,ETRX-MX,0.001023,0.032073,0.968117,22529210717,23037887,718298638,2026-09-03,backfill
2013-06,ETRX-MX-87,0.000673,0.026562,0.974666,5019924815,3378120,127176568,2026-08-24,backfill
2013-06,ETRX-PHARMA,2e-06,0.049978,0.999962,5137059192,9799,196066,2026-08-24,backfill
2013-06,ETRX-STEEL,0.006196,0.041614,0.851118,4874056502,30197483,725661071,2026-08-24,backfill
2013-06,ETRX-TW,0.0175,0.04651,0.623732,3096451557,54188684,1165095575,2026-09-03,backfill
2013-06,ETRX-US,0.014279,0.04542,0.685633,177092285138,2528636578,55672028518,2026-08-24,backfill
2013-06,ETRX-US-INCL,0.013843,0.044495,0.688891,182935853014,2532354022,56912930630,2026-08-24,backfill
2013-06,ETRX-VN,0.084139,0.138955,0.394488,2069359161,174113651,1253021197,2026-09-03,backfill
2013-07,ETRX-APPAREL,0.135598,0.166933,0.187711,8238015026,1117055634,6691653074,2026-08-24,backfill
2013-07,ETRX-CA,0.000398,0.003983,0.900065,25249339223,10050369,2523304884,2026-09-03,backfill
2013-07,ETRX-CA-44,0.000167,0.059017,0.997176,639753371,106612,1806452,2026-08-24,backfill
2013-07,ETRX-CA-76,0.000154,0.04086,0.996237,646553119,99403,2432780,2026-08-24,backfill
2013-07,ETRX-CA-87,0.000305,0.026107,0.988299,3337747822,1019606,39055054,2026-08-24,backfill
2013-07,ETRX-CN,0.034834,0.075903,0.541066,38097591576,1327110262,17484289940,2026-09-03,backfill
2013-07,ETRX-CN-84,0.004157,0.031252,0.86697,8253370197,34312963,1097947647,2026-08-24,backfill
2013-07,ETRX-CN-85,0.009542,0.032755,0.708673,9841262524,93908308,2867023524,2026-08-24,backfill
2013-07,ETRX-CN-95,0.005826,0.046993,0.876015,1722740470,10037514,213594478,2026-08-24,backfill
2013-07,ETRX-EU,0.013443,0.032193,0.58242,32188301993,432715198,13441190149,2026-09-03,backfill
2013-07,ETRX-EU-87,0.022853,0.025187,0.092675,3949690054,90261060,3583654157,2026-08-24,backfill
2013-07,ETRX-IN,0.020954,0.054885,0.618229,3914164098,82015666,1494313816,2026-09-03,backfill
2013-07,ETRX-JP,0.018284,0.029803,0.386493,11574460985,211631700,7101017606,2026-09-03,backfill
2013-07,ETRX-KR,0.009505,0.02791,0.659447,5429269121,51604497,1848953929,2026-09-03,backfill
2013-07,ETRX-MX,0.001087,0.032366,0.966412,22326139863,24271259,749890130,2026-09-03,backfill
2013-07,ETRX-MX-87,0.000837,0.024721,0.966159,4957893169,4147673,167780685,2026-08-24,backfill
2013-07,ETRX-PHARMA,3e-06,0.048622,0.99994,5495072235,15961,328269,2026-08-24,backfill
2013-07,ETRX-STEEL,0.006587,0.041246,0.840296,4948544457,32596566,790303954,2026-08-24,backfill
2013-07,ETRX-TW,0.0186,0.04768,0.609902,3173889132,59034396,1238128080,2026-09-03,backfill
2013-07,ETRX-US,0.015809,0.04762,0.668025,185982526863,2940132666,61741506550,2026-08-24,backfill
2013-07,ETRX-US-INCL,0.015348,0.046699,0.671349,191959805339,2946121045,63087773975,2026-08-24,backfill
2013-07,ETRX-VN,0.089191,0.142626,0.37465,2296742192,204848372,1436266678,2026-09-03,backfill
2013-08,ETRX-APPAREL,0.13523,0.165376,0.182284,7998073497,1081583134,6540155920,2026-08-24,backfill
2013-08,ETRX-CA,0.000392,0.004146,0.905327,26561030678,10425121,2514621424,2026-09-03,backfill
2013-08,ETRX-CA-44,0.000185,0.055586,0.996681,596254966,110010,1979112,2026-08-24,backfill
2013-08,ETRX-CA-76,0.00013,0.039953,0.996734,588353838,76778,1921713,2026-08-24,backfill
2013-08,ETRX-CA-87,0.00026,0.026351,0.990139,4892188740,1271281,48243615,2026-08-24,backfill
2013-08,ETRX-CN,0.035269,0.075551,0.533175,38296242003,1350669555,17877638564,2026-09-03,backfill
2013-08,ETRX-CN-84,0.004058,0.030958,0.86891,8103341878,32885576,1062269136,2026-08-24,backfill
2013-08,ETRX-CN-85,0.010675,0.033049,0.676995,9496161598,101370028,3067310503,2026-08-24,backfill
2013-08,ETRX-CN-95,0.004536,0.046592,0.902653,2245046776,10182554,218549222,2026-08-24,backfill
2013-08,ETRX-EU,0.013869,0.032105,0.568013,29283039310,406119717,12649894193,2026-09-03,backfill
2013-08,ETRX-EU-87,0.022622,0.025155,0.100689,3905202431,88344270,3511992278,2026-08-24,backfill
2013-08,ETRX-IN,0.022626,0.065552,0.654846,3545093062,80209679,1223604179,2026-09-03,backfill
2013-08,ETRX-JP,0.01803,0.029423,0.387198,11652943954,210107851,7140950374,2026-09-03,backfill
2013-08,ETRX-KR,0.009407,0.028494,0.669853,4953017245,46594133,1635223535,2026-09-03,backfill
2013-08,ETRX-MX,0.001081,0.030551,0.964619,23455766787,25353630,829889829,2026-09-03,backfill
2013-08,ETRX-MX-87,0.000755,0.02456,0.969251,5365771726,4052137,164989508,2026-08-24,backfill
2013-08,ETRX-PHARMA,8e-06,0.049799,0.999847,4677078940,35701,716904,2026-08-24,backfill
2013-08,ETRX-STEEL,0.005986,0.041254,0.854897,5080481199,30412499,737195367,2026-08-24,backfill
2013-08,ETRX-TW,0.01827,0.047755,0.617417,3105632712,56740986,1188162761,2026-09-03,backfill
2013-08,ETRX-US,0.015455,0.047177,0.672399,185018973767,2859512085,60612428113,2026-08-24,backfill
2013-08,ETRX-US-INCL,0.015021,0.046228,0.675063,190737769673,2865126123,61977817219,2026-08-24,backfill
2013-08,ETRX-VN,0.085859,0.135977,0.368575,2096067818,179967275,1323508927,2026-09-03,backfill
2013-09,ETRX-APPAREL,0.13414,0.165555,0.189756,7578594326,1016594020,6140509535,2026-08-24,backfill
2013-09,ETRX-CA,0.000367,0.004065,0.909637,27439608726,10079047,2479516408,2026-09-03,backfill
2013-09,ETRX-CA-44,9.2e-05,0.077099,0.998805,634477795,58470,758373,2026-08-24,backfill
2013-09,ETRX-CA-76,0.000162,0.043864,0.996313,577993478,93482,2131159,2026-08-24,backfill
2013-09,ETRX-CA-87,0.000221,0.025293,0.991256,4908909823,1085667,42922837,2026-08-24,backfill
2013-09,ETRX-CN,0.033498,0.075203,0.554565,39644907608,1328029450,17659221862,2026-09-03,backfill
2013-09,ETRX-CN-84,0.00404,0.030751,0.868607,7821054866,31600689,1027631382,2026-08-24,backfill
2013-09,ETRX-CN-85,0.009868,0.033687,0.707062,11164575792,110173291,3270534062,2026-08-24,backfill
2013-09,ETRX-CN-95,0.004115,0.046018,0.910572,2696704278,11097721,241159617,2026-08-24,backfill
2013-09,ETRX-EU,0.013092,0.031211,0.580521,29444020205,385490185,12351158007,2026-09-03,backfill
2013-09,ETRX-EU-87,0.023039,0.025194,0.085567,3859295206,88912947,3529068033,2026-08-24,backfill
2013-09,ETRX-IN,0.023895,0.070701,0.662033,3266339744,78047863,1103916207,2026-09-03,backfill
2013-09,ETRX-JP,0.017622,0.029832,0.409268,10777066336,189918138,6366357675,2026-09-03,backfill
2013-09,ETRX-KR,0.009073,0.027982,0.67577,4832453591,43842828,1566827538,2026-09-03,backfill
2013-09,ETRX-MX,0.001065,0.032361,0.967101,22540181935,23997650,741560196,2026-09-03,backfill
2013-09,ETRX-MX-87,0.000752,0.024552,0.969375,5412055926,4069477,165746671,2026-08-24,backfill
2013-09,ETRX-PHARMA,2e-06,0.048579,0.999954,5361794094,11982,246649,2026-08-24,backfill
2013-09,ETRX-STEEL,0.005919,0.040424,0.853577,4952039043,29311389,725090152,2026-08-24,backfill
2013-09,ETRX-TW,0.017558,0.047101,0.627233,3088122765,54220002,1151149665,2026-09-03,backfill
2013-09,ETRX-US,0.01498,0.047193,0.682575,183734813775,2752395839,58322061690,2026-08-24,backfill
2013-09,ETRX-US-INCL,0.014515,0.046183,0.685714,189716710268,2753661176,59625300968,2026-08-24,backfill
2013-09,ETRX-VN,0.083629,0.138265,0.395157,2171564661,181605177,1313456350,2026-09-03,backfill
2013-10,ETRX-APPAREL,0.135291,0.166644,0.188144,7752661403,1048865148,6294042134,2026-08-24,backfill
2013-10,ETRX-CA,0.000366,0.003649,0.899711,28217878887,10326063,2829943828,2026-09-03,backfill
2013-10,ETRX-CA-44,9.9e-05,0.057568,0.998277,656125092,65080,1130484,2026-08-24,backfill
2013-10,ETRX-CA-76,0.000183,0.040971,0.995538,549567524,100467,2452137,2026-08-24,backfill
2013-10,ETRX-CA-87,0.000223,0.025424,0.991239,5080803334,1131748,44514410,2026-08-24,backfill
2013-10,ETRX-CN,0.031495,0.074229,0.575706,41144728883,1295849462,17457478361,2026-09-03,backfill
2013-10,ETRX-CN-84,0.003429,0.030509,0.887617,8786006169,30124678,987394549,2026-08-24,backfill
2013-10,ETRX-CN-85,0.010185,0.034051,0.700882,11242697793,114509104,3362896579,2026-08-24,backfill
2013-10,ETRX-CN-95,0.003535,0.045906,0.923002,3509646018,12405389,270237208,2026-08-24,backfill
2013-10,ETRX-EU,0.01336,0.031364,0.574028,34635709757,462737326,14753834377,2026-09-03,backfill
2013-10,ETRX-EU-87,0.023433,0.025159,0.068612,5330481027,124906838,4964745267,2026-08-24,backfill
2013-10,ETRX-IN,0.024946,0.075718,0.670534,3640027161,90805937,1199265389,2026-09-03,backfill
2013-10,ETRX-JP,0.018253,0.029848,0.388446,11442564129,208866699,6997750139,2026-09-03,backfill
2013-10,ETRX-KR,0.009299,0.027816,0.665683,4819343769,44817167,1611186808,2026-09-03,backfill
2013-10,ETRX-MX,0.001049,0.03245,0.967662,24934868178,26165875,806333569,2026-09-03,backfill
2013-10,ETRX-MX-87,0.000783,0.024556,0.968108,5556928122,4351933,177224158,2026-08-24,backfill
2013-10,ETRX-PHARMA,7e-06,0.049826,0.999866,5833599805,38982,782366,2026-08-24,backfill
2013-10,ETRX-STEEL,0.00601,0.041235,0.854259,5184353427,31155797,755573266,2026-08-24,backfill
2013-10,ETRX-TW,0.017832,0.04746,0.624276,3221142017,57438339,1210259155,2026-09-03,backfill
2013-10,ETRX-US,0.014767,0.046278,0.680908,196566251912,2902651402,62722683940,2026-08-24,backfill
2013-10,ETRX-US-INCL,0.014386,0.045507,0.683866,203053760986,2921198676,64192225576,2026-08-24,backfill
2013-10,ETRX-VN,0.081517,0.143198,0.430738,2411395244,196570817,1372716869,2026-09-03,backfill
2013-11,ETRX-APPAREL,0.133318,0.167023,0.201796,6203317028,827015720,4951514337,2026-08-24,backfill
2013-11,ETRX-CA,0.000372,0.004371,0.914953,26496033181,9850229,2253405213,2026-09-03,backfill
2013-11,ETRX-CA-44,6.7e-05,0.053626,0.99875,652210924,43725,815365,2026-08-24,backfill
2013-11,ETRX-CA-76,0.000111,0.044234,0.997488,679093348,75443,1705562,2026-08-24,backfill
2013-11,ETRX-CA-87,0.000239,0.025124,0.990468,5248629534,1256927,50028877,2026-08-24,backfill
2013-11,ETRX-CN,0.026978,0.070259,0.616026,39801849226,1073765347,15282876262,2026-09-03,backfill
2013-11,ETRX-CN-84,0.002856,0.031145,0.908287,9867510606,28185439,904983716,2026-08-24,backfill
2013-11,ETRX-CN-85,0.008728,0.033742,0.741339,11898972548,103851729,3077800828,2026-08-24,backfill
2013-11,ETRX-CN-95,0.005337,0.046211,0.884502,2533808653,13523455,292648947,2026-08-24,backfill
2013-11,ETRX-EU,0.014266,0.032646,0.563016,31000860846,442256124,13546881566,2026-09-03,backfill
2013-11,ETRX-EU-87,0.02299,0.025188,0.08726,4774078167,109757086,4357492191,2026-08-24,backfill
2013-11,ETRX-IN,0.025329,0.069133,0.633617,2825244272,71561311,1035122747,2026-09-03,backfill
2013-11,ETRX-JP,0.018198,0.029331,0.37956,11257578217,204867336,6984653245,2026-09-03,backfill
2013-11,ETRX-KR,0.009336,0.028935,0.67734,5449929667,50881802,1758475627,2026-09-03,backfill
2013-11,ETRX-MX,0.00103,0.031105,0.966883,23223476508,23922658,769081562,2026-09-03,backfill
2013-11,ETRX-MX-87,0.000775,0.024318,0.968147,5373613608,4162515,171167303,2026-08-24,backfill
2013-11,ETRX-PHARMA,4e-06,0.047833,0.999926,5303949146,18672,390358,2026-08-24,backfill
2013-11,ETRX-STEEL,0.006114,0.04006,0.847379,4776651057,29204629,729019227,2026-08-24,backfill
2013-11,ETRX-TW,0.016622,0.045842,0.637405,2967082804,49318756,1075848157,2026-09-03,backfill
2013-11,ETRX-US,0.013785,0.04422,0.688264,183036901820,2523147386,57059235814,2026-08-24,backfill
2013-11,ETRX-US-INCL,0.013443,0.043394,0.690217,188424822634,2532965248,58370716415,2026-08-24,backfill
2013-11,ETRX-VN,0.073815,0.141368,0.477853,2236587387,165093193,1167826706,2026-09-03,backfill
2013-12,ETRX-APPAREL,0.132167,0.168792,0.216985,5833345097,770975849,4567598095,2026-08-24,backfill
2013-12,ETRX-CA,0.000403,0.004138,0.902574,26335429204,10616412,2565760174,2026-09-03,backfill
2013-12,ETRX-CA-44,6.2e-05,0.06091,0.998981,572846864,35555,583727,2026-08-24,backfill
2013-12,ETRX-CA-76,0.000193,0.039497,0.995106,515627934,99680,2523711,2026-08-24,backfill
2013-12,ETRX-CA-87,0.000262,0.025867,0.989863,4268524926,1119233,43268163,2026-08-24,backfill
2013-12,ETRX-CN,0.0282,0.069489,0.594189,36540786173,1030435107,14828655612,2026-09-03,backfill
2013-12,ETRX-CN-84,0.003321,0.031602,0.894914,9113786137,30265747,957730031,2026-08-24,backfill
2013-12,ETRX-CN-85,0.00898,0.03279,0.726152,10023522765,90006937,2744917770,2026-08-24,backfill
2013-12,ETRX-CN-95,0.00821,0.046911,0.824991,1662778468,13650991,291000700,2026-08-24,backfill
2013-12,ETRX-EU,0.01439,0.03276,0.560753,30086861854,432940328,13215576557,2026-09-03,backfill
2013-12,ETRX-EU-87,0.024071,0.026308,0.085028,4456126531,107264678,4077231781,2026-08-24,backfill
2013-12,ETRX-IN,0.024351,0.069778,0.651022,2964793713,72196117,1034647325,2026-09-03,backfill
2013-12,ETRX-JP,0.01828,0.029714,0.384776,10645463427,194603889,6549340152,2026-09-03,backfill
2013-12,ETRX-KR,0.011185,0.027525,0.593625,4614901500,51619807,1875382567,2026-09-03,backfill
2013-12,ETRX-MX,0.001,0.031299,0.968042,20979590779,20985012,670469000,2026-09-03,backfill
2013-12,ETRX-MX-87,0.000756,0.024336,0.968926,4802051919,3631401,149216857,2026-08-24,backfill
2013-12,ETRX-PHARMA,9e-06,0.049922,0.999812,5093178406,47862,958734,2026-08-24,backfill
2013-12,ETRX-STEEL,0.006359,0.041217,0.845712,4546784395,28914193,701515817,2026-08-24,backfill
2013-12,ETRX-TW,0.017923,0.045796,0.608634,2918635132,52310281,1142254735,2026-09-03,backfill
2013-12,ETRX-US,0.014062,0.044052,0.680785,174193973316,2449526936,55605249400,2026-08-24,backfill
2013-12,ETRX-US-INCL,0.013671,0.043207,0.683585,179626665522,2455737703,56836581095,2026-08-24,backfill
2013-12,ETRX-VN,0.079807,0.137752,0.420651,2114134946,168722044,1224821378,2026-09-03,backfill
2014-01,ETRX-APPAREL,0.140038,0.168646,0.169629,6911422405,967864589,5739043848,2026-08-24,backfill
2014-01,ETRX-CA,0.000487,0.004421,0.889801,26370147025,12848167,2905977000,2026-09-03,backfill
2014-01,ETRX-CA-44,0.000152,0.054124,0.997192,598964599,91024,1681754,2026-08-24,backfill
2014-01,ETRX-CA-76,0.000241,0.046394,0.994815,502407914,120853,2604938,2026-08-24,backfill
2014-01,ETRX-CA-87,0.000484,0.025272,0.980854,3576620736,1730606,68478262,2026-08-24,backfill
2014-01,ETRX-CN,0.03252,0.071481,0.545051,37968862093,1234750477,17273901181,2026-09-03,backfill
2014-01,ETRX-CN-84,0.004388,0.031721,0.861665,8541346355,37480809,1181564585,2026-08-24,backfill
2014-01,ETRX-CN-85,0.009735,0.032614,0.701521,9241931947,89966036,2758524259,2026-08-24,backfill
2014-01,ETRX-CN-95,0.01054,0.047357,0.777437,1562504209,16468796,347755089,2026-08-24,backfill
2014-01,ETRX-EU,0.014084,0.033224,0.576079,28518363411,401657922,12089544345,2026-09-03,backfill
2014-01,ETRX-EU-87,0.026927,0.029876,0.098709,3559548335,95847046,3208188904,2026-08-24,backfill
2014-01,ETRX-IN,0.023793,0.068088,0.650559,3599323961,85637851,1257752297,2026-09-03,backfill
2014-01,ETRX-JP,0.017871,0.029916,0.402645,10491304330,187486802,6267031315,2026-09-03,backfill
2014-01,ETRX-KR,0.010093,0.027176,0.628612,5357013045,54067072,1989529484,2026-09-03,backfill
2014-01,ETRX-MX,0.001384,0.030096,0.954009,21045227473,29129163,967883388,2026-09-03,backfill
2014-01,ETRX-MX-87,0.001387,0.024694,0.943836,4215818051,5846902,236777550,2026-08-24,backfill
2014-01,ETRX-PHARMA,6e-06,0.049872,0.999876,5434853933,33623,674184,2026-08-24,backfill
2014-01,ETRX-STEEL,0.006107,0.041454,0.852671,5510888686,33657333,811914081,2026-08-24,backfill
2014-01,ETRX-TW,0.018437,0.047116,0.608698,3231147629,59571117,1264353199,2026-09-03,backfill
2014-01,ETRX-US,0.015495,0.047038,0.670578,177947965756,2757347966,58619944104,2026-08-24,backfill
2014-01,ETRX-US-INCL,0.015032,0.045962,0.672935,183873192612,2764064867,60138551848,2026-08-24,backfill
2014-01,ETRX-VN,0.083647,0.138786,0.397293,2394287904,200276060,1443053844,2026-09-03,backfill
2014-02,ETRX-APPAREL,0.132489,0.166919,0.206271,6286969736,832953404,4990151728,2026-08-24,backfill
2014-02,ETRX-CA,0.000494,0.004653,0.893848,25090933143,12392868,2663449006,2026-09-03,backfill
2014-02,ETRX-CA-44,0.000185,0.052364,0.996473,600446802,110884,2117581,2026-08-24,backfill
2014-02,ETRX-CA-76,0.000184,0.039869,0.995387,472864715,86968,2181322,2026-08-24,backfill
2014-02,ETRX-CA-87,0.000483,0.025257,0.980889,4168911955,2012240,79670942,2026-08-24,backfill
2014-02,ETRX-CN,0.032587,0.071415,0.543694,30344104575,988825655,13846185292,2026-09-03,backfill
2014-02,ETRX-CN-84,0.004743,0.031538,0.849609,6821058689,32352887,1025825014,2026-08-24,backfill
2014-02,ETRX-CN-85,0.009156,0.032598,0.71912,7359843346,67386953,2067231520,2026-08-24,backfill
2014-02,ETRX-CN-95,0.011069,0.04795,0.769162,1318151920,14590077,304278928,2026-08-24,backfill
2014-02,ETRX-EU,0.014609,0.034652,0.578395,27688965606,404518705,11673801925,2026-09-03,backfill
2014-02,ETRX-EU-87,0.025346,0.027916,0.092062,3690360017,93536071,3350617665,2026-08-24,backfill
2014-02,ETRX-IN,0.027366,0.080285,0.659135,2961779683,81053396,1009567375,2026-09-03,backfill
2014-02,ETRX-JP,0.017729,0.029736,0.40378,10319856618,182959611,6152901449,2026-09-03,backfill
2014-02,ETRX-KR,0.009852,0.026548,0.628894,4544651684,44774750,1686547706,2026-09-03,backfill
2014-02,ETRX-MX,0.001205,0.030313,0.960242,21624861330,26061283,859752670,2026-09-03,backfill
2014-02,ETRX-MX-87,0.001008,0.02458,0.958998,4982184623,5021093,204278768,2026-08-24,backfill
2014-02,ETRX-PHARMA,6e-06,0.049828,0.999882,5338508492,31294,628039,2026-08-24,backfill
2014-02,ETRX-STEEL,0.005508,0.041227,0.866392,5119458940,28199577,684001217,2026-08-24,backfill
2014-02,ETRX-TW,0.018007,0.046248,0.610654,2528250781,45525226,984365535,2026-09-03,backfill
2014-02,ETRX-US,0.014696,0.045669,0.678208,162891976169,2393856885,52417273372,2026-08-24,backfill
2014-02,ETRX-US-INCL,0.014292,0.044638,0.679822,168440612264,2407362118,53930969710,2026-08-24,backfill
2014-02,ETRX-VN,0.087351,0.14405,0.393606,2008489886,175443757,1217937067,2026-09-03,backfill
2014-03,ETRX-APPAREL,0.128432,0.167322,0.232425,6032426225,774756565,4630340782,2026-08-24,backfill
2014-03,ETRX-CA,0.000439,0.004202,0.895416,29197679043,12830697,3053623512,2026-09-03,backfill
2014-03,ETRX-CA-44,9.5e-05,0.063474,0.998503,712250271,67694,1066489,2026-08-24,backfill
2014-03,ETRX-CA-76,0.000102,0.040124,0.997455,894484559,91336,2276350,2026-08-24,backfill
2014-03,ETRX-CA-87,0.000414,0.025262,0.983631,4587460518,1896948,75091064,2026-08-24,backfill
2014-03,ETRX-CN,0.026804,0.065316,0.589619,31196286956,836196204,12802356451,2026-09-03,backfill
2014-03,ETRX-CN-84,0.004342,0.03062,0.858207,7880880301,34216022,1117449779,2026-08-24,backfill
2014-03,ETRX-CN-85,0.008615,0.03224,0.732803,8851837358,76254423,2365185679,2026-08-24,backfill
2014-03,ETRX-CN-95,0.011746,0.048227,0.756442,1183977053,13907196,288367343,2026-08-24,backfill
2014-03,ETRX-EU,0.013751,0.031909,0.569063,34553643897,475137838,14890435831,2026-09-03,backfill
2014-03,ETRX-EU-87,0.023785,0.02612,0.089402,4632990761,110194876,4218794396,2026-08-24,backfill
2014-03,ETRX-IN,0.024618,0.066695,0.630886,3775184083,92937846,1393473030,2026-09-03,backfill
2014-03,ETRX-JP,0.01751,0.02976,0.41162,11679605387,204510852,6872040824,2026-09-03,backfill
2014-03,ETRX-KR,0.009089,0.026443,0.656269,5368075830,48792642,1845173652,2026-09-03,backfill
2014-03,ETRX-MX,0.00108,0.029551,0.963469,24138404839,26058208,881797580,2026-09-03,backfill
2014-03,ETRX-MX-87,0.000845,0.024525,0.965541,5798812402,4900568,199822054,2026-08-24,backfill
2014-03,ETRX-PHARMA,3e-06,0.049898,0.999937,5966256135,18662,374002,2026-08-24,backfill
2014-03,ETRX-STEEL,0.005299,0.04207,0.874039,5526676181,29286819,696148397,2026-08-24,backfill
2014-03,ETRX-TW,0.016971,0.046047,0.631441,3170058798,53799197,1168352501,2026-09-03,backfill
2014-03,ETRX-US,0.013128,0.04223,0.689127,185106160044,2430131204,57544517419,2026-08-24,backfill
2014-03,ETRX-US-INCL,0.012656,0.041165,0.692562,192306622930,2433786352,59122313923,2026-08-24,backfill
2014-03,ETRX-VN,0.083884,0.141837,0.40859,2143330562,179791140,1267587101,2026-09-03,backfill
2014-04,ETRX-APPAREL,0.130261,0.167487,0.222259,6049656184,788036355,4705063680,2026-08-24,backfill
2014-04,ETRX-CA,0.000468,0.003943,0.881408,27673863004,12942038,3281911169,2026-09-03,backfill
2014-04,ETRX-CA-44,9.6e-05,0.059147,0.998384,739423780,70661,1194659,2026-08-24,backfill
2014-04,ETRX-CA-76,0.000154,0.042918,0.996415,592359032,91148,2123751,2026-08-24,backfill
2014-04,ETRX-CA-87,0.000338,0.025522,0.986738,4644214389,1571894,61589882,2026-08-24,backfill
2014-04,ETRX-CN,0.027659,0.065603,0.578386,35820041613,990756018,15102228065,2026-09-03,backfill
2014-04,ETRX-CN-84,0.004589,0.030719,0.850624,8395370973,38523936,1254065992,2026-08-24,backfill
2014-04,ETRX-CN-85,0.008521,0.032405,0.737035,10170262855,86665197,2674421094,2026-08-24,backfill
2014-04,ETRX-CN-95,0.012165,0.048314,0.748199,1286897112,15655712,324041509,2026-08-24,backfill
2014-04,ETRX-EU,0.013687,0.03129,0.562571,34622245779,473884601,15144761375,2026-09-03,backfill
2014-04,ETRX-EU-87,0.025766,0.028177,0.085577,4987297649,128503084,4560497319,2026-08-24,backfill
2014-04,ETRX-IN,0.021391,0.052749,0.594473,4344660669,92937484,1761876751,2026-09-03,backfill
2014-04,ETRX-JP,0.017363,0.029971,0.42068,10873943074,188801052,6299491427,2026-09-03,backfill
2014-04,ETRX-KR,0.008843,0.026497,0.666259,5950950225,52624056,1986074461,2026-09-03,backfill
2014-04,ETRX-MX,0.001096,0.032354,0.966127,23816811285,26102061,806752793,2026-09-03,backfill
2014-04,ETRX-MX-87,0.000835,0.024578,0.96604,5339234014,4456470,181317906,2026-08-24,backfill
2014-04,ETRX-PHARMA,6e-06,0.049636,0.999885,6141841377,35170,708558,2026-08-24,backfill
2014-04,ETRX-STEEL,0.005544,0.041267,0.865666,5901266633,32713768,792739255,2026-08-24,backfill
2014-04,ETRX-TW,0.016165,0.045768,0.646806,3493262792,56468016,1233798391,2026-09-03,backfill
2014-04,ETRX-US,0.013301,0.042476,0.68686,189997496577,2527154394,59495735940,2026-08-24,backfill
2014-04,ETRX-US-INCL,0.012846,0.041476,0.690278,197376419720,2535483791,61131774696,2026-08-24,backfill
2014-04,ETRX-VN,0.076102,0.139751,0.455448,2252481627,171417302,1226592452,2026-09-03,backfill
2014-05,ETRX-APPAREL,0.129847,0.167116,0.223009,5890802143,764905740,4577102397,2026-08-24,backfill
2014-05,ETRX-CA,0.000483,0.004656,0.896211,29047101550,14037077,3014783656,2026-09-03,backfill
2014-05,ETRX-CA-44,7e-05,0.066647,0.998951,785233182,54903,823783,2026-08-24,backfill
2014-05,ETRX-CA-76,0.000139,0.040221,0.996556,666646563,92352,2296117,2026-08-24,backfill
2014-05,ETRX-CA-87,0.00029,0.025723,0.988734,5165029505,1496834,58190763,2026-08-24,backfill
2014-05,ETRX-CN,0.028258,0.065733,0.570117,37700218120,1065316790,16206687172,2026-09-03,backfill
2014-05,ETRX-CN-84,0.004493,0.030531,0.852843,9141162398,41069750,1345188927,2026-08-24,backfill
2014-05,ETRX-CN-85,0.009356,0.032728,0.714127,10359057824,96918766,2961371337,2026-08-24,backfill
2014-05,ETRX-CN-95,0.011432,0.048319,0.763405,1306159269,14932106,309030951,2026-08-24,backfill
2014-05,ETRX-EU,0.013342,0.030697,0.565383,34510011217,460415735,14998641541,2026-09-03,backfill
2014-05,ETRX-EU-87,0.024238,0.026562,0.08748,4931849360,119538791,4500412596,2026-08-24,backfill
2014-05,ETRX-IN,0.020777,0.052872,0.607037,4075818037,84681496,1601645718,2026-09-03,backfill
2014-05,ETRX-JP,0.017798,0.030137,0.409441,10217573360,181847327,6034082673,2026-09-03,backfill
2014-05,ETRX-KR,0.008227,0.026751,0.69245,6062170410,49874523,1864418094,2026-09-03,backfill
2014-05,ETRX-MX,0.001027,0.031598,0.967488,24457179767,25125210,795158417,2026-09-03,backfill
2014-05,ETRX-MX-87,0.000688,0.024479,0.971887,5748326590,3955826,161602657,2026-08-24,backfill
2014-05,ETRX-PHARMA,3e-06,0.048941,0.999947,6045691976,15687,320528,2026-08-24,backfill
2014-05,ETRX-STEEL,0.005231,0.040638,0.871267,6393721515,33448343,823085667,2026-08-24,backfill
2014-05,ETRX-TW,0.015662,0.044402,0.647261,3538300333,55417893,1248095826,2026-09-03,backfill
2014-05,ETRX-US,0.013148,0.042272,0.688976,193219294365,2540372119,60095749005,2026-08-24,backfill
2014-05,ETRX-US-INCL,0.012765,0.041322,0.691086,199736588222,2549601042,61701334450,2026-08-24,backfill
2014-05,ETRX-VN,0.078099,0.139194,0.438919,2326721613,181715388,1305478267,2026-09-03,backfill
2014-06,ETRX-APPAREL,0.130134,0.165958,0.215858,6810396601,886265498,5340315130,2026-08-24,backfill
2014-06,ETRX-CA,0.000433,0.004075,0.893671,28999281140,12563669,3083476814,2026-09-03,backfill
2014-06,ETRX-CA-44,8.5e-05,0.064856,0.998683,765483398,65393,1008279,2026-08-24,backfill
2014-06,ETRX-CA-76,0.000143,0.0396,0.996385,670452644,95974,2423603,2026-08-24,backfill
2014-06,ETRX-CA-87,0.000363,0.0254,0.985723,5064805803,1836666,72308741,2026-08-24,backfill
2014-06,ETRX-CN,0.030604,0.070336,0.564887,38837579744,1188588500,16898739428,2026-09-03,backfill
2014-06,ETRX-CN-84,0.003951,0.03056,0.870709,9589210432,37888455,1239802982,2026-08-24,backfill
2014-06,ETRX-CN-85,0.009351,0.032396,0.711346,10107108170,94513440,2917456944,2026-08-24,backfill
2014-06,ETRX-CN-95,0.007934,0.047765,0.833891,1350752733,10717254,224372599,2026-08-24,backfill
2014-06,ETRX-EU,0.014056,0.032348,0.565479,33309166368,468191644,14473543376,2026-09-03,backfill
2014-06,ETRX-EU-87,0.025792,0.02843,0.092821,4338584655,111898662,3935874959,2026-08-24,backfill
2014-06,ETRX-IN,0.024018,0.063639,0.622584,3168901404,76111702,1195993824,2026-09-03,backfill
2014-06,ETRX-JP,0.017668,0.029936,0.409819,10898563200,192554379,6432123695,2026-09-03,backfill
2014-06,ETRX-KR,0.00913,0.026855,0.660043,5685313121,51904567,1932761360,2026-09-03,backfill
2014-06,ETRX-MX,0.001068,0.032112,0.966735,23768808453,25389784,790660207,2026-09-03,backfill
2014-06,ETRX-MX-87,0.000663,0.024662,0.973097,5866372966,3892205,157820146,2026-08-24,backfill
2014-06,ETRX-PHARMA,4e-06,0.049343,0.999926,5315512599,19390,392964,2026-08-24,backfill
2014-06,ETRX-STEEL,0.005458,0.040581,0.865501,5995258916,32722395,806353631,2026-08-24,backfill
2014-06,ETRX-TW,0.016721,0.045056,0.628878,3347566182,55975088,1242354187,2026-09-03,backfill
2014-06,ETRX-US,0.014376,0.045768,0.685903,188064707364,2703527796,59070547346,2026-08-24,backfill
2014-06,ETRX-US-INCL,0.013937,0.044761,0.688636,194865492195,2715862430,60674078433,2026-08-24,backfill
2014-06,ETRX-VN,0.082016,0.139283,0.411157,2403140467,197096029,1415071501,2026-09-03,backfill
2014-07,ETRX-APPAREL,0.133082,0.166133,0.198946,8145463210,1084011663,6524953812,2026-08-24,backfill
2014-07,ETRX-CA,0.000437,0.003522,0.875828,27871490813,12190127,3460852280,2026-09-03,backfill
2014-07,ETRX-CA-44,7.3e-05,0.054373,0.998663,747834607,54353,999631,2026-08-24,backfill
2014-07,ETRX-CA-76,0.000258,0.045544,0.994336,580149308,149661,3286108,2026-08-24,backfill
2014-07,ETRX-CA-87,0.000419,0.02555,0.983589,3922982780,1644910,64379527,2026-08-24,backfill
2014-07,ETRX-CN,0.033544,0.073279,0.542242,39610029717,1328676914,18131798945,2026-09-03,backfill
2014-07,ETRX-CN-84,0.003941,0.030837,0.872203,9109113557,35897995,1164117114,2026-08-24,backfill
2014-07,ETRX-CN-85,0.010574,0.032607,0.675723,9544904484,100925818,3095192948,2026-08-24,backfill
2014-07,ETRX-CN-95,0.004991,0.04659,0.89287,1955358394,9759414,209476669,2026-08-24,backfill
2014-07,ETRX-EU,0.014508,0.033447,0.566236,33966499671,492791070,14733435695,2026-09-03,backfill
2014-07,ETRX-EU-87,0.025074,0.027772,0.097153,4565698413,114478518,4122126915,2026-08-24,backfill
2014-07,ETRX-IN,0.022937,0.063462,0.638571,3889626245,89216596,1405824600,2026-09-03,backfill
2014-07,ETRX-JP,0.017502,0.029985,0.416324,11093062093,194146033,6474755201,2026-09-03,backfill
2014-07,ETRX-KR,0.009125,0.027291,0.665634,6050449023,55211103,2023061923,2026-09-03,backfill
2014-07,ETRX-MX,0.001063,0.03237,0.967155,24181783632,25709685,794249483,2026-09-03,backfill
2014-07,ETRX-MX-87,0.000597,0.024823,0.975936,5985248547,3575278,144030699,2026-08-24,backfill
2014-07,ETRX-PHARMA,2e-06,0.049822,0.99995,6551506186,16331,327786,2026-08-24,backfill
2014-07,ETRX-STEEL,0.005491,0.041438,0.867499,6315793219,34676889,836846685,2026-08-24,backfill
2014-07,ETRX-TW,0.018544,0.046513,0.60132,3384131566,62755208,1349184097,2026-09-03,backfill
2014-07,ETRX-US,0.015361,0.047488,0.676518,193979589118,2979803075,62748954819,2026-08-24,backfill
2014-07,ETRX-US-INCL,0.014845,0.046282,0.679258,200977766381,2983454900,64461918602,2026-08-24,backfill
2014-07,ETRX-VN,0.083363,0.13627,0.388256,2634868122,219649261,1611863487,2026-09-03,backfill
2014-08,ETRX-APPAREL,0.134717,0.166367,0.190243,8235314710,1109437419,6668603314,2026-08-24,backfill
2014-08,ETRX-CA,0.000447,0.004052,0.889621,27484695212,12292690,3033720779,2026-09-03,backfill
2014-08,ETRX-CA-44,9.3e-05,0.059108,0.998421,701183417,65455,1107375,2026-08-24,backfill
2014-08,ETRX-CA-76,0.000141,0.041808,0.996623,638432319,90131,2155812,2026-08-24,backfill
2014-08,ETRX-CA-87,0.000381,0.025514,0.985063,4637538437,1767373,69271564,2026-08-24,backfill
2014-08,ETRX-CN,0.034004,0.073994,0.540451,39984563941,1359632568,18374859062,2026-09-03,backfill
2014-08,ETRX-CN-84,0.004163,0.030853,0.865057,8537093590,35543691,1152016840,2026-08-24,backfill
2014-08,ETRX-CN-85,0.010845,0.033015,0.671528,10288296501,111572396,3379421636,2026-08-24,backfill
2014-08,ETRX-CN-95,0.004386,0.046877,0.906435,2355835117,10332802,220423998,2026-08-24,backfill
2014-08,ETRX-EU,0.014055,0.033827,0.584518,32076499981,450821491,13327206081,2026-09-03,backfill
2014-08,ETRX-EU-87,0.024745,0.02795,0.114656,4118086756,101902613,3645925263,2026-08-24,backfill
2014-08,ETRX-IN,0.022644,0.062938,0.640217,3816965333,86432013,1373280677,2026-09-03,backfill
2014-08,ETRX-JP,0.018332,0.030055,0.390056,10674008843,195671495,6510543867,2026-09-03,backfill
2014-08,ETRX-KR,0.009034,0.027337,0.669543,5582996468,50434240,1844939171,2026-09-03,backfill
2014-08,ETRX-MX,0.001078,0.032209,0.966545,23903852941,25758006,799702585,2026-09-03,backfill
2014-08,ETRX-MX-87,0.000609,0.024702,0.975342,5995044582,3651617,147825909,2026-08-24,backfill
2014-08,ETRX-PHARMA,1e-06,0.04983,0.99997,6268336043,9370,188038,2026-08-24,backfill
2014-08,ETRX-STEEL,0.00557,0.040265,0.86167,6241870500,34766259,863440539,2026-08-24,backfill
2014-08,ETRX-TW,0.018794,0.047208,0.60188,3181890611,59801550,1266772714,2026-09-03,backfill
2014-08,ETRX-US,0.015618,0.048225,0.676154,189016301869,2951974794,61212240538,2026-08-24,backfill
2014-08,ETRX-US-INCL,0.015143,0.047072,0.678308,195218857995,2956144720,62800411296,2026-08-24,backfill
2014-08,ETRX-VN,0.082909,0.139467,0.405529,2640374837,218911399,1569626464,2026-09-03,backfill
2014-09,ETRX-APPAREL,0.133372,0.166109,0.197082,8105680205,1081070137,6508192551,2026-08-24,backfill
2014-09,ETRX-CA,0.00043,0.003691,0.883515,29461229822,12667175,3431781740,2026-09-03,backfill
2014-09,ETRX-CA-44,6.7e-05,0.056186,0.998814,761988480,50781,903795,2026-08-24,backfill
2014-09,ETRX-CA-76,0.000164,0.04348,0.99623,633154964,103783,2386890,2026-08-24,backfill
2014-09,ETRX-CA-87,0.000328,0.025481,0.987129,5319343333,1744579,68466633,2026-08-24,backfill
2014-09,ETRX-CN,0.032121,0.073815,0.564838,43835715623,1408060128,19075619432,2026-09-03,backfill
2014-09,ETRX-CN-84,0.004228,0.030907,0.863214,8563668791,36203895,1171391291,2026-08-24,backfill
2014-09,ETRX-CN-85,0.009216,0.03319,0.722333,12568492830,115827080,3489858594,2026-08-24,backfill
2014-09,ETRX-CN-95,0.003802,0.045771,0.91693,2895390408,11008913,240519601,2026-08-24,backfill
2014-09,ETRX-EU,0.013025,0.033514,0.611372,31419422527,409227679,12210474749,2026-09-03,backfill
2014-09,ETRX-EU-87,0.023672,0.026156,0.09497,3672856647,86944555,3324044527,2026-08-24,backfill
2014-09,ETRX-IN,0.021225,0.062426,0.659993,3920205348,83207871,1332898893,2026-09-03,backfill
2014-09,ETRX-JP,0.017539,0.030515,0.425231,10472614011,183677819,6019333078,2026-09-03,backfill
2014-09,ETRX-KR,0.008333,0.026382,0.684153,5474976906,45620861,1729252361,2026-09-03,backfill
2014-09,ETRX-MX,0.001062,0.031823,0.966638,24113944878,25601304,804491586,2026-09-03,backfill
2014-09,ETRX-MX-87,0.000694,0.025021,0.972248,5732585604,3980654,159091913,2026-08-24,backfill
2014-09,ETRX-PHARMA,2e-06,0.049111,0.999954,6858484925,15358,312718,2026-08-24,backfill
2014-09,ETRX-STEEL,0.005541,0.041166,0.865404,6140251577,34021457,826455033,2026-08-24,backfill
2014-09,ETRX-TW,0.017529,0.045499,0.61474,3459655734,60643867,1332867861,2026-09-03,backfill
2014-09,ETRX-US,0.015154,0.048976,0.690589,192903284845,2923228847,59686478476,2026-08-24,backfill
2014-09,ETRX-US-INCL,0.014701,0.047964,0.69351,200171467452,2942621738,61350609561,2026-08-24,backfill
2014-09,ETRX-VN,0.082928,0.141667,0.41463,2765369027,229325363,1618764271,2026-09-03,backfill
2014-10,ETRX-APPAREL,0.135076,0.167424,0.193214,8112351597,1095781595,6544930155,2026-08-24,backfill
2014-10,ETRX-CA,0.000471,0.004179,0.887246,29310585410,13811191,3304876040,2026-09-03,backfill
2014-10,ETRX-CA-44,7.2e-05,0.058228,0.998759,776129686,56071,962950,2026-08-24,backfill
2014-10,ETRX-CA-76,0.000128,0.036975,0.996528,718612429,92242,2494742,2026-08-24,backfill
2014-10,ETRX-CA-87,0.000326,0.025467,0.987214,5346130462,1740788,68355126,2026-08-24,backfill
2014-10,ETRX-CN,0.030116,0.073117,0.588115,45777788841,1378635758,18855201193,2026-09-03,backfill
2014-10,ETRX-CN-84,0.003523,0.030664,0.885107,10181453240,35869967,1169782093,2026-08-24,backfill
2014-10,ETRX-CN-85,0.009166,0.03344,0.725903,13166121177,120676767,3608800163,2026-08-24,backfill
2014-10,ETRX-CN-95,0.004,0.045775,0.912615,3217430491,12869782,281155481,2026-08-24,backfill
2014-10,ETRX-EU,0.014028,0.033102,0.576227,34541102127,484531445,14637571153,2026-09-03,backfill
2014-10,ETRX-EU-87,0.025038,0.027045,0.074206,5231410571,130985312,4843208861,2026-08-24,backfill
2014-10,ETRX-IN,0.022867,0.064668,0.646391,4181571875,95621132,1478641906,2026-09-03,backfill
2014-10,ETRX-JP,0.017755,0.030312,0.414265,11517047838,204483427,6745942882,2026-09-03,backfill
2014-10,ETRX-KR,0.008317,0.025936,0.679316,6173764379,51347865,1979828738,2026-09-03,backfill
2014-10,ETRX-MX,0.001038,0.032012,0.967568,26767546295,27790863,868129239,2026-09-03,backfill
2014-10,ETRX-MX-87,0.000725,0.024658,0.970584,6576456779,4770135,193450002,2026-08-24,backfill
2014-10,ETRX-PHARMA,2e-06,0.049558,0.999955,6485037666,14397,290509,2026-08-24,backfill
2014-10,ETRX-STEEL,0.005373,0.039842,0.86513,6560716679,35253630,884843863,2026-08-24,backfill
2014-10,ETRX-TW,0.01742,0.045626,0.618202,3572346100,62229709,1363915518,2026-09-03,backfill
2014-10,ETRX-US,0.015044,0.048257,0.688251,204341309595,3074138028,63703133002,2026-08-24,backfill
2014-10,ETRX-US-INCL,0.014578,0.047088,0.690406,211441156655,3082412621,65460884958,2026-08-24,backfill
2014-10,ETRX-VN,0.074912,0.140124,0.465389,3125606356,234144784,1670983611,2026-09-03,backfill
2014-11,ETRX-APPAREL,0.132233,0.167298,0.209596,6080308932,804018437,4805901521,2026-08-24,backfill
2014-11,ETRX-CA,0.000503,0.004691,0.892718,25668269627,12919207,2753752664,2026-09-03,backfill
2014-11,ETRX-CA-44,5.9e-05,0.057919,0.998975,659651253,39173,676345,2026-08-24,backfill
2014-11,ETRX-CA-76,0.000148,0.042062,0.996478,618283140,91599,2177717,2026-08-24,backfill
2014-11,ETRX-CA-87,0.000478,0.025732,0.981416,4998168057,2390161,92888183,2026-08-24,backfill
2014-11,ETRX-CN,0.026333,0.068956,0.618125,41381574222,1089687640,15802580435,2026-09-03,backfill
2014-11,ETRX-CN-84,0.003103,0.030745,0.899059,9742432915,30235321,983410262,2026-08-24,backfill
2014-11,ETRX-CN-85,0.008684,0.033428,0.740225,12968558083,112614304,3368905819,2026-08-24,backfill
2014-11,ETRX-CN-95,0.005085,0.04599,0.88944,2597067938,13205269,287132842,2026-08-24,backfill
2014-11,ETRX-EU,0.014747,0.034596,0.57375,31578894576,465685092,13460491508,2026-09-03,backfill
2014-11,ETRX-EU-87,0.026481,0.028696,0.07722,4803074773,127187887,4432180659,2026-08-24,backfill
2014-11,ETRX-IN,0.023529,0.066395,0.64562,3320148465,78119709,1176593803,2026-09-03,backfill
2014-11,ETRX-JP,0.018266,0.030003,0.391197,10329249397,188672923,6288480077,2026-09-03,backfill
2014-11,ETRX-KR,0.008488,0.025605,0.66852,5762982368,48914365,1910310533,2026-09-03,backfill
2014-11,ETRX-MX,0.001005,0.031638,0.968244,23564141585,23674817,748306269,2026-09-03,backfill
2014-11,ETRX-MX-87,0.000696,0.024932,0.972087,5782796964,4024386,161417170,2026-08-24,backfill
2014-11,ETRX-PHARMA,6e-06,0.049104,0.999877,5704177636,34382,700191,2026-08-24,backfill
2014-11,ETRX-STEEL,0.005228,0.040513,0.870952,5924064336,30972133,764490278,2026-08-24,backfill
2014-11,ETRX-TW,0.016876,0.045552,0.629529,3126011239,52754101,1158095584,2026-09-03,backfill
2014-11,ETRX-US,0.014071,0.046551,0.697725,181323489229,2551452724,54809635508,2026-08-24,backfill
2014-11,ETRX-US-INCL,0.013612,0.045321,0.699652,187538893930,2552808497,56326840158,2026-08-24,backfill
2014-11,ETRX-VN,0.063452,0.136017,0.533498,2852826222,181017970,1330849887,2026-09-03,backfill
2014-12,ETRX-APPAREL,0.131491,0.169558,0.224503,6001890521,789197392,4654450755,2026-08-24,backfill
2014-12,ETRX-CA,0.000495,0.004038,0.877453,27420911135,13569411,3360336782,2026-09-03,backfill
2014-12,ETRX-CA-44,4.3e-05,0.058408,0.999257,653050484,28324,484934,2026-08-24,backfill
2014-12,ETRX-CA-76,0.000108,0.038764,0.997224,719249440,77408,1996923,2026-08-24,backfill
2014-12,ETRX-CA-87,0.000384,0.02604,0.98525,4720790526,1813133,69629367,2026-08-24,backfill
2014-12,ETRX-CN,0.02674,0.067884,0.606087,39313121106,1051243906,15485965246,2026-09-03,backfill
2014-12,ETRX-CN-84,0.003755,0.031025,0.878964,8971736078,33690257,1085902041,2026-08-24,backfill
2014-12,ETRX-CN-85,0.007882,0.032076,0.754254,12313460756,97060575,3025985406,2026-08-24,backfill
2014-12,ETRX-CN-95,0.008284,0.047068,0.823994,1574458680,13043222,277114469,2026-08-24,backfill
2014-12,ETRX-EU,0.014062,0.034323,0.590291,33902840903,476755578,13890301569,2026-09-03,backfill
2014-12,ETRX-EU-87,0.026505,0.029023,0.086759,4998016217,132473844,4564393320,2026-08-24,backfill
2014-12,ETRX-IN,0.022884,0.069899,0.672609,3402778355,77870505,1114040468,2026-09-03,backfill
2014-12,ETRX-JP,0.017474,0.029586,0.409385,10923782051,190884361,6451753326,2026-09-03,backfill
2014-12,ETRX-KR,0.010732,0.026333,0.592443,5536855209,59423186,2256583998,2026-09-03,backfill
2014-12,ETRX-MX,0.000949,0.031908,0.970274,23588395019,22373956,701195404,2026-09-03,backfill
2014-12,ETRX-MX-87,0.000667,0.024858,0.973174,5563441528,3710041,149247652,2026-08-24,backfill
2014-12,ETRX-PHARMA,2e-06,0.049553,0.999957,7665551620,16186,326638,2026-08-24,backfill
2014-12,ETRX-STEEL,0.005641,0.039167,0.855978,5877929604,33156566,846552763,2026-08-24,backfill
2014-12,ETRX-TW,0.017253,0.04613,0.625984,3073445690,53026742,1149516796,2026-09-03,backfill
2014-12,ETRX-US,0.013766,0.045529,0.697644,186015529404,2560703952,56242917927,2026-08-24,backfill
2014-12,ETRX-US-INCL,0.01331,0.044412,0.700299,192992489207,2568808499,57840112482,2026-08-24,backfill
2014-12,ETRX-VN,0.071082,0.132405,0.463148,2663787944,189347520,1430060815,2026-09-03,backfill
2015-01,ETRX-APPAREL,0.14041,0.171278,0.180219,6588212964,925053752,5400895001,2026-08-24,backfill
2015-01,ETRX-CA,0.000604,0.006251,0.903355,24409494554,14746766,2359058595,2026-09-03,backfill
2015-01,ETRX-CA-44,5.1e-05,0.057115,0.9991,644206801,33117,579829,2026-08-24,backfill
2015-01,ETRX-CA-76,0.000111,0.035905,0.99691,655574856,72728,2025569,2026-08-24,backfill
2015-01,ETRX-CA-87,0.000669,0.025292,0.973561,4225263997,2825394,111712712,2026-08-24,backfill
2015-01,ETRX-CN,0.030115,0.069916,0.56926,38262928657,1152304032,16481371629,2026-09-03,backfill
2015-01,ETRX-CN-84,0.004594,0.031594,0.854578,8380753622,38505245,1218744680,2026-08-24,backfill
2015-01,ETRX-CN-85,0.007931,0.031527,0.748441,10592161099,84004770,2664552952,2026-08-24,backfill
2015-01,ETRX-CN-95,0.010022,0.047754,0.790139,1401844462,14048951,294192747,2026-08-24,backfill
2015-01,ETRX-EU,0.013611,0.034371,0.604011,29380630943,399891690,11634406248,2026-09-03,backfill
2015-01,ETRX-EU-87,0.025861,0.028591,0.095479,3370154879,87156422,3048376562,2026-08-24,backfill
2015-01,ETRX-IN,0.024945,0.075775,0.670802,3601090123,89828819,1185473367,2026-09-03,backfill
2015-01,ETRX-JP,0.01786,0.029797,0.400613,10445694386,186561578,6261017592,2026-09-03,backfill
2015-01,ETRX-KR,0.008921,0.025513,0.650317,6021161676,53717154,2105500676,2026-09-03,backfill
2015-01,ETRX-MX,0.001493,0.028913,0.948376,21349273814,31866029,1102124577,2026-09-03,backfill
2015-01,ETRX-MX-87,0.00127,0.024761,0.948692,4997821379,6349525,256429623,2026-08-24,backfill
2015-01,ETRX-PHARMA,2e-06,0.049606,0.999969,6338313154,9625,194027,2026-08-24,backfill
2015-01,ETRX-STEEL,0.005028,0.041814,0.879763,6798030320,34178068,817375197,2026-08-24,backfill
2015-01,ETRX-TW,0.018187,0.045166,0.597323,2997269495,54511923,1206931672,2026-09-03,backfill
2015-01,ETRX-US,0.015402,0.049014,0.685772,174127927552,2681837133,54715858916,2026-08-24,backfill
2015-01,ETRX-US-INCL,0.014847,0.047772,0.689207,180848682708,2685086566,56206574425,2026-08-24,backfill
2015-01,ETRX-VN,0.076892,0.143823,0.46537,2754839022,211825550,1472819524,2026-09-03,backfill
2015-02,ETRX-APPAREL,0.13339,0.168873,0.210117,6342258882,845991450,5009643438,2026-08-24,backfill
2015-02,ETRX-CA,0.000645,0.006015,0.892751,22199085057,14320356,2380826251,2026-09-03,backfill
2015-02,ETRX-CA-44,8e-05,0.048117,0.99833,640037479,51431,1068880,2026-08-24,backfill
2015-02,ETRX-CA-76,0.000115,0.034153,0.996626,597303443,68838,2015568,2026-08-24,backfill
2015-02,ETRX-CA-87,0.000583,0.025546,0.977197,3626715127,2112591,82698755,2026-08-24,backfill
2015-02,ETRX-CN,0.031911,0.070567,0.547789,30873505934,985212216,13961326623,2026-09-03,backfill
2015-02,ETRX-CN-84,0.004933,0.0316,0.843895,6686023794,32982009,1043724085,2026-08-24,backfill
2015-02,ETRX-CN-85,0.009085,0.03125,0.709295,7690382171,69864408,2235631534,2026-08-24,backfill
2015-02,ETRX-CN-95,0.009991,0.048022,0.791959,1344229393,13429656,279654909,2026-08-24,backfill
2015-02,ETRX-EU,0.014076,0.035319,0.601457,29389218994,413690802,11712870460,2026-09-03,backfill
2015-02,ETRX-EU-87,0.025381,0.027317,0.070858,4073371478,103387399,3784739696,2026-08-24,backfill
2015-02,ETRX-IN,0.027952,0.077216,0.637999,3237936946,90507966,1172136748,2026-09-03,backfill
2015-02,ETRX-JP,0.017488,0.029338,0.403904,9093073075,159021868,5420341235,2026-09-03,backfill
2015-02,ETRX-KR,0.009547,0.024583,0.611659,4764962185,45489187,1850432193,2026-09-03,backfill
2015-02,ETRX-MX,0.001332,0.029167,0.954332,21611132475,28785593,986933019,2026-09-03,backfill
2015-02,ETRX-MX-87,0.000987,0.02481,0.960231,5584044072,5509630,222072028,2026-08-24,backfill
2015-02,ETRX-PHARMA,5e-06,0.049977,0.999907,6623096245,30653,613337,2026-08-24,backfill
2015-02,ETRX-STEEL,0.005296,0.039124,0.864635,5513767872,29200708,746371481,2026-08-24,backfill
2015-02,ETRX-TW,0.017762,0.045679,0.611158,2697456602,47911996,1048884636,2026-09-03,backfill
2015-02,ETRX-US,0.015509,0.050054,0.690151,155496073608,2411638232,48180377194,2026-08-24,backfill
2015-02,ETRX-US-INCL,0.014914,0.048654,0.693458,161947782003,2415355405,49643769839,2026-08-24,backfill
2015-02,ETRX-VN,0.084808,0.147514,0.425088,2260501145,191707962,1299589900,2026-09-03,backfill
2015-03,ETRX-APPAREL,0.133398,0.169328,0.212191,6996204212,933279995,5511672695,2026-08-24,backfill
2015-03,ETRX-CA,0.000651,0.006189,0.89487,24382764021,15865751,2563353927,2026-09-03,backfill
2015-03,ETRX-CA-44,5.9e-05,0.048406,0.998786,748276348,43958,908102,2026-08-24,backfill
2015-03,ETRX-CA-76,9.2e-05,0.037695,0.99757,668670857,61259,1625108,2026-08-24,backfill
2015-03,ETRX-CA-87,0.000412,0.025554,0.983894,4646956352,1912551,74842167,2026-08-24,backfill
2015-03,ETRX-CN,0.02937,0.065891,0.554265,39763375352,1167856296,17723943402,2026-09-03,backfill
2015-03,ETRX-CN-84,0.005132,0.030744,0.833074,9138186841,46897565,1525404526,2026-08-24,backfill
2015-03,ETRX-CN-85,0.009543,0.031937,0.701196,10399317919,99239482,3107359843,2026-08-24,backfill
2015-03,ETRX-CN-95,0.012412,0.048119,0.742048,1449759724,17995109,373967837,2026-08-24,backfill
2015-03,ETRX-EU,0.014293,0.033817,0.577343,34138671563,487948482,14428946343,2026-09-03,backfill
2015-03,ETRX-EU-87,0.025792,0.027729,0.06984,5242500137,135214369,4876361453,2026-08-24,backfill
2015-03,ETRX-IN,0.027177,0.075555,0.640302,4005205622,108848826,1440664442,2026-09-03,backfill
2015-03,ETRX-JP,0.018001,0.030315,0.406199,12510620737,225202575,7428823520,2026-09-03,backfill
2015-03,ETRX-KR,0.009238,0.025166,0.632925,6134663247,56671318,2251884386,2026-09-03,backfill
2015-03,ETRX-MX,0.001217,0.029323,0.958492,24586223822,29924987,1020519977,2026-09-03,backfill
2015-03,ETRX-MX-87,0.000783,0.024732,0.968332,6619980362,5184931,209640492,2026-08-24,backfill
2015-03,ETRX-PHARMA,3e-06,0.049868,0.999949,7930167986,20075,402566,2026-08-24,backfill
2015-03,ETRX-STEEL,0.006414,0.042285,0.848319,6087093808,39041455,923293962,2026-08-24,backfill
2015-03,ETRX-TW,0.018527,0.045809,0.595573,3986280777,73851832,1612158854,2026-09-03,backfill
2015-03,ETRX-US,0.015713,0.049081,0.679847,187680538353,2949107026,60086400743,2026-08-24,backfill
2015-03,ETRX-US-INCL,0.01512,0.047879,0.684193,195762327636,2960020296,61823020037,2026-08-24,backfill
2015-03,ETRX-VN,0.076061,0.143623,0.470411,3163052716,240585196,1675117404,2026-09-03,backfill
2015-04,ETRX-APPAREL,0.133054,0.169727,0.21607,6056670801,805866362,4748004612,2026-08-24,backfill
2015-04,ETRX-CA,0.000648,0.00587,0.889676,23347435577,15118584,2575774360,2026-09-03,backfill
2015-04,ETRX-CA-44,7.2e-05,0.047962,0.998506,697835626,50016,1042833,2026-08-24,backfill
2015-04,ETRX-CA-76,0.000108,0.037801,0.997142,648316225,70048,1853061,2026-08-24,backfill
2015-04,ETRX-CA-87,0.000377,0.025591,0.985254,4537125312,1712226,66906243,2026-08-24,backfill
2015-04,ETRX-CN,0.02661,0.063067,0.578075,35693389614,949784628,15059919693,2026-09-03,backfill
2015-04,ETRX-CN-84,0.004976,0.030631,0.837564,8490271477,42243595,1379127080,2026-08-24,backfill
2015-04,ETRX-CN-85,0.008807,0.03184,0.723413,10258602932,90344166,2837400170,2026-08-24,backfill
2015-04,ETRX-CN-95,0.013082,0.048039,0.727669,1215610828,15903162,331048968,2026-08-24,backfill
2015-04,ETRX-EU,0.013048,0.033246,0.607537,34996103069,456624801,13734659831,2026-09-03,backfill
2015-04,ETRX-EU-87,0.025779,0.028159,0.084521,5159384740,133002057,4723310436,2026-08-24,backfill
2015-04,ETRX-IN,0.025874,0.07264,0.64381,4106251895,106243875,1462605203,2026-09-03,backfill
2015-04,ETRX-JP,0.016988,0.030805,0.448542,12147101615,206351413,6698613962,2026-09-03,backfill
2015-04,ETRX-KR,0.009706,0.024539,0.604488,6358179226,61709719,2514738818,2026-09-03,backfill
2015-04,ETRX-MX,0.001214,0.0317,0.961708,24054581773,29199211,921109367,2026-09-03,backfill
2015-04,ETRX-MX-87,0.000737,0.024643,0.970095,6178005655,4552840,184751162,2026-08-24,backfill
2015-04,ETRX-PHARMA,2e-06,0.049703,0.99995,7429159366,18319,368573,2026-08-24,backfill
2015-04,ETRX-STEEL,0.006324,0.041277,0.846781,5799567124,36678478,888601637,2026-08-24,backfill
2015-04,ETRX-TW,0.017793,0.044894,0.603661,3727945613,66331990,1477528862,2026-09-03,backfill
2015-04,ETRX-US,0.014329,0.046491,0.691782,181819612203,2605342509,56040147499,2026-08-24,backfill
2015-04,ETRX-US-INCL,0.013847,0.045329,0.694513,188887671807,2615620785,57702712747,2026-08-24,backfill
2015-04,ETRX-VN,0.073055,0.137605,0.469097,2963668829,216510604,1573419950,2026-09-03,backfill
2015-05,ETRX-APPAREL,0.131467,0.168653,0.220485,6132456904,806217751,4780340345,2026-08-24,backfill
2015-05,ETRX-CA,0.0006,0.005779,0.896219,22843171903,13700491,2370694935,2026-09-03,backfill
2015-05,ETRX-CA-44,8.7e-05,0.04773,0.998181,694689613,60318,1263733,2026-08-24,backfill
2015-05,ETRX-CA-76,0.000131,0.041895,0.99687,644534106,84521,2017445,2026-08-24,backfill
2015-05,ETRX-CA-87,0.000387,0.025601,0.984902,4577516762,1769380,69113592,2026-08-24,backfill
2015-05,ETRX-CN,0.0287,0.065282,0.560368,38425957909,1102821958,16893284094,2026-09-03,backfill
2015-05,ETRX-CN-84,0.004907,0.030195,0.837496,8691798259,42648959,1412451216,2026-08-24,backfill
2015-05,ETRX-CN-85,0.009352,0.031955,0.707331,10299625814,96323231,3014381272,2026-08-24,backfill
2015-05,ETRX-CN-95,0.010298,0.047922,0.785108,1426320400,14688216,306504438,2026-08-24,backfill
2015-05,ETRX-EU,0.013807,0.033545,0.588398,33372009928,460769267,13735980026,2026-09-03,backfill
2015-05,ETRX-EU-87,0.025967,0.02811,0.076256,4642923426,120561278,4288872209,2026-08-24,backfill
2015-05,ETRX-IN,0.022202,0.070226,0.683848,3958026816,87877094,1251338273,2026-09-03,backfill
2015-05,ETRX-JP,0.017931,0.03007,0.403696,10242435022,183657121,6107603257,2026-09-03,backfill
2015-05,ETRX-KR,0.009801,0.024888,0.606201,6245136384,61208933,2459326017,2026-09-03,backfill
2015-05,ETRX-MX,0.001205,0.03211,0.962469,23447652496,28257421,880011972,2026-09-03,backfill
2015-05,ETRX-MX-87,0.000733,0.025318,0.971068,6011286777,4403276,173918841,2026-08-24,backfill
2015-05,ETRX-PHARMA,3e-06,0.04961,0.99994,7082440454,21069,424695,2026-08-24,backfill
2015-05,ETRX-STEEL,0.006391,0.039682,0.838944,5456705310,34874354,878834899,2026-08-24,backfill
2015-05,ETRX-TW,0.018339,0.044698,0.589715,3194497294,58583154,1310654351,2026-09-03,backfill
2015-05,ETRX-US,0.015045,0.04727,0.681727,178015319145,2678200717,56657464021,2026-08-24,backfill
2015-05,ETRX-US-INCL,0.014519,0.046078,0.684899,184906614516,2684686885,58264315410,2026-08-24,backfill
2015-05,ETRX-VN,0.06982,0.142965,0.51163,3077636405,214879496,1503025539,2026-09-03,backfill
2015-06,ETRX-APPAREL,0.134541,0.168942,0.203625,7348160357,988631303,5851893159,2026-08-24,backfill
2015-06,ETRX-CA,0.000633,0.006112,0.89641,25869840000,16378387,2679848472,2026-09-03,backfill
2015-06,ETRX-CA-44,9e-05,0.046115,0.998048,742736743,66859,1449845,2026-08-24,backfill
2015-06,ETRX-CA-76,0.00012,0.036717,0.996727,673455226,80937,2204352,2026-08-24,backfill
2015-06,ETRX-CA-87,0.000381,0.02541,0.985001,4941886674,1883504,74125489,2026-08-24,backfill
2015-06,ETRX-CN,0.031531,0.06986,0.548657,40072858312,1263527536,18086622182,2026-09-03,backfill
2015-06,ETRX-CN-84,0.004397,0.029999,0.853435,9008064558,39606940,1320263339,2026-08-24,backfill
2015-06,ETRX-CN-85,0.009662,0.032142,0.699394,10414846032,100629082,3130767809,2026-08-24,backfill
2015-06,ETRX-CN-95,0.007285,0.047532,0.846736,1639902211,11946739,251338484,2026-08-24,backfill
2015-06,ETRX-EU,0.013369,0.033851,0.605064,35394274299,473189958,13978471195,2026-09-03,backfill
2015-06,ETRX-EU-87,0.025651,0.027918,0.081199,4995281635,128135272,4589667469,2026-08-24,backfill
2015-06,ETRX-IN,0.024497,0.064364,0.619405,3668308126,89860960,1396139230,2026-09-03,backfill
2015-06,ETRX-JP,0.017649,0.030034,0.41238,10138640605,178933269,5957669645,2026-09-03,backfill
2015-06,ETRX-KR,0.009688,0.02519,0.615385,5823291955,56417989,2239727689,2026-09-03,backfill
2015-06,ETRX-MX,0.001151,0.031113,0.963011,25871401810,29773038,956945976,2026-09-03,backfill
2015-06,ETRX-MX-87,0.000701,0.024781,0.971729,7097615019,4972646,200659791,2026-08-24,backfill
2015-06,ETRX-PHARMA,6e-06,0.049997,0.999879,8060129363,48908,978218,2026-08-24,backfill
2015-06,ETRX-STEEL,0.006792,0.041413,0.836004,5167064849,35092307,847378838,2026-08-24,backfill
2015-06,ETRX-TW,0.018427,0.044616,0.586977,3399831822,62649951,1404208073,2026-09-03,backfill
2015-06,ETRX-US,0.0157,0.049909,0.685429,186787299333,2932537454,58757830085,2026-08-24,backfill
2015-06,ETRX-US-INCL,0.015093,0.048561,0.689197,194410653121,2934204115,60423352415,2026-08-24,backfill
2015-06,ETRX-VN,0.080133,0.146796,0.454117,3241909808,259785230,1769704788,2026-09-03,backfill
2015-07,ETRX-APPAREL,0.13484,0.167749,0.19618,8492719567,1145156517,6826617173,2026-08-24,backfill
2015-07,ETRX-CA,0.000598,0.004625,0.87063,23488333945,14054355,3038677384,2026-09-03,backfill
2015-07,ETRX-CA-44,0.00012,0.043738,0.997251,668505084,80389,1837972,2026-08-24,backfill
2015-07,ETRX-CA-76,0.00018,0.043307,0.995835,628662419,113405,2618638,2026-08-24,backfill
2015-07,ETRX-CA-87,0.000399,0.025502,0.984372,3690322977,1470747,57672542,2026-08-24,backfill
2015-07,ETRX-CN,0.033434,0.073335,0.544093,41057939809,1372730519,18718602730,2026-09-03,backfill
2015-07,ETRX-CN-84,0.004126,0.030586,0.865089,8896199019,36709003,1200196361,2026-08-24,backfill
2015-07,ETRX-CN-85,0.009767,0.032076,0.695499,10484051606,102397897,3192400288,2026-08-24,backfill
2015-07,ETRX-CN-95,0.004952,0.047192,0.895061,2067813422,10240312,216994509,2026-08-24,backfill
2015-07,ETRX-EU,0.014489,0.033695,0.570011,34578788580,500999899,14868489690,2026-09-03,backfill
2015-07,ETRX-EU-87,0.025049,0.027187,0.078644,5339078662,133737357,4919190285,2026-08-24,backfill
2015-07,ETRX-IN,0.024361,0.071763,0.660541,4033223661,98252115,1369113559,2026-09-03,backfill
2015-07,ETRX-JP,0.018618,0.029784,0.374886,10651143410,198305486,6658176517,2026-09-03,backfill
2015-07,ETRX-KR,0.009965,0.024464,0.592656,6142664406,61213895,2502175802,2026-09-03,backfill
2015-07,ETRX-MX,0.001097,0.032233,0.965964,23928561741,26251817,814443428,2026-09-03,backfill
2015-07,ETRX-MX-87,0.000556,0.024547,0.977342,5995669543,3334739,135849771,2026-08-24,backfill
2015-07,ETRX-PHARMA,6e-06,0.049909,0.999878,7461505747,45553,912725,2026-08-24,backfill
2015-07,ETRX-STEEL,0.00653,0.039543,0.834859,5189588507,33888688,857011914,2026-08-24,backfill
2015-07,ETRX-TW,0.019055,0.046331,0.588724,3230118453,61549560,1328470184,2026-09-03,backfill
2015-07,ETRX-US,0.016763,0.050382,0.667288,186038040577,3118502630,61897046996,2026-08-24,backfill
2015-07,ETRX-US-INCL,0.016213,0.049232,0.670677,192891221845,3127401348,63523508837,2026-08-24,backfill
2015-07,ETRX-VN,0.075748,0.144407,0.475455,3309996644,250724916,1736243421,2026-09-03,backfill
2015-08,ETRX-APPAREL,0.138955,0.16838,0.174752,8946571884,1243172075,7383141938,2026-08-24,backfill
2015-08,ETRX-CA,0.000758,0.006111,0.875924,23295479007,17664554,2890415465,2026-09-03,backfill
2015-08,ETRX-CA-44,0.000111,0.043092,0.997428,731597529,81081,1881559,2026-08-24,backfill
2015-08,ETRX-CA-76,0.000199,0.034794,0.994294,557537945,110696,3181513,2026-08-24,backfill
2015-08,ETRX-CA-87,0.00116,0.02513,0.953851,4916297496,5701605,226882736,2026-08-24,backfill
2015-08,ETRX-CN,0.0353,0.075269,0.531022,43139833136,1522814790,20231639365,2026-09-03,backfill
2015-08,ETRX-CN-84,0.00415,0.03017,0.862446,8758579952,36348685,1204781596,2026-08-24,backfill
2015-08,ETRX-CN-85,0.010909,0.03277,0.66709,10740724213,117175247,3575689272,2026-08-24,backfill
2015-08,ETRX-CN-95,0.004043,0.046809,0.913618,2993784209,12105182,258609842,2026-08-24,backfill
2015-08,ETRX-EU,0.014256,0.033668,0.576584,31400105906,447627221,13295316056,2026-09-03,backfill
2015-08,ETRX-EU-87,0.024572,0.026511,0.073146,4530650466,111326970,4199252220,2026-08-24,backfill
2015-08,ETRX-IN,0.023648,0.069314,0.65883,3784637939,89498833,1291203122,2026-09-03,backfill
2015-08,ETRX-JP,0.018424,0.029983,0.385522,10105947801,186189040,6209883145,2026-09-03,backfill
2015-08,ETRX-KR,0.008797,0.024526,0.641305,5830417272,51291949,2091340914,2026-09-03,backfill
2015-08,ETRX-MX,0.001059,0.032684,0.967607,23710130331,25102698,768038245,2026-09-03,backfill
2015-08,ETRX-MX-87,0.000618,0.025533,0.975815,6415211671,3961422,155149203,2026-08-24,backfill
2015-08,ETRX-PHARMA,8e-06,0.049626,0.999838,7188593190,57882,1166356,2026-08-24,backfill
2015-08,ETRX-STEEL,0.006885,0.039919,0.827514,4917350142,33858226,848172053,2026-08-24,backfill
2015-08,ETRX-TW,0.01924,0.046906,0.589821,3302596714,63541762,1354655802,2026-09-03,backfill
2015-08,ETRX-US,0.01776,0.0536,0.668663,180076912042,3198110306,59666107706,2026-08-24,backfill
2015-08,ETRX-US-INCL,0.017144,0.05229,0.672135,186977135521,3205549242,61303324519,2026-08-24,backfill
2015-08,ETRX-VN,0.080002,0.147292,0.456849,3495946319,279682518,1898826495,2026-09-03,backfill
2015-09,ETRX-APPAREL,0.136207,0.168076,0.189608,8202587313,1117253177,6647311363,2026-08-24,backfill
2015-09,ETRX-CA,0.000913,0.007243,0.873954,23635378350,21578197,2979149328,2026-09-03,backfill
2015-09,ETRX-CA-44,0.000145,0.041448,0.996509,711866537,102995,2484934,2026-08-24,backfill
2015-09,ETRX-CA-76,0.000195,0.040738,0.995221,566636497,110320,2708067,2026-08-24,backfill
2015-09,ETRX-CA-87,0.001643,0.025062,0.934423,4951608768,8137872,324711819,2026-08-24,backfill
2015-09,ETRX-CN,0.032091,0.073253,0.561918,44013564811,1412435125,19281569178,2026-09-03,backfill
2015-09,ETRX-CN-84,0.004194,0.030008,0.860239,8555546267,35882089,1195730944,2026-08-24,backfill
2015-09,ETRX-CN-85,0.009887,0.033265,0.702777,12780921611,126365333,3798782484,2026-08-24,backfill
2015-09,ETRX-CN-95,0.003999,0.045759,0.912618,3291192627,13159954,287591219,2026-08-24,backfill
2015-09,ETRX-EU,0.013516,0.033688,0.598797,32296095045,436499334,12957287389,2026-09-03,backfill
2015-09,ETRX-EU-87,0.026466,0.028291,0.064503,4674662286,123719367,4373130956,2026-08-24,backfill
2015-09,ETRX-IN,0.024069,0.071637,0.664012,3744137342,90118779,1257983861,2026-09-03,backfill
2015-09,ETRX-JP,0.017735,0.030308,0.414842,9496375614,168419138,5556875828,2026-09-03,backfill
2015-09,ETRX-KR,0.008972,0.025247,0.64462,5210103641,46746470,1851565848,2026-09-03,backfill
2015-09,ETRX-MX,0.001052,0.03212,0.967238,24445561665,25724184,800883539,2026-09-03,backfill
2015-09,ETRX-MX-87,0.000675,0.024683,0.972651,6366306160,4297641,174112425,2026-08-24,backfill
2015-09,ETRX-PHARMA,1.1e-05,0.049724,0.99977,7549351715,86413,1737852,2026-08-24,backfill
2015-09,ETRX-STEEL,0.006578,0.039817,0.83479,4736076994,31154865,782449188,2026-08-24,backfill
2015-09,ETRX-TW,0.018871,0.046132,0.590943,3253443467,61394389,1330843701,2026-09-03,backfill
2015-09,ETRX-US,0.016683,0.053031,0.685413,181118673666,3021570883,56977578993,2026-08-24,backfill
2015-09,ETRX-US-INCL,0.016086,0.051728,0.689024,188530047055,3032711376,58628273889,2026-08-24,backfill
2015-09,ETRX-VN,0.07721,0.14483,0.466894,3330470670,257145395,1775495348,2026-09-03,backfill
2015-10,ETRX-APPAREL,0.13765,0.169933,0.189976,7793836944,1072819598,6313191383,2026-08-24,backfill
2015-10,ETRX-CA,0.000661,0.006528,0.898777,22356319065,14772402,2262969143,2026-09-03,backfill
2015-10,ETRX-CA-44,0.000102,0.043407,0.997648,691013164,70534,1624950,2026-08-24,backfill
2015-10,ETRX-CA-76,0.000186,0.042441,0.995629,584158942,108365,2553293,2026-08-24,backfill
2015-10,ETRX-CA-87,0.000326,0.025954,0.987438,5086381360,1658327,63894172,2026-08-24,backfill
2015-10,ETRX-CN,0.028792,0.071761,0.598779,43937090425,1265040446,17628477182,2026-09-03,backfill
2015-10,ETRX-CN-84,0.003832,0.029436,0.869812,8977714339,34404102,1168795048,2026-08-24,backfill
2015-10,ETRX-CN-85,0.008655,0.033408,0.740934,13937057200,120623267,3610613297,2026-08-24,backfill
2015-10,ETRX-CN-95,0.003938,0.046143,0.914649,3416081659,13453844,291565753,2026-08-24,backfill
2015-10,ETRX-EU,0.013735,0.033973,0.595702,34635436098,475731332,14003030084,2026-09-03,backfill
2015-10,ETRX-EU-87,0.025703,0.02723,0.056043,5332665589,137068026,5033804664,2026-08-24,backfill
2015-10,ETRX-IN,0.024433,0.072989,0.665245,3868703260,94525863,1295069646,2026-09-03,backfill
2015-10,ETRX-JP,0.018213,0.029977,0.39243,10569822842,192511423,6421903940,2026-09-03,backfill
2015-10,ETRX-KR,0.007966,0.024791,0.678658,5558738638,44282998,1786257252,2026-09-03,backfill
2015-10,ETRX-MX,0.00101,0.032217,0.96864,26756186204,27032443,839084011,2026-09-03,backfill
2015-10,ETRX-MX-87,0.000657,0.02517,0.973917,6862163705,4505095,178983674,2026-08-24,backfill
2015-10,ETRX-PHARMA,8e-06,0.049614,0.999844,8219082715,63416,1278197,2026-08-24,backfill
2015-10,ETRX-STEEL,0.006277,0.03969,0.841858,4690763960,29442071,741804705,2026-08-24,backfill
2015-10,ETRX-TW,0.018033,0.045583,0.604391,3224550905,58148239,1275661157,2026-09-03,backfill
2015-10,ETRX-US,0.015734,0.052049,0.697709,186846402227,2939813507,56481942884,2026-08-24,backfill
2015-10,ETRX-US-INCL,0.015164,0.050669,0.700723,194256001880,2945689555,58136418785,2026-08-24,backfill
2015-10,ETRX-VN,0.071383,0.145069,0.50794,3477919303,248262575,1711344704,2026-09-03,backfill
2015-11,ETRX-APPAREL,0.136038,0.171048,0.204678,6337827143,862187425,5040614848,2026-08-24,backfill
2015-11,ETRX-CA,0.000634,0.006695,0.905376,21316257869,13504344,2017023424,2026-09-03,backfill
2015-11,ETRX-CA-44,8.9e-05,0.040951,0.997837,698466815,61857,1510519,2026-08-24,backfill
2015-11,ETRX-CA-76,0.000141,0.03893,0.996366,558950553,79066,2030983,2026-08-24,backfill
2015-11,ETRX-CA-87,0.000333,0.025802,0.98709,5274136029,1756880,68089858,2026-08-24,backfill
2015-11,ETRX-CN,0.026464,0.068119,0.611501,40743704262,1078240856,15828894847,2026-09-03,backfill
2015-11,ETRX-CN-84,0.00331,0.029905,0.889321,9475944451,31363614,1048785941,2026-08-24,backfill
2015-11,ETRX-CN-85,0.008795,0.033192,0.735013,12400509779,109068416,3285978875,2026-08-24,backfill
2015-11,ETRX-CN-95,0.005626,0.046848,0.879911,2588496978,14562788,310850270,2026-08-24,backfill
2015-11,ETRX-EU,0.014661,0.035818,0.590686,32600117347,477942023,13343674310,2026-09-03,backfill
2015-11,ETRX-EU-87,0.026717,0.02826,0.0546,5198249692,138879411,4914424704,2026-08-24,backfill
2015-11,ETRX-IN,0.026179,0.079,0.668621,3208967606,84007719,1063384453,2026-09-03,backfill
2015-11,ETRX-JP,0.0185,0.029592,0.374818,10451286378,193352443,6533951949,2026-09-03,backfill
2015-11,ETRX-KR,0.008321,0.02471,0.663248,5204491340,43307451,1752622617,2026-09-03,backfill
2015-11,ETRX-MX,0.001033,0.032657,0.968372,23239449836,24003769,735019413,2026-09-03,backfill
2015-11,ETRX-MX-87,0.000698,0.025158,0.972241,6029296966,4210568,167366726,2026-08-24,backfill
2015-11,ETRX-PHARMA,1.3e-05,0.049796,0.999747,7054456076,88920,1785702,2026-08-24,backfill
2015-11,ETRX-STEEL,0.006778,0.038748,0.825072,4076869985,27633093,713157647,2026-08-24,backfill
2015-11,ETRX-TW,0.018233,0.045878,0.602566,3037308658,55380142,1207130580,2026-09-03,backfill
2015-11,ETRX-US,0.015282,0.050423,0.696916,172439206160,2635288193,52263594417,2026-08-24,backfill
2015-11,ETRX-US-INCL,0.014723,0.049053,0.699864,179580039905,2643871722,53898382004,2026-08-24,backfill
2015-11,ETRX-VN,0.065649,0.140964,0.534282,3303993530,216905120,1538728430,2026-09-03,backfill
2015-12,ETRX-APPAREL,0.135346,0.171327,0.210012,6269001508,848484604,4952435345,2026-08-24,backfill
2015-12,ETRX-CA,0.000595,0.005969,0.900343,22137956266,13168144,2206201889,2026-09-03,backfill
2015-12,ETRX-CA-44,3.8e-05,0.056522,0.999334,635924331,23942,423586,2026-08-24,backfill
2015-12,ETRX-CA-76,0.000173,0.040136,0.9957,506073137,87348,2176296,2026-08-24,backfill
2015-12,ETRX-CA-87,0.000261,0.025936,0.989918,5045928683,1319488,50874424,2026-08-24,backfill
2015-12,ETRX-CN,0.027843,0.068186,0.591664,37583194813,1046426538,15346577023,2026-09-03,backfill
2015-12,ETRX-CN-84,0.003948,0.03055,0.87076,8463979295,33417954,1093880799,2026-08-24,backfill
2015-12,ETRX-CN-85,0.008221,0.031836,0.741754,11007379279,90496858,2842616428,2026-08-24,backfill
2015-12,ETRX-CN-95,0.008834,0.047785,0.815133,1585653766,14007556,293135548,2026-08-24,backfill
2015-12,ETRX-EU,0.014536,0.034037,0.572938,33211263282,482753294,14183266486,2026-09-03,backfill
2015-12,ETRX-EU-87,0.025216,0.026678,0.054802,6073951096,153160645,5741085827,2026-08-24,backfill
2015-12,ETRX-IN,0.026797,0.078633,0.659211,3011168926,80691564,1026174189,2026-09-03,backfill
2015-12,ETRX-JP,0.018391,0.0295,0.376577,10734290836,197411876,6692001426,2026-09-03,backfill
2015-12,ETRX-KR,0.009496,0.024732,0.616049,4773704937,45330434,1832869534,2026-09-03,backfill
2015-12,ETRX-MX,0.001028,0.032026,0.9679,22577484641,23210710,724747159,2026-09-03,backfill
2015-12,ETRX-MX-87,0.000707,0.024986,0.971687,6040778184,4273441,171032264,2026-08-24,backfill
2015-12,ETRX-PHARMA,8e-06,0.049928,0.999837,7770981850,63409,1270011,2026-08-24,backfill
2015-12,ETRX-STEEL,0.006691,0.040066,0.833013,4150361939,27768140,693057336,2026-08-24,backfill
2015-12,ETRX-TW,0.017924,0.044751,0.599469,3044631119,54572804,1219469989,2026-09-03,backfill
2015-12,ETRX-US,0.015168,0.049033,0.690658,171156270063,2596086518,52945904955,2026-08-24,backfill
2015-12,ETRX-US-INCL,0.014588,0.047663,0.69393,178239131697,2600164261,54553574652,2026-08-24,backfill
2015-12,ETRX-VN,0.073487,0.144213,0.49043,2955225887,217169895,1505894619,2026-09-03,backfill
2016-01,ETRX-APPAREL,0.143373,0.173204,0.172231,6665396348,955639143,5517407903,2026-08-24,backfill
2016-01,ETRX-CA,0.000786,0.007786,0.899022,20714780157,16286039,2091738412,2026-09-03,backfill
2016-01,ETRX-CA-44,5.8e-05,0.045379,0.998712,688950095,40280,887644,2026-08-24,backfill
2016-01,ETRX-CA-76,0.00023,0.04249,0.99459,594354627,136624,3215404,2026-08-24,backfill
2016-01,ETRX-CA-87,0.000555,0.025478,0.978213,4569839237,2536616,99562339,2026-08-24,backfill
2016-01,ETRX-CN,0.032057,0.069906,0.541425,36675167579,1175703749,16818306325,2026-09-03,backfill
2016-01,ETRX-CN-84,0.005182,0.03105,0.833103,7464936916,38684919,1245875676,2026-08-24,backfill
2016-01,ETRX-CN-85,0.008952,0.031581,0.716527,9673811365,86603502,2742265979,2026-08-24,backfill
2016-01,ETRX-CN-95,0.010497,0.048969,0.785634,1494689698,15690254,320411140,2026-08-24,backfill
2016-01,ETRX-EU,0.013846,0.035344,0.60825,26622314876,368612416,10429304791,2026-09-03,backfill
2016-01,ETRX-EU-87,0.025069,0.027306,0.081919,3386014341,84885307,3108637019,2026-08-24,backfill
2016-01,ETRX-IN,0.024868,0.078828,0.684529,3633902706,90368101,1146392190,2026-09-03,backfill
2016-01,ETRX-JP,0.01818,0.02977,0.389318,9399382802,170882100,5740032127,2026-09-03,backfill
2016-01,ETRX-KR,0.002512,0.027708,0.909345,6133771819,15407069,556056937,2026-09-03,backfill
2016-01,ETRX-MX,0.001427,0.029941,0.952332,21585542908,30807260,1028930610,2026-09-03,backfill
2016-01,ETRX-MX-87,0.001277,0.024844,0.948614,5517119407,7043474,283502961,2026-08-24,backfill
2016-01,ETRX-PHARMA,8e-06,0.049644,0.999845,7099961254,54541,1098653,2026-08-24,backfill
2016-01,ETRX-STEEL,0.006915,0.03967,0.825689,4168412208,28824470,726598942,2026-08-24,backfill
2016-01,ETRX-TW,0.018244,0.04372,0.582705,3112048633,56776937,1298641822,2026-09-03,backfill
2016-01,ETRX-US,0.0168,0.05484,0.693657,158408795903,2661218183,48527387631,2026-08-24,backfill
2016-01,ETRX-US-INCL,0.016232,0.053488,0.696531,164779238464,2674702452,50005319041,2026-08-24,backfill
2016-01,ETRX-VN,0.078925,0.147263,0.464053,3232088012,255092832,1732229297,2026-09-03,backfill
2016-02,ETRX-APPAREL,0.138607,0.17153,0.191936,7122561247,987239460,5755482099,2026-08-24,backfill
2016-02,ETRX-CA,0.000733,0.008024,0.908621,20276109601,14866635,1852814004,2026-09-03,backfill
2016-02,ETRX-CA-44,0.000109,0.046875,0.997681,739339535,80355,1714230,2026-08-24,backfill
2016-02,ETRX-CA-76,0.000194,0.038854,0.995003,500972509,97261,2503256,2026-08-24,backfill
2016-02,ETRX-CA-87,0.00038,0.025381,0.985011,4976737116,1893304,74594732,2026-08-24,backfill
2016-02,ETRX-CN,0.032682,0.069579,0.53029,35510460237,1160555910,16679608680,2026-09-03,backfill
2016-02,ETRX-CN-84,0.005262,0.030418,0.827005,7576012200,39865820,1310609830,2026-08-24,backfill
2016-02,ETRX-CN-85,0.01008,0.03152,0.6802,8338700562,84055371,2666719609,2026-08-24,backfill
2016-02,ETRX-CN-95,0.010056,0.04861,0.793131,1701001798,17105213,351884044,2026-08-24,backfill
2016-02,ETRX-EU,0.013926,0.03571,0.610009,29742671494,414209052,11599367478,2026-09-03,backfill
2016-02,ETRX-EU-87,0.024462,0.026401,0.073458,3975165018,97239017,3683158690,2026-08-24,backfill
2016-02,ETRX-IN,0.028646,0.07991,0.641525,3566947483,102178179,1278660059,2026-09-03,backfill
2016-02,ETRX-JP,0.01794,0.029689,0.395753,10003346890,179457791,6044490190,2026-09-03,backfill
2016-02,ETRX-KR,0.002466,0.030309,0.918633,5689435146,14030864,462934011,2026-09-03,backfill
2016-02,ETRX-MX,0.001257,0.030748,0.959114,22392146521,28150034,915514142,2026-09-03,backfill
2016-02,ETRX-MX-87,0.001019,0.025552,0.960122,5993582731,6107254,239014259,2026-08-24,backfill
2016-02,ETRX-PHARMA,1e-05,0.048817,0.999804,7854644812,75238,1541237,2026-08-24,backfill
2016-02,ETRX-STEEL,0.007037,0.039463,0.821686,4091804390,28793327,729626347,2026-08-24,backfill
2016-02,ETRX-TW,0.018411,0.04358,0.577534,2818340885,51889110,1190653470,2026-09-03,backfill
2016-02,ETRX-US,0.016896,0.055233,0.694093,160730307208,2715733645,49168474209,2026-08-24,backfill
2016-02,ETRX-US-INCL,0.016288,0.053659,0.696453,167165851238,2722807227,50742724104,2026-08-24,backfill
2016-02,ETRX-VN,0.076685,0.147842,0.481306,3425653648,262694863,1776865398,2026-09-03,backfill
2016-03,ETRX-APPAREL,0.130531,0.171854,0.240456,5561036912,725887850,4223854191,2026-08-24,backfill
2016-03,ETRX-CA,0.000745,0.008728,0.914646,21619433072,16105324,1845301936,2026-09-03,backfill
2016-03,ETRX-CA-44,8.6e-05,0.045219,0.998104,841012210,72104,1594542,2026-08-24,backfill
2016-03,ETRX-CA-76,0.000202,0.043386,0.995345,586589520,118481,2730838,2026-08-24,backfill
2016-03,ETRX-CA-87,0.000373,0.025683,0.985495,5240646634,1952289,76014831,2026-08-24,backfill
2016-03,ETRX-CN,0.025047,0.062911,0.601865,29440046436,737386460,11721104376,2026-09-03,backfill
2016-03,ETRX-CN-84,0.004669,0.029664,0.842609,7510264282,35063820,1182045514,2026-08-24,backfill
2016-03,ETRX-CN-85,0.007392,0.030842,0.760314,8695576898,64280772,2084207293,2026-08-24,backfill
2016-03,ETRX-CN-95,0.013177,0.048567,0.728689,944106660,12440226,256146758,2026-08-24,backfill
2016-03,ETRX-EU,0.013889,0.033983,0.591302,34825173324,483677571,14232993339,2026-09-03,backfill
2016-03,ETRX-EU-87,0.024709,0.026333,0.061689,5490084052,135651927,5151404952,2026-08-24,backfill
2016-03,ETRX-IN,0.025851,0.086427,0.700894,3950247696,102116759,1181543640,2026-09-03,backfill
2016-03,ETRX-JP,0.017663,0.029447,0.40018,11707481219,206786499,7022385477,2026-09-03,backfill
2016-03,ETRX-KR,0.002611,0.029601,0.911783,6517022656,17017805,574910822,2026-09-03,backfill
2016-03,ETRX-MX,0.001117,0.031412,0.964434,23872516038,26670354,849056118,2026-09-03,backfill
2016-03,ETRX-MX-87,0.000832,0.02486,0.96653,6156486803,5122484,206056796,2026-08-24,backfill
2016-03,ETRX-PHARMA,1e-05,0.049622,0.999793,9368217127,96291,1940476,2026-08-24,backfill
2016-03,ETRX-STEEL,0.006409,0.040847,0.843108,4062611291,26035852,637392570,2026-08-24,backfill
2016-03,ETRX-TW,0.017226,0.044272,0.610907,2839567612,48914230,1104857180,2026-09-03,backfill
2016-03,ETRX-US,0.013649,0.048108,0.716285,169175470272,2309072795,47997564328,2026-08-24,backfill
2016-03,ETRX-US-INCL,0.01306,0.046723,0.72047,177639635667,2320042432,49655654427,2026-08-24,backfill
2016-03,ETRX-VN,0.059648,0.142131,0.58033,3268322944,194948800,1371618110,2026-09-03,backfill
2016-04,ETRX-APPAREL,0.132802,0.171542,0.225833,5673192679,753412028,4391995791,2026-08-24,backfill
2016-04,ETRX-CA,0.00073,0.008775,0.916785,20589114031,15033711,1713321014,2026-09-03,backfill
2016-04,ETRX-CA-44,0.000119,0.048638,0.997546,817774190,97625,2007166,2026-08-24,backfill
2016-04,ETRX-CA-76,0.00021,0.040788,0.994848,531463119,111678,2738028,2026-08-24,backfill
2016-04,ETRX-CA-87,0.000369,0.026192,0.985902,4885133938,1803861,68870553,2026-08-24,backfill
2016-04,ETRX-CN,0.027464,0.063133,0.564984,32697117220,897987059,14223773918,2026-09-03,backfill
2016-04,ETRX-CN-84,0.005023,0.029661,0.830668,7650389410,38424645,1295457704,2026-08-24,backfill
2016-04,ETRX-CN-85,0.00904,0.031352,0.711671,8885820094,80324287,2562043992,2026-08-24,backfill
2016-04,ETRX-CN-95,0.011785,0.048367,0.756334,1252512543,14761472,305194942,2026-08-24,backfill
2016-04,ETRX-EU,0.013408,0.034716,0.613786,32101754320,430416487,12398162849,2026-09-03,backfill
2016-04,ETRX-EU-87,0.026873,0.028941,0.071462,4197609160,112803520,3897640247,2026-08-24,backfill
2016-04,ETRX-IN,0.026311,0.075916,0.653421,3651416508,96071890,1265505371,2026-09-03,backfill
2016-04,ETRX-JP,0.018103,0.02939,0.384035,10556791977,191110779,6502609993,2026-09-03,backfill
2016-04,ETRX-KR,0.002369,0.026671,0.911173,6416607229,15201399,569966333,2026-09-03,backfill
2016-04,ETRX-MX,0.001147,0.031157,0.963183,24007620511,27539835,883892892,2026-09-03,backfill
2016-04,ETRX-MX-87,0.001073,0.026182,0.959022,5944489851,6377835,243595647,2026-08-24,backfill
2016-04,ETRX-PHARMA,9e-06,0.049776,0.999815,7491695973,68929,1384784,2026-08-24,backfill
2016-04,ETRX-STEEL,0.00693,0.040949,0.83076,4174791676,28932293,706541208,2026-08-24,backfill
2016-04,ETRX-TW,0.017723,0.045061,0.606694,2915765354,51675557,1146788567,2026-09-03,backfill
2016-04,ETRX-US,0.014358,0.049646,0.710787,165614157282,2377949679,47897797961,2026-08-24,backfill
2016-04,ETRX-US-INCL,0.013786,0.048169,0.713804,172852372351,2382882638,49469641185,2026-08-24,backfill
2016-04,ETRX-VN,0.069701,0.142129,0.50959,3080823483,214737478,1510865577,2026-09-03,backfill
2016-05,ETRX-APPAREL,0.133646,0.171497,0.220713,6021003553,804680124,4692090251,2026-08-24,backfill
2016-05,ETRX-CA,0.000668,0.007338,0.909023,21523851116,14369876,1958175977,2026-09-03,backfill
2016-05,ETRX-CA-44,0.000103,0.041691,0.997528,858298589,88468,2121998,2026-08-24,backfill
2016-05,ETRX-CA-76,0.000142,0.037464,0.996208,586974164,83377,2225541,2026-08-24,backfill
2016-05,ETRX-CA-87,0.000338,0.025755,0.986893,4766352749,1609006,62472504,2026-08-24,backfill
2016-05,ETRX-CN,0.028634,0.064887,0.558714,36746300985,1052188281,16215628586,2026-09-03,backfill
2016-05,ETRX-CN-84,0.004791,0.028898,0.834222,8426957177,40370487,1397000855,2026-08-24,backfill
2016-05,ETRX-CN-85,0.009125,0.03168,0.711966,9784563310,89284268,2818288098,2026-08-24,backfill
2016-05,ETRX-CN-95,0.009938,0.047835,0.792243,1413781104,14050267,293722505,2026-08-24,backfill
2016-05,ETRX-EU,0.014508,0.03436,0.577765,32875936388,476968802,13881385022,2026-09-03,backfill
2016-05,ETRX-EU-87,0.025104,0.026802,0.063372,5146070435,129185290,4819954498,2026-08-24,backfill
2016-05,ETRX-IN,0.022184,0.068118,0.674332,4106262725,91092397,1337279246,2026-09-03,backfill
2016-05,ETRX-JP,0.017553,0.02991,0.41313,9521615125,167136425,5587951418,2026-09-03,backfill
2016-05,ETRX-KR,0.00237,0.026183,0.909469,6692715946,15864247,605897104,2026-09-03,backfill
2016-05,ETRX-MX,0.001105,0.034059,0.967547,23926197883,26446033,776473140,2026-09-03,backfill
2016-05,ETRX-MX-87,0.000684,0.027237,0.974899,6114807638,4180465,153487332,2026-08-24,backfill
2016-05,ETRX-PHARMA,9e-06,0.049593,0.999821,8216733881,73017,1472333,2026-08-24,backfill
2016-05,ETRX-STEEL,0.006864,0.040019,0.828479,4514892306,30991002,774398491,2026-08-24,backfill
2016-05,ETRX-TW,0.017419,0.044775,0.61096,3208694189,55892688,1248310145,2026-09-03,backfill
2016-05,ETRX-US,0.014877,0.050286,0.704155,175129221376,2605352213,51811021924,2026-08-24,backfill
2016-05,ETRX-US-INCL,0.014353,0.048971,0.706898,182096372177,2613716895,53372897012,2026-08-24,backfill
2016-05,ETRX-VN,0.070965,0.142363,0.501521,3349545238,237700355,1669677725,2026-09-03,backfill
2016-06,ETRX-APPAREL,0.133892,0.170312,0.21384,6722069043,900033736,5284620652,2026-08-24,backfill
2016-06,ETRX-CA,0.000743,0.006751,0.889916,22564859536,16769666,2484027610,2026-09-03,backfill
2016-06,ETRX-CA-44,7.9e-05,0.038941,0.997959,868931740,69046,1773094,2026-08-24,backfill
2016-06,ETRX-CA-76,0.000152,0.039021,0.996096,571230678,87012,2229868,2026-08-24,backfill
2016-06,ETRX-CA-87,0.000466,0.025848,0.981973,5147056725,2398314,92785076,2026-08-24,backfill
2016-06,ETRX-CN,0.029911,0.068532,0.563542,37967907465,1135667085,16571404772,2026-09-03,backfill
2016-06,ETRX-CN-84,0.004176,0.029631,0.859059,8853637895,36975028,1247843898,2026-08-24,backfill
2016-06,ETRX-CN-85,0.008962,0.031377,0.714376,10076873344,90309067,2878199613,2026-08-24,backfill
2016-06,ETRX-CN-95,0.00761,0.047289,0.83908,1539526608,11715427,247740155,2026-08-24,backfill
2016-06,ETRX-EU,0.01358,0.034284,0.603904,33922864909,460669881,13436726683,2026-09-03,backfill
2016-06,ETRX-EU-87,0.025586,0.027611,0.073342,4555575423,116559266,4221460974,2026-08-24,backfill
2016-06,ETRX-IN,0.02454,0.07983,0.692595,3475395669,85287014,1068353308,2026-09-03,backfill
2016-06,ETRX-JP,0.017656,0.029557,0.402661,10855605760,191664000,6484475170,2026-09-03,backfill
2016-06,ETRX-KR,0.002728,0.027184,0.899645,5872488514,16020742,589335526,2026-09-03,backfill
2016-06,ETRX-MX,0.001111,0.030566,0.963658,24163894581,26841427,878152764,2026-09-03,backfill
2016-06,ETRX-MX-87,0.000663,0.024803,0.973261,6011598572,3986902,160741131,2026-08-24,backfill
2016-06,ETRX-PHARMA,7e-06,0.049646,0.999857,8432402988,59723,1202966,2026-08-24,backfill
2016-06,ETRX-STEEL,0.006935,0.03996,0.826444,4500555658,31212291,781097204,2026-08-24,backfill
2016-06,ETRX-TW,0.017028,0.045067,0.622176,3261668163,55538218,1232337842,2026-09-03,backfill
2016-06,ETRX-US,0.015166,0.050269,0.698311,179232102800,2718172709,54072270116,2026-08-24,backfill
2016-06,ETRX-US-INCL,0.014607,0.048929,0.701463,186606536663,2725768747,55709036834,2026-08-24,backfill
2016-06,ETRX-VN,0.073347,0.145192,0.494827,3589570000,263283532,1813353105,2026-09-03,backfill
2016-07,ETRX-APPAREL,0.13811,0.170534,0.190137,7758153411,1071475285,6283044282,2026-08-24,backfill
2016-07,ETRX-CA,0.000629,0.006171,0.898076,20214522622,12714693,2060342182,2026-09-03,backfill
2016-07,ETRX-CA-44,0.000104,0.042715,0.997574,852787340,88374,2068940,2026-08-24,backfill
2016-07,ETRX-CA-76,0.00018,0.039582,0.995444,592163792,106794,2698033,2026-08-24,backfill
2016-07,ETRX-CA-87,0.000367,0.025961,0.985861,3683019818,1351864,52073064,2026-08-24,backfill
2016-07,ETRX-CN,0.031792,0.072306,0.560315,38977260809,1239160280,17137708590,2026-09-03,backfill
2016-07,ETRX-CN-84,0.004168,0.030259,0.86225,8234150322,34321315,1134254399,2026-08-24,backfill
2016-07,ETRX-CN-85,0.008174,0.029507,0.722981,10279525171,84024079,2847624075,2026-08-24,backfill
2016-07,ETRX-CN-95,0.004909,0.047731,0.897146,2179161367,10698131,224135150,2026-08-24,backfill
2016-07,ETRX-EU,0.014343,0.035454,0.595448,31380365638,450085568,12695000730,2026-09-03,backfill
2016-07,ETRX-EU-87,0.025262,0.027206,0.071476,4236392444,107018937,3933593890,2026-08-24,backfill
2016-07,ETRX-IN,0.024239,0.071952,0.663118,3752328312,90954324,1264093391,2026-09-03,backfill
2016-07,ETRX-JP,0.017977,0.029586,0.392398,10802436414,194191604,6563581304,2026-09-03,backfill
2016-07,ETRX-KR,0.002712,0.027543,0.90152,5928812988,16081209,583868743,2026-09-03,backfill
2016-07,ETRX-MX,0.00112,0.031292,0.964217,22191819384,24849017,794098237,2026-09-03,backfill
2016-07,ETRX-MX-87,0.000787,0.030999,0.974621,5765475630,4535883,146323281,2026-08-24,backfill
2016-07,ETRX-PHARMA,8e-06,0.049786,0.999844,8171947193,63506,1275589,2026-08-24,backfill
2016-07,ETRX-STEEL,0.006454,0.038898,0.834089,4711742737,30407306,781728736,2026-08-24,backfill
2016-07,ETRX-TW,0.017029,0.044775,0.619677,3105697647,52887369,1181169494,2026-09-03,backfill
2016-07,ETRX-US,0.016491,0.053764,0.693271,173356935074,2858842007,53173666730,2026-08-24,backfill
2016-07,ETRX-US-INCL,0.015896,0.052339,0.696281,180052050307,2862182649,54685179359,2026-08-24,backfill
2016-07,ETRX-VN,0.078982,0.146837,0.462113,3405477684,268970190,1831762432,2026-09-03,backfill
2016-08,ETRX-APPAREL,0.139458,0.170673,0.182889,8361941626,1166143086,6832634378,2026-08-24,backfill
2016-08,ETRX-CA,0.000664,0.005812,0.88569,22669469266,15060308,2591350108,2026-09-03,backfill
2016-08,ETRX-CA-44,7.6e-05,0.038965,0.998039,894956080,68383,1754965,2026-08-24,backfill
2016-08,ETRX-CA-76,0.000147,0.039558,0.996283,582485151,85642,2164972,2026-08-24,backfill
2016-08,ETRX-CA-87,0.000353,0.025982,0.986395,4931618310,1743205,67093489,2026-08-24,backfill
2016-08,ETRX-CN,0.032605,0.072262,0.548792,42360999301,1381182829,19113625646,2026-09-03,backfill
2016-08,ETRX-CN-84,0.004094,0.031423,0.869711,8407235599,34419621,1095370012,2026-08-24,backfill
2016-08,ETRX-CN-85,0.009273,0.030207,0.693012,11270507846,104514364,3459905741,2026-08-24,backfill
2016-08,ETRX-CN-95,0.004047,0.046621,0.913198,2745207372,11109343,238290627,2026-08-24,backfill
2016-08,ETRX-EU,0.014061,0.035313,0.601812,32324921201,454521851,12871393171,2026-09-03,backfill
2016-08,ETRX-EU-87,0.02509,0.027168,0.076491,4328264685,108594534,3997192649,2026-08-24,backfill
2016-08,ETRX-IN,0.024003,0.074585,0.678183,3930720175,94348239,1264971446,2026-09-03,backfill
2016-08,ETRX-JP,0.018223,0.029387,0.379893,11175056894,203645285,6929734182,2026-09-03,backfill
2016-08,ETRX-KR,0.002615,0.030706,0.914849,5902894360,15433924,502639877,2026-09-03,backfill
2016-08,ETRX-MX,0.001111,0.030423,0.963472,24465014222,27187365,893657542,2026-09-03,backfill
2016-08,ETRX-MX-87,0.00067,0.024917,0.9731,6236775996,4180446,167771913,2026-08-24,backfill
2016-08,ETRX-PHARMA,7e-06,0.049949,0.999864,8759879018,59351,1188242,2026-08-24,backfill
2016-08,ETRX-STEEL,0.006758,0.039316,0.828118,4911786642,33192228,844245308,2026-08-24,backfill
2016-08,ETRX-TW,0.017282,0.045072,0.61658,3446775034,59565720,1321560952,2026-09-03,backfill
2016-08,ETRX-US,0.016673,0.05375,0.689803,184046955527,3068624892,57090790843,2026-08-24,backfill
2016-08,ETRX-US-INCL,0.016052,0.052327,0.693229,191470143427,3073538918,58737433258,2026-08-24,backfill
2016-08,ETRX-VN,0.073211,0.145929,0.498313,3984851323,291733550,1999148995,2026-09-03,backfill
2016-09,ETRX-APPAREL,0.138078,0.170312,0.189263,7322744896,1011112687,5936822662,2026-08-24,backfill
2016-09,ETRX-CA,0.00072,0.006035,0.880685,22277617261,16042111,2658056586,2026-09-03,backfill
2016-09,ETRX-CA-44,0.000102,0.043033,0.997619,850843936,87168,2025629,2026-08-24,backfill
2016-09,ETRX-CA-76,0.000185,0.036512,0.99493,533262135,98709,2703482,2026-08-24,backfill
2016-09,ETRX-CA-87,0.00032,0.025564,0.987483,5106461143,1633963,63917368,2026-08-24,backfill
2016-09,ETRX-CN,0.029538,0.070891,0.58334,41380570422,1222279265,17241610388,2026-09-03,backfill
2016-09,ETRX-CN-84,0.003954,0.031599,0.87486,7892745105,31210147,987698377,2026-08-24,backfill
2016-09,ETRX-CN-85,0.008043,0.030533,0.736583,12637462386,101643113,3328919201,2026-08-24,backfill
2016-09,ETRX-CN-95,0.003742,0.046336,0.919239,3076205681,11511618,248436308,2026-08-24,backfill
2016-09,ETRX-EU,0.013155,0.033084,0.602384,31139277528,409623809,12381460955,2026-09-03,backfill
2016-09,ETRX-EU-87,0.025327,0.026336,0.038314,4511663651,114268276,4338804193,2026-08-24,backfill
2016-09,ETRX-IN,0.021814,0.073538,0.703369,4049030464,88323967,1201068701,2026-09-03,backfill
2016-09,ETRX-JP,0.018015,0.029321,0.38561,10137604192,182626705,6228445647,2026-09-03,backfill
2016-09,ETRX-KR,0.002667,0.027005,0.901226,5188384822,13839603,512476067,2026-09-03,backfill
2016-09,ETRX-MX,0.001061,0.031474,0.966291,24332206123,25814912,820206099,2026-09-03,backfill
2016-09,ETRX-MX-87,0.000599,0.02489,0.975937,6607774024,3957681,159004228,2026-08-24,backfill
2016-09,ETRX-PHARMA,7e-06,0.049911,0.999857,7926279299,56448,1130962,2026-08-24,backfill
2016-09,ETRX-STEEL,0.007061,0.039254,0.820108,4346419961,30692097,781885426,2026-08-24,backfill
2016-09,ETRX-TW,0.016505,0.044966,0.632943,3209634619,52974977,1178120061,2026-09-03,backfill
2016-09,ETRX-US,0.01543,0.051642,0.701218,178452947636,2753459861,53318565791,2026-08-24,backfill
2016-09,ETRX-US-INCL,0.014891,0.05041,0.704594,185903562750,2768379719,54917044818,2026-08-24,backfill
2016-09,ETRX-VN,0.066454,0.141896,0.53167,3784113543,251469262,1772213398,2026-09-03,backfill
2016-10,ETRX-APPAREL,0.141815,0.172379,0.17731,7360537723,1043832568,6055444115,2026-08-24,backfill
2016-10,ETRX-CA,0.000615,0.005649,0.891208,22419667913,13777873,2439087722,2026-09-03,backfill
2016-10,ETRX-CA-44,0.000103,0.039073,0.997368,876691777,90164,2307563,2026-08-24,backfill
2016-10,ETRX-CA-76,0.00012,0.040098,0.997003,588659417,70753,1764493,2026-08-24,backfill
2016-10,ETRX-CA-87,0.000349,0.025517,0.986336,5174115336,1804023,70698710,2026-08-24,backfill
2016-10,ETRX-CN,0.028073,0.069745,0.597489,43929032474,1233228316,17681934657,2026-09-03,backfill
2016-10,ETRX-CN-84,0.003811,0.031234,0.877981,8567452680,32652019,1045396277,2026-08-24,backfill
2016-10,ETRX-CN-85,0.007852,0.03085,0.745484,13861777554,108840494,3528039332,2026-08-24,backfill
2016-10,ETRX-CN-95,0.003754,0.046349,0.919002,3464995769,13008240,280659056,2026-08-24,backfill
2016-10,ETRX-EU,0.013509,0.034182,0.604803,33406799327,451283283,13202274929,2026-09-03,backfill
2016-10,ETRX-EU-87,0.025087,0.026577,0.056097,4641967239,116451066,4381566737,2026-08-24,backfill
2016-10,ETRX-IN,0.021446,0.069898,0.693177,4413507782,94653166,1354165853,2026-09-03,backfill
2016-10,ETRX-JP,0.017949,0.029105,0.383298,11243442793,201808842,6933849960,2026-09-03,backfill
2016-10,ETRX-KR,0.002883,0.028541,0.898976,5302781028,15289634,535707495,2026-09-03,backfill
2016-10,ETRX-MX,0.001033,0.031468,0.967167,25479272918,26325196,836559534,2026-09-03,backfill
2016-10,ETRX-MX-87,0.00065,0.025226,0.974228,7040281377,4576979,181440761,2026-08-24,backfill
2016-10,ETRX-PHARMA,1.1e-05,0.049742,0.99977,7745414553,88751,1784214,2026-08-24,backfill
2016-10,ETRX-STEEL,0.007019,0.038079,0.815685,4404271880,30911507,811774888,2026-08-24,backfill
2016-10,ETRX-TW,0.016033,0.04275,0.624966,3219477487,51617085,1207414983,2026-09-03,backfill
2016-10,ETRX-US,0.015619,0.05192,0.699179,184456641228,2880973419,55488469791,2026-08-24,backfill
2016-10,ETRX-US-INCL,0.01502,0.050491,0.702528,191870010941,2881811113,57075890717,2026-08-24,backfill
2016-10,ETRX-VN,0.0703,0.14289,0.508015,4058027563,285278962,1996488140,2026-09-03,backfill
2016-11,ETRX-APPAREL,0.137615,0.17185,0.199213,6186212413,851318247,4953839016,2026-08-24,backfill
2016-11,ETRX-CA,0.000647,0.005101,0.87316,22706079407,14691244,2880035888,2026-09-03,backfill
2016-11,ETRX-CA-44,4.9e-05,0.042796,0.99885,804838776,39615,925660,2026-08-24,backfill
2016-11,ETRX-CA-76,0.000118,0.036137,0.996736,615109697,72564,2008020,2026-08-24,backfill
2016-11,ETRX-CA-87,0.000402,0.02574,0.984391,5134143386,2062737,80138408,2026-08-24,backfill
2016-11,ETRX-CN,0.025534,0.06599,0.613065,41672524012,1064058757,16124546142,2026-09-03,backfill
2016-11,ETRX-CN-84,0.003499,0.031948,0.890483,8933991849,31258981,978419570,2026-08-24,backfill
2016-11,ETRX-CN-85,0.007392,0.030108,0.754501,13338110824,98590118,3274495018,2026-08-24,backfill
2016-11,ETRX-CN-95,0.005835,0.046961,0.875749,2413155654,14080566,299837623,2026-08-24,backfill
2016-11,ETRX-EU,0.01373,0.034245,0.59907,32845879595,450973740,13168908436,2026-09-03,backfill
2016-11,ETRX-EU-87,0.025331,0.026704,0.051418,5062203293,128232557,4801916766,2026-08-24,backfill
2016-11,ETRX-IN,0.024642,0.078068,0.684351,3548257023,87436781,1120002757,2026-09-03,backfill
2016-11,ETRX-JP,0.018565,0.029224,0.364739,10802598123,200550641,6862466594,2026-09-03,backfill
2016-11,ETRX-KR,0.002811,0.025294,0.888872,5452847163,15327283,605962353,2026-09-03,backfill
2016-11,ETRX-MX,0.001078,0.030732,0.964924,24592998915,26510643,862635989,2026-09-03,backfill
2016-11,ETRX-MX-87,0.000696,0.024719,0.971846,6431925525,4476144,181081493,2026-08-24,backfill
2016-11,ETRX-PHARMA,4e-06,0.049918,0.999924,8024274155,30410,609197,2026-08-24,backfill
2016-11,ETRX-STEEL,0.007511,0.038007,0.80237,4428014946,33260025,875107502,2026-08-24,backfill
2016-11,ETRX-TW,0.016874,0.043673,0.613635,3213867587,54229458,1241726396,2026-09-03,backfill
2016-11,ETRX-US,0.014393,0.048262,0.701773,181616341273,2613993632,54162858552,2026-08-24,backfill
2016-11,ETRX-US-INCL,0.013843,0.046922,0.704981,188985257042,2616119093,55754195294,2026-08-24,backfill
2016-11,ETRX-VN,0.061962,0.134439,0.539106,3759260743,232931274,1732620790,2026-09-03,backfill
2016-12,ETRX-APPAREL,0.137847,0.173373,0.204913,5803504268,799994596,4614292929,2026-08-24,backfill
2016-12,ETRX-CA,0.000627,0.004897,0.872068,21878609844,13707599,2798978324,2026-09-03,backfill
2016-12,ETRX-CA-44,3.8e-05,0.048338,0.999206,749782272,28779,595375,2026-08-24,backfill
2016-12,ETRX-CA-76,0.000101,0.038083,0.997339,587411216,59519,1562881,2026-08-24,backfill
2016-12,ETRX-CA-87,0.00044,0.025956,0.98306,4282659928,1883038,72546197,2026-08-24,backfill
2016-12,ETRX-CN,0.026743,0.065305,0.590492,38529084698,1030377777,15777973429,2026-09-03,backfill
2016-12,ETRX-CN-84,0.00403,0.031886,0.873619,8366252033,33713928,1057332188,2026-08-24,backfill
2016-12,ETRX-CN-85,0.00743,0.029233,0.745826,11469824820,85224410,2915331405,2026-08-24,backfill
2016-12,ETRX-CN-95,0.009124,0.047654,0.808542,1503472606,13717396,287851718,2026-08-24,backfill
2016-12,ETRX-EU,0.014451,0.034216,0.577657,32345500404,467421763,13660889866,2026-09-03,backfill
2016-12,ETRX-EU-87,0.025182,0.026617,0.053921,5572967773,140338413,5272469433,2026-08-24,backfill
2016-12,ETRX-IN,0.023921,0.07196,0.667577,3311742584,79221364,1100900928,2026-09-03,backfill
2016-12,ETRX-JP,0.018799,0.02872,0.345438,11934101279,224351773,7811603268,2026-09-03,backfill
2016-12,ETRX-KR,0.002823,0.027275,0.896517,5222699506,14741070,540461692,2026-09-03,backfill
2016-12,ETRX-MX,0.00105,0.030059,0.96507,22883770488,24026890,799327668,2026-09-03,backfill
2016-12,ETRX-MX-87,0.000605,0.024692,0.975482,6164105449,3731698,151131682,2026-08-24,backfill
2016-12,ETRX-PHARMA,4e-06,0.049155,0.999917,7690444956,31445,639710,2026-08-24,backfill
2016-12,ETRX-STEEL,0.00716,0.038772,0.815327,4445966951,31833778,821049967,2026-08-24,backfill
2016-12,ETRX-TW,0.016085,0.043676,0.631717,3214316393,51702811,1183778712,2026-09-03,backfill
2016-12,ETRX-US,0.014712,0.046904,0.686341,175707738577,2584975870,55112235457,2026-08-24,backfill
2016-12,ETRX-US-INCL,0.014168,0.045719,0.690102,182761592668,2589386136,56637433522,2026-08-24,backfill
2016-12,ETRX-VN,0.074034,0.142561,0.480686,3295360081,243968882,1711326422,2026-09-03,backfill
2017-01,ETRX-APPAREL,0.146507,0.174597,0.160885,6949542827,1018153618,5831465043,2026-08-24,backfill
2017-01,ETRX-CA,0.000736,0.004712,0.843883,22815612402,16784509,3561910370,2026-09-03,backfill
2017-01,ETRX-CA-44,3.2e-05,0.05901,0.999455,832674310,26762,453517,2026-08-24,backfill
2017-01,ETRX-CA-76,0.000119,0.036211,0.996712,673505619,80188,2214438,2026-08-24,backfill
2017-01,ETRX-CA-87,0.000588,0.025346,0.976812,4548997458,2673503,105479939,2026-08-24,backfill
2017-01,ETRX-CN,0.030045,0.068731,0.562855,40773721579,1225055502,17824012947,2026-09-03,backfill
2017-01,ETRX-CN-84,0.005156,0.03215,0.839632,7950671742,40992041,1275034631,2026-08-24,backfill
2017-01,ETRX-CN-85,0.007139,0.02858,0.750201,11635801425,83072267,2906613871,2026-08-24,backfill
2017-01,ETRX-CN-95,0.009712,0.048158,0.798324,1639968560,15927758,330742264,2026-08-24,backfill
2017-01,ETRX-EU,0.013317,0.034348,0.612289,30170504929,401779938,11697435272,2026-09-03,backfill
2017-01,ETRX-EU-87,0.02586,0.027297,0.05266,3927517501,101565344,3720693014,2026-08-24,backfill
2017-01,ETRX-IN,0.025032,0.07924,0.684099,3835195944,96001949,1211541283,2026-09-03,backfill
2017-01,ETRX-JP,0.0185,0.029035,0.36285,10307483058,190686431,6567414864,2026-09-03,backfill
2017-01,ETRX-KR,0.00239,0.025858,0.907567,5772843035,13797840,533603147,2026-09-03,backfill
2017-01,ETRX-MX,0.001446,0.029194,0.950482,22678062694,32783652,1122975974,2026-09-03,backfill
2017-01,ETRX-MX-87,0.001205,0.024858,0.95153,5786452600,6972003,280467832,2026-08-24,backfill
2017-01,ETRX-PHARMA,4e-06,0.049748,0.999922,8193777692,31606,635317,2026-08-24,backfill
2017-01,ETRX-STEEL,0.00703,0.038942,0.819483,4604516033,32368355,831194654,2026-08-24,backfill
2017-01,ETRX-TW,0.017586,0.044299,0.603005,3227200374,56754749,1281183532,2026-09-03,backfill
2017-01,ETRX-US,0.016045,0.050724,0.68367,176429355144,2830882917,55809809783,2026-08-24,backfill
2017-01,ETRX-US-INCL,0.015463,0.049423,0.687138,183368260693,2835337016,57368946746,2026-08-24,backfill
2017-01,ETRX-VN,0.07945,0.14433,0.449526,3810662611,302756597,2097670908,2026-09-03,backfill
2017-02,ETRX-APPAREL,0.1387,0.172549,0.19617,6130381584,850284321,4927785774,2026-08-24,backfill
2017-02,ETRX-CA,0.000741,0.004379,0.830783,22044106615,16334097,3730236594,2026-09-03,backfill
2017-02,ETRX-CA-44,4.8e-05,0.055686,0.999145,753432704,35867,644091,2026-08-24,backfill
2017-02,ETRX-CA-76,0.000154,0.034692,0.995572,630811919,96908,2793391,2026-08-24,backfill
2017-02,ETRX-CA-87,0.000387,0.025494,0.984832,4736726188,1831679,71847664,2026-08-24,backfill
2017-02,ETRX-CN,0.029939,0.066834,0.552041,32326875848,967836605,14481128189,2026-09-03,backfill
2017-02,ETRX-CN-84,0.004907,0.031657,0.845006,7154004306,35101722,1108826924,2026-08-24,backfill
2017-02,ETRX-CN-85,0.008391,0.029027,0.710939,7943272035,66648463,2296087791,2026-08-24,backfill
2017-02,ETRX-CN-95,0.010212,0.04865,0.790086,1385543111,14149703,290844309,2026-08-24,backfill
2017-02,ETRX-EU,0.012982,0.034988,0.628975,30077702711,390455022,11159569469,2026-09-03,backfill
2017-02,ETRX-EU-87,0.024283,0.026006,0.066251,3518138022,85430040,3285059496,2026-08-24,backfill
2017-02,ETRX-IN,0.02764,0.080082,0.654855,3392585860,93770797,1170934961,2026-09-03,backfill
2017-02,ETRX-JP,0.017739,0.029318,0.394947,9815185909,174110969,5938703388,2026-09-03,backfill
2017-02,ETRX-KR,0.00282,0.022495,0.874629,4669837387,13169730,585461883,2026-09-03,backfill
2017-02,ETRX-MX,0.001225,0.029096,0.957898,22914904841,28070076,964753662,2026-09-03,backfill
2017-02,ETRX-MX-87,0.000831,0.025004,0.966774,6378560251,5299211,211936878,2026-08-24,backfill
2017-02,ETRX-PHARMA,6e-06,0.049884,0.999874,8103330670,50752,1017392,2026-08-24,backfill
2017-02,ETRX-STEEL,0.006311,0.038766,0.837206,4629798759,29217862,753703327,2026-08-24,backfill
2017-02,ETRX-TW,0.016733,0.042971,0.610608,2756540779,46124311,1073375400,2026-09-03,backfill
2017-02,ETRX-US,0.015013,0.048539,0.690702,161907471071,2430714933,50077671415,2026-08-24,backfill
2017-02,ETRX-US-INCL,0.014472,0.047328,0.694225,168540394285,2439056275,51535452633,2026-08-24,backfill
2017-02,ETRX-VN,0.077319,0.142893,0.458905,3130177665,242020767,1693724428,2026-09-03,backfill
2017-03,ETRX-APPAREL,0.132113,0.17269,0.234967,5827495610,769889141,4458224883,2026-08-24,backfill
2017-03,ETRX-CA,0.00067,0.004172,0.839406,24458159701,16388117,3927824949,2026-09-03,backfill
2017-03,ETRX-CA-44,6.5e-05,0.06125,0.998945,934780287,60390,985953,2026-08-24,backfill
2017-03,ETRX-CA-76,0.000131,0.035231,0.996293,748552306,97766,2774987,2026-08-24,backfill
2017-03,ETRX-CA-87,0.000359,0.026046,0.98622,5026247584,1804030,69264152,2026-08-24,backfill
2017-03,ETRX-CN,0.024237,0.061658,0.606912,33554921009,813271026,13190047386,2026-09-03,backfill
2017-03,ETRX-CN-84,0.004258,0.03093,0.862337,8232588721,35053199,1133320871,2026-08-24,backfill
2017-03,ETRX-CN-85,0.007018,0.028572,0.754365,10195389616,71554320,2504346766,2026-08-24,backfill
2017-03,ETRX-CN-95,0.012543,0.048555,0.741679,1149805897,14421782,297018890,2026-08-24,backfill
2017-03,ETRX-EU,0.013467,0.033817,0.601754,34231324355,461007822,13632473716,2026-09-03,backfill
2017-03,ETRX-EU-87,0.025402,0.026907,0.055938,5009747828,127256795,4729512570,2026-08-24,backfill
2017-03,ETRX-IN,0.026609,0.080267,0.668495,3985885875,106059874,1321341147,2026-09-03,backfill
2017-03,ETRX-JP,0.018079,0.0294,0.385074,12090997528,218593706,7435070894,2026-09-03,backfill
2017-03,ETRX-KR,0.002492,0.022382,0.888667,6087934865,15170184,677785138,2026-09-03,backfill
2017-03,ETRX-MX,0.001138,0.02801,0.959365,27211307516,30970985,1105722315,2026-09-03,backfill
2017-03,ETRX-MX-87,0.000745,0.024969,0.970167,7744232199,5768706,231032484,2026-08-24,backfill
2017-03,ETRX-PHARMA,5e-06,0.049682,0.99989,8953959501,48888,984022,2026-08-24,backfill
2017-03,ETRX-STEEL,0.005714,0.039784,0.85638,5187755775,29641957,745063939,2026-08-24,backfill
2017-03,ETRX-TW,0.016033,0.042668,0.624232,3212418759,51506071,1207124144,2026-09-03,backfill
2017-03,ETRX-US,0.013088,0.043721,0.700642,185204014138,2424005329,55442278783,2026-08-24,backfill
2017-03,ETRX-US-INCL,0.012624,0.042592,0.703605,192796836710,2433883782,57143936034,2026-08-24,backfill
2017-03,ETRX-VN,0.074849,0.140329,0.466614,3055736959,228720132,1629886043,2026-09-03,backfill
2017-04,ETRX-APPAREL,0.136807,0.172465,0.206751,5712998241,781580387,4531827497,2026-08-24,backfill
2017-04,ETRX-CA,0.000675,0.004345,0.844701,22811982006,15391590,3542677727,2026-09-03,backfill
2017-04,ETRX-CA-44,5.3e-05,0.055292,0.999047,980325667,51652,934171,2026-08-24,backfill
2017-04,ETRX-CA-76,0.000123,0.034904,0.99648,781385118,95999,2750374,2026-08-24,backfill
2017-04,ETRX-CA-87,0.000308,0.025862,0.988085,4664576684,1437419,55580200,2026-08-24,backfill
2017-04,ETRX-CN,0.026064,0.062593,0.583592,37070593842,966214967,15436488818,2026-09-03,backfill
2017-04,ETRX-CN-84,0.004988,0.03141,0.841192,8402658010,41914103,1334409682,2026-08-24,backfill
2017-04,ETRX-CN-85,0.007664,0.029085,0.736511,11032391781,84548476,2906909651,2026-08-24,backfill
2017-04,ETRX-CN-95,0.012245,0.048964,0.749915,1369563456,16770549,342507385,2026-08-24,backfill
2017-04,ETRX-EU,0.013596,0.033377,0.592661,33135757749,450503252,13497501245,2026-09-03,backfill
2017-04,ETRX-EU-87,0.025262,0.026837,0.058661,4842093694,122323263,4558051297,2026-08-24,backfill
2017-04,ETRX-IN,0.025685,0.076943,0.666183,3695636171,94922600,1233667479,2026-09-03,backfill
2017-04,ETRX-JP,0.01808,0.02923,0.381476,10815012618,195530144,6689343244,2026-09-03,backfill
2017-04,ETRX-KR,0.002471,0.021133,0.883055,6114303608,15111010,715038379,2026-09-03,backfill
2017-04,ETRX-MX,0.001104,0.027812,0.960315,24228222141,26741517,961497849,2026-09-03,backfill
2017-04,ETRX-MX-87,0.000813,0.025102,0.9676,6664263490,5420213,215923885,2026-08-24,backfill
2017-04,ETRX-PHARMA,9e-06,0.049845,0.999816,7315690678,67183,1347828,2026-08-24,backfill
2017-04,ETRX-STEEL,0.005738,0.039006,0.852886,5520865301,31680601,812197010,2026-08-24,backfill
2017-04,ETRX-TW,0.015895,0.041966,0.621246,3253484217,51714008,1232270232,2026-09-03,backfill
2017-04,ETRX-US,0.014066,0.045731,0.692409,178196419753,2506578804,54811582118,2026-08-24,backfill
2017-04,ETRX-US-INCL,0.013562,0.044617,0.696022,185578989722,2516907895,56412002170,2026-08-24,backfill
2017-04,ETRX-VN,0.063208,0.13839,0.543264,3979081207,251508559,1817390427,2026-09-03,backfill
2017-05,ETRX-APPAREL,0.131262,0.170503,0.23015,6184687871,811814622,4761279363,2026-08-24,backfill
2017-05,ETRX-CA,0.000632,0.004031,0.843243,24478182504,15466611,3837133479,2026-09-03,backfill
2017-05,ETRX-CA-44,8.3e-05,0.057977,0.998565,839992550,69884,1205366,2026-08-24,backfill
2017-05,ETRX-CA-76,0.000119,0.038068,0.996868,714630634,85197,2238026,2026-08-24,backfill
2017-05,ETRX-CA-87,0.00028,0.026227,0.989328,5057103046,1415481,53970078,2026-08-24,backfill
2017-05,ETRX-CN,0.026802,0.063069,0.575041,40768867905,1092670501,17325080689,2026-09-03,backfill
2017-05,ETRX-CN-84,0.00498,0.032185,0.845278,9472691865,47171607,1465633280,2026-08-24,backfill
2017-05,ETRX-CN-85,0.008081,0.028853,0.719932,11177014503,90318654,3130325836,2026-08-24,backfill
2017-05,ETRX-CN-95,0.009124,0.047823,0.809216,1590413870,14510724,303424970,2026-08-24,backfill
2017-05,ETRX-EU,0.013302,0.033847,0.607,34163821938,454440975,13426396142,2026-09-03,backfill
2017-05,ETRX-EU-87,0.024026,0.025764,0.067452,4411030600,105978204,4113497271,2026-08-24,backfill
2017-05,ETRX-IN,0.02248,0.072593,0.690321,4553938849,102374636,1410259989,2026-09-03,backfill
2017-05,ETRX-JP,0.017651,0.029628,0.404262,10521849348,185717741,6268262749,2026-09-03,backfill
2017-05,ETRX-KR,0.002651,0.020249,0.869066,5759718544,15270653,754145439,2026-09-03,backfill
2017-05,ETRX-MX,0.001059,0.026076,0.959402,26175142944,27709942,1062649902,2026-09-03,backfill
2017-05,ETRX-MX-87,0.000663,0.024955,0.973447,7027602317,4656786,186603741,2026-08-24,backfill
2017-05,ETRX-PHARMA,5e-06,0.049362,0.999905,8470916191,39575,801738,2026-08-24,backfill
2017-05,ETRX-STEEL,0.006178,0.039602,0.843995,5762466813,35600934,898974104,2026-08-24,backfill
2017-05,ETRX-TW,0.016925,0.042836,0.604897,3463285817,58614839,1368353218,2026-09-03,backfill
2017-05,ETRX-US,0.014054,0.046371,0.69693,191128320399,2686059453,57925277597,2026-08-24,backfill
2017-05,ETRX-US-INCL,0.013538,0.045186,0.700399,198874252969,2692314945,59582970060,2026-08-24,backfill
2017-05,ETRX-VN,0.063559,0.138145,0.539913,4199810609,266934580,1932278920,2026-09-03,backfill
2017-06,ETRX-APPAREL,0.134618,0.171843,0.216624,6472773183,871351592,5070616137,2026-08-24,backfill
2017-06,ETRX-CA,0.000658,0.004417,0.85107,24056793129,15826600,3582780452,2026-09-03,backfill
2017-06,ETRX-CA-44,7.5e-05,0.056649,0.998676,776786867,58265,1028522,2026-08-24,backfill
2017-06,ETRX-CA-76,0.000113,0.037244,0.996974,706366048,79605,2137366,2026-08-24,backfill
2017-06,ETRX-CA-87,0.000295,0.025483,0.988441,5273565849,1553426,60958218,2026-08-24,backfill
2017-06,ETRX-CN,0.027365,0.065761,0.583881,41798452599,1143796896,17393126579,2026-09-03,backfill
2017-06,ETRX-CN-84,0.004092,0.032368,0.873582,10238520759,41894648,1294335503,2026-08-24,backfill
2017-06,ETRX-CN-85,0.008024,0.02875,0.720911,11081216488,88914109,3092640353,2026-08-24,backfill
2017-06,ETRX-CN-95,0.00721,0.047506,0.848231,1733396571,12497686,263076072,2026-08-24,backfill
2017-06,ETRX-EU,0.014325,0.035046,0.591253,33627481259,481718823,13745148328,2026-09-03,backfill
2017-06,ETRX-EU-87,0.026548,0.028259,0.060543,4833083740,128309949,4540474801,2026-08-24,backfill
2017-06,ETRX-IN,0.023457,0.073991,0.682971,3829515135,89829568,1214066398,2026-09-03,backfill
2017-06,ETRX-JP,0.017561,0.029369,0.402047,10754035150,188852055,6430404145,2026-09-03,backfill
2017-06,ETRX-KR,0.002387,0.02478,0.903684,5824971282,13902622,561036889,2026-09-03,backfill
2017-06,ETRX-MX,0.00102,0.02695,0.962165,26361322048,26879484,997372927,2026-09-03,backfill
2017-06,ETRX-MX-87,0.000561,0.025123,0.977685,7183727340,4027426,160305599,2026-08-24,backfill
2017-06,ETRX-PHARMA,3e-06,0.048939,0.99994,8409473913,24729,505306,2026-08-24,backfill
2017-06,ETRX-STEEL,0.005696,0.039502,0.855805,5908333189,33653588,851949627,2026-08-24,backfill
2017-06,ETRX-TW,0.015692,0.042587,0.631531,3555277780,55789287,1310010598,2026-09-03,backfill
2017-06,ETRX-US,0.014553,0.047958,0.696553,188954202354,2749794455,57337533314,2026-08-24,backfill
2017-06,ETRX-US-INCL,0.013996,0.046669,0.700108,196962271062,2756622592,59067324315,2026-08-24,backfill
2017-06,ETRX-VN,0.074276,0.143282,0.481609,3714495043,275898016,1925559913,2026-09-03,backfill
2017-07,ETRX-APPAREL,0.138546,0.171586,0.192554,7712413658,1068525224,6227360079,2026-08-24,backfill
2017-07,ETRX-CA,0.00067,0.004246,0.842138,21384433153,14334367,3375788760,2026-09-03,backfill
2017-07,ETRX-CA-44,8.4e-05,0.047696,0.99824,754006975,63300,1327162,2026-08-24,backfill
2017-07,ETRX-CA-76,0.000124,0.037017,0.996653,713304869,88384,2387634,2026-08-24,backfill
2017-07,ETRX-CA-87,0.000352,0.025734,0.986305,3305744183,1165063,45272846,2026-08-24,backfill
2017-07,ETRX-CN,0.029428,0.06887,0.572702,43136462880,1269418486,18432122924,2026-09-03,backfill
2017-07,ETRX-CN-84,0.004034,0.032302,0.875125,10023661842,40432156,1251705374,2026-08-24,backfill
2017-07,ETRX-CN-85,0.007875,0.027495,0.713582,11339117121,89296522,3247729400,2026-08-24,backfill
2017-07,ETRX-CN-95,0.005703,0.046762,0.878041,2218934256,12654799,270619112,2026-08-24,backfill
2017-07,ETRX-EU,0.014165,0.035353,0.599321,32435321785,459458241,12996162450,2026-09-03,backfill
2017-07,ETRX-EU-87,0.024326,0.026649,0.087178,4264404763,103735033,3892643522,2026-08-24,backfill
2017-07,ETRX-IN,0.023912,0.072143,0.66855,4125908050,98657148,1367531455,2026-09-03,backfill
2017-07,ETRX-JP,0.01805,0.029248,0.382855,11105204787,200451040,6853517417,2026-09-03,backfill
2017-07,ETRX-KR,0.002528,0.023278,0.891404,5880645185,14865519,638615411,2026-09-03,backfill
2017-07,ETRX-MX,0.000982,0.025907,0.962084,23660525974,23240999,897108625,2026-09-03,backfill
2017-07,ETRX-MX-87,0.000496,0.025276,0.980366,6681264603,3315654,131180380,2026-08-24,backfill
2017-07,ETRX-PHARMA,6e-06,0.049592,0.999888,7433315895,41280,832393,2026-08-24,backfill
2017-07,ETRX-STEEL,0.006149,0.037982,0.838105,5961438229,36657846,965125597,2026-08-24,backfill
2017-07,ETRX-TW,0.01665,0.043753,0.619454,3523787560,58670693,1340963047,2026-09-03,backfill
2017-07,ETRX-US,0.016078,0.050823,0.683652,183371663019,2948217900,58009243684,2026-08-24,backfill
2017-07,ETRX-US-INCL,0.015511,0.049574,0.687108,190581032702,2956148913,59631298683,2026-08-24,backfill
2017-07,ETRX-VN,0.079763,0.143714,0.444989,3964718409,316237860,2200462188,2026-09-03,backfill
2017-08,ETRX-APPAREL,0.138016,0.171623,0.195816,8136895348,1123024028,6543557882,2026-08-24,backfill
2017-08,ETRX-CA,0.000676,0.004233,0.840356,23474198422,15861383,3747506105,2026-09-03,backfill
2017-08,ETRX-CA-44,7.4e-05,0.045384,0.998372,816431936,60315,1328993,2026-08-24,backfill
2017-08,ETRX-CA-76,0.000121,0.033564,0.996408,674834330,81360,2424003,2026-08-24,backfill
2017-08,ETRX-CA-87,0.000305,0.027596,0.988951,4826957712,1471808,53334829,2026-08-24,backfill
2017-08,ETRX-CN,0.02985,0.069743,0.571998,44641456447,1332561389,19106635687,2026-09-03,backfill
2017-08,ETRX-CN-84,0.004012,0.031709,0.873488,9884985293,39654917,1250574004,2026-08-24,backfill
2017-08,ETRX-CN-85,0.008206,0.027741,0.704187,11936552350,97951999,3530987089,2026-08-24,backfill
2017-08,ETRX-CN-95,0.004233,0.046472,0.90891,2905581062,12299609,264668095,2026-08-24,backfill
2017-08,ETRX-EU,0.013871,0.034274,0.595288,33095301694,459071208,13394064915,2026-09-03,backfill
2017-08,ETRX-EU-87,0.024304,0.026131,0.069892,4401406568,106973708,4093781690,2026-08-24,backfill
2017-08,ETRX-IN,0.023424,0.071361,0.671753,4111735527,96313639,1349664702,2026-09-03,backfill
2017-08,ETRX-JP,0.018086,0.029203,0.380682,11548081314,208859311,7151928914,2026-09-03,backfill
2017-08,ETRX-KR,0.002465,0.024637,0.899931,5785203689,14262662,578922033,2026-09-03,backfill
2017-08,ETRX-MX,0.001092,0.026459,0.958742,25950503512,28328129,1070654467,2026-09-03,backfill
2017-08,ETRX-MX-87,0.000636,0.025178,0.974726,7230403691,4601043,182738425,2026-08-24,backfill
2017-08,ETRX-PHARMA,5e-06,0.04878,0.999899,8443897922,41567,852138,2026-08-24,backfill
2017-08,ETRX-STEEL,0.006433,0.039572,0.837439,5614575458,36117946,912712260,2026-08-24,backfill
2017-08,ETRX-TW,0.017129,0.044112,0.611706,3573761447,61213327,1387670303,2026-09-03,backfill
2017-08,ETRX-US,0.015823,0.050232,0.685008,191778722297,3034446529,60408668657,2026-08-24,backfill
2017-08,ETRX-US-INCL,0.015273,0.048992,0.688254,199192674554,3042302523,62097494872,2026-08-24,backfill
2017-08,ETRX-VN,0.075661,0.142422,0.468754,4177389030,316065353,2219220590,2026-09-03,backfill
2017-09,ETRX-APPAREL,0.137585,0.169651,0.189011,7513207422,1033705157,6093128034,2026-08-24,backfill
2017-09,ETRX-CA,0.000745,0.004813,0.845169,22753751186,16955627,3522980986,2026-09-03,backfill
2017-09,ETRX-CA-44,6.5e-05,0.049075,0.99868,896259716,58063,1183158,2026-08-24,backfill
2017-09,ETRX-CA-76,0.000134,0.037048,0.996392,609068823,81404,2197242,2026-08-24,backfill
2017-09,ETRX-CA-87,0.000377,0.027407,0.986228,4312231236,1627626,59387172,2026-08-24,backfill
2017-09,ETRX-CN,0.028258,0.068945,0.590138,44722703789,1263763174,18330116595,2026-09-03,backfill
2017-09,ETRX-CN-84,0.004154,0.031215,0.866908,8990437252,37350338,1196557927,2026-08-24,backfill
2017-09,ETRX-CN-85,0.007521,0.028358,0.734772,13792503577,103738603,3658161599,2026-08-24,backfill
2017-09,ETRX-CN-95,0.003934,0.045986,0.914442,3192345582,12560236,273131299,2026-08-24,backfill
2017-09,ETRX-EU,0.012914,0.032707,0.605153,33291076630,429935165,13144886325,2026-09-03,backfill
2017-09,ETRX-EU-87,0.025559,0.027104,0.057004,4381349276,111981900,4131593132,2026-08-24,backfill
2017-09,ETRX-IN,0.021516,0.065472,0.671377,4204451913,90461042,1381680352,2026-09-03,backfill
2017-09,ETRX-JP,0.017381,0.029144,0.403625,10586666931,184005998,6313622876,2026-09-03,backfill
2017-09,ETRX-KR,0.002684,0.022503,0.88073,5695337003,15285627,679282512,2026-09-03,backfill
2017-09,ETRX-MX,0.001074,0.025719,0.95825,24859263802,26692845,1037863671,2026-09-03,backfill
2017-09,ETRX-MX-87,0.000608,0.025382,0.976041,7020054588,4269032,168194088,2026-08-24,backfill
2017-09,ETRX-PHARMA,8e-06,0.049097,0.999828,7838781382,66172,1347768,2026-08-24,backfill
2017-09,ETRX-STEEL,0.006276,0.038648,0.837621,5324209903,33412272,864537709,2026-08-24,backfill
2017-09,ETRX-TW,0.015802,0.043624,0.637757,3513035079,55514466,1272571865,2026-09-03,backfill
2017-09,ETRX-US,0.015245,0.049492,0.691967,186462980183,2842680794,57436772367,2026-08-24,backfill
2017-09,ETRX-US-INCL,0.014668,0.048113,0.695138,193891697103,2843953364,59110146926,2026-08-24,backfill
2017-09,ETRX-VN,0.074176,0.137172,0.459249,3823496552,283611831,2067560011,2026-09-03,backfill
2017-10,ETRX-APPAREL,0.138943,0.172766,0.195771,7579618868,1053138034,6095747369,2026-08-24,backfill
2017-10,ETRX-CA,0.000809,0.005036,0.839284,24061975672,19474443,3867142617,2026-09-03,backfill
2017-10,ETRX-CA-44,4e-05,0.054858,0.999262,1003046025,40594,739982,2026-08-24,backfill
2017-10,ETRX-CA-76,0.000131,0.038216,0.996577,715529711,93611,2449494,2026-08-24,backfill
2017-10,ETRX-CA-87,0.001131,0.025911,0.956363,4240070257,4794052,185022113,2026-08-24,backfill
2017-10,ETRX-CN,0.026558,0.067253,0.605105,47396707893,1258759354,18716745149,2026-09-03,backfill
2017-10,ETRX-CN-84,0.003973,0.031617,0.874343,9679164721,38454111,1216254703,2026-08-24,backfill
2017-10,ETRX-CN-85,0.007333,0.028129,0.739299,14752551200,108185982,3845998666,2026-08-24,backfill
2017-10,ETRX-CN-95,0.003665,0.046096,0.920491,3835076770,14055810,304924564,2026-08-24,backfill
2017-10,ETRX-EU,0.013722,0.034035,0.596826,36230554434,497155566,14607228213,2026-09-03,backfill
2017-10,ETRX-EU-87,0.024344,0.026084,0.066693,5061781340,123225708,4724193488,2026-08-24,backfill
2017-10,ETRX-IN,0.023157,0.077905,0.702759,4451400468,103079204,1323136770,2026-09-03,backfill
2017-10,ETRX-JP,0.017984,0.029223,0.384606,11784414640,211930063,7252056830,2026-09-03,backfill
2017-10,ETRX-KR,0.002273,0.02288,0.90064,6161812109,14008249,612237776,2026-09-03,backfill
2017-10,ETRX-MX,0.001002,0.027721,0.963866,27837789644,27884410,1005900750,2026-09-03,backfill
2017-10,ETRX-MX-87,0.00051,0.025208,0.979773,8006579402,4082386,161946829,2026-08-24,backfill
2017-10,ETRX-PHARMA,1e-05,0.047801,0.999796,8688343782,84616,1770159,2026-08-24,backfill
2017-10,ETRX-STEEL,0.00639,0.038875,0.835636,5721958418,36560944,940486182,2026-08-24,backfill
2017-10,ETRX-TW,0.015997,0.043436,0.631724,3659851683,58545154,1347833744,2026-09-03,backfill
2017-10,ETRX-US,0.01498,0.049424,0.696907,200768245845,3007511526,60851430067,2026-08-24,backfill
2017-10,ETRX-US-INCL,0.014417,0.048218,0.701001,209367747186,3018489406,62600790117,2026-08-24,backfill
2017-10,ETRX-VN,0.072445,0.138371,0.476439,4211848612,305129427,2205160719,2026-09-03,backfill
2017-11,ETRX-APPAREL,0.135237,0.171003,0.209158,6534098809,883650495,5167442409,2026-08-24,backfill
2017-11,ETRX-CA,0.001023,0.006073,0.831517,24665643898,25239726,4155732214,2026-09-03,backfill
2017-11,ETRX-CA-44,3.8e-05,0.05581,0.999328,952600233,35752,640606,2026-08-24,backfill
2017-11,ETRX-CA-76,0.0001,0.035643,0.997191,690546083,69150,1940048,2026-08-24,backfill
2017-11,ETRX-CA-87,0.001978,0.025291,0.921804,5106229425,10098412,399284215,2026-08-24,backfill
2017-11,ETRX-CN,0.023287,0.064126,0.636859,47405541341,1103915400,17214911808,2026-09-03,backfill
2017-11,ETRX-CN-84,0.003392,0.031739,0.893139,10418564353,35336526,1113339590,2026-08-24,backfill
2017-11,ETRX-CN-85,0.006327,0.027835,0.772709,16511459602,104460847,3752899839,2026-08-24,backfill
2017-11,ETRX-CN-95,0.005515,0.04661,0.88167,2758741432,15215478,326440505,2026-08-24,backfill
2017-11,ETRX-EU,0.014268,0.034689,0.588683,35754711863,510153192,14706509855,2026-09-03,backfill
2017-11,ETRX-EU-87,0.025634,0.027243,0.059075,5680461055,145612098,5344889814,2026-08-24,backfill
2017-11,ETRX-IN,0.022747,0.072699,0.687109,3989285649,90743586,1248213192,2026-09-03,backfill
2017-11,ETRX-JP,0.017786,0.029212,0.391133,11219367303,199549931,6831098912,2026-09-03,backfill
2017-11,ETRX-KR,0.002539,0.023186,0.890478,5806261758,14744112,635914765,2026-09-03,backfill
2017-11,ETRX-MX,0.001034,0.026853,0.961509,26652925477,27548263,1025895223,2026-09-03,backfill
2017-11,ETRX-MX-87,0.000626,0.025239,0.975202,6933877637,4339731,171946156,2026-08-24,backfill
2017-11,ETRX-PHARMA,1.3e-05,0.049051,0.99973,8383985013,111110,2265213,2026-08-24,backfill
2017-11,ETRX-STEEL,0.006331,0.039535,0.839861,5198614641,32912739,832499779,2026-08-24,backfill
2017-11,ETRX-TW,0.016282,0.043106,0.622274,3511411943,57173371,1326350577,2026-09-03,backfill
2017-11,ETRX-US,0.013874,0.046502,0.70164,199054968357,2761728912,59389952266,2026-08-24,backfill
2017-11,ETRX-US-INCL,0.013351,0.045235,0.704852,207049717065,2764323034,61110287640,2026-08-24,backfill
2017-11,ETRX-VN,0.067636,0.135882,0.502247,4074738806,275598659,2028215257,2026-09-03,backfill
2017-12,ETRX-APPAREL,0.13639,0.172739,0.210428,5795664032,790469798,4576095084,2026-08-24,backfill
2017-12,ETRX-CA,0.000701,0.004104,0.829106,23919913655,16774249,4087761574,2026-09-03,backfill
2017-12,ETRX-CA-44,5.6e-05,0.0456,0.998762,833350458,47058,1031974,2026-08-24,backfill
2017-12,ETRX-CA-76,0.000126,0.038704,0.996736,631981823,79831,2062578,2026-08-24,backfill
2017-12,ETRX-CA-87,0.000407,0.025823,0.984253,4389515296,1784921,69120344,2026-08-24,backfill
2017-12,ETRX-CN,0.0239,0.062505,0.617628,43897890837,1049167018,16785323514,2026-09-03,backfill
2017-12,ETRX-CN-84,0.004344,0.032265,0.865354,9199274129,39964303,1238645077,2026-08-24,backfill
2017-12,ETRX-CN-85,0.005914,0.027159,0.782236,14865785236,87920206,3237236906,2026-08-24,backfill
2017-12,ETRX-CN-95,0.008058,0.0475,0.830347,1715946597,13827861,291115697,2026-08-24,backfill
2017-12,ETRX-EU,0.013408,0.033684,0.601944,38533045065,516655132,15338327296,2026-09-03,backfill
2017-12,ETRX-EU-87,0.02494,0.026455,0.057239,5956024699,148545780,5615108792,2026-08-24,backfill
2017-12,ETRX-IN,0.021219,0.070429,0.698721,3662728097,77718094,1103502495,2026-09-03,backfill
2017-12,ETRX-JP,0.018048,0.028849,0.374402,11649736622,210252984,7288055273,2026-09-03,backfill
2017-12,ETRX-KR,0.002311,0.024823,0.906908,5839471849,13493800,543605546,2026-09-03,backfill
2017-12,ETRX-MX,0.001014,0.023948,0.957651,24356400678,24701093,1031462479,2026-09-03,backfill
2017-12,ETRX-MX-87,0.000572,0.025021,0.977121,6707151100,3839475,153452747,2026-08-24,backfill
2017-12,ETRX-PHARMA,8e-06,0.047783,0.999837,9843680664,76819,1607663,2026-08-24,backfill
2017-12,ETRX-STEEL,0.00724,0.038913,0.813937,5163057629,37382061,960653971,2026-08-24,backfill
2017-12,ETRX-TW,0.015847,0.043151,0.632754,3427113926,54309662,1258593082,2026-09-03,backfill
2017-12,ETRX-US,0.01366,0.044702,0.694427,193394728663,2641708938,59096176282,2026-08-24,backfill
2017-12,ETRX-US-INCL,0.013148,0.04357,0.698244,200948928500,2642004808,60637516503,2026-08-24,backfill
2017-12,ETRX-VN,0.069645,0.133999,0.48026,3684241271,256587791,1914846860,2026-09-03,backfill
2018-01,ETRX-APPAREL,0.14282,0.173303,0.175895,7025202520,1003335964,5789504997,2026-08-24,backfill
2018-01,ETRX-CA,0.000831,0.004107,0.797628,24804046642,20614121,5019648549,2026-09-03,backfill
2018-01,ETRX-CA-44,4e-05,0.059049,0.999316,753320634,30425,515253,2026-08-24,backfill
2018-01,ETRX-CA-76,0.000151,0.037769,0.996001,616402375,93092,2464803,2026-08-24,backfill
2018-01,ETRX-CA-87,0.000778,0.026281,0.970398,4274043564,3325063,126519080,2026-08-24,backfill
2018-01,ETRX-CN,0.02791,0.064687,0.56853,43946380685,1226559030,18961542780,2026-09-03,backfill
2018-01,ETRX-CN-84,0.004758,0.032057,0.851565,9223508598,43888713,1369092300,2026-08-24,backfill
2018-01,ETRX-CN-85,0.00738,0.0269,0.725663,12454882265,91912006,3416834706,2026-08-24,backfill
2018-01,ETRX-CN-95,0.009043,0.048258,0.812606,1820020090,16458831,341060157,2026-08-24,backfill
2018-01,ETRX-EU,0.013298,0.035946,0.630042,30020475172,399227086,11106322731,2026-09-03,backfill
2018-01,ETRX-EU-87,0.025363,0.027313,0.071389,3135444820,79525565,2911607880,2026-08-24,backfill
2018-01,ETRX-IN,0.022498,0.07789,0.711156,4498800723,101214613,1299451026,2026-09-03,backfill
2018-01,ETRX-JP,0.017967,0.028891,0.378095,10937364010,196515912,6802004393,2026-09-03,backfill
2018-01,ETRX-KR,0.002243,0.020959,0.892964,5616615601,12600076,601180643,2026-09-03,backfill
2018-01,ETRX-MX,0.001494,0.024004,0.937743,25212458639,37678125,1569662795,2026-09-03,backfill
2018-01,ETRX-MX-87,0.001545,0.025129,0.938502,6180504321,9551283,380090365,2026-08-24,backfill
2018-01,ETRX-PHARMA,1.2e-05,0.04768,0.99974,9669186700,119868,2514015,2026-08-24,backfill
2018-01,ETRX-STEEL,0.006738,0.039543,0.829609,5743534288,38698140,978643997,2026-08-24,backfill
2018-01,ETRX-TW,0.01746,0.043316,0.596922,3616321425,63139468,1457660581,2026-09-03,backfill
2018-01,ETRX-US,0.015091,0.047258,0.680666,193593813647,2921510927,61821082190,2026-08-24,backfill
2018-01,ETRX-US-INCL,0.014531,0.046147,0.685112,201363447994,2926075040,63407033969,2026-08-24,backfill
2018-01,ETRX-VN,0.081893,0.141094,0.419583,3874379469,317285527,2248756185,2026-09-03,backfill
2018-02,ETRX-APPAREL,0.138824,0.172651,0.195924,6659148542,924450070,5354459000,2026-08-24,backfill
2018-02,ETRX-CA,0.000734,0.003951,0.814274,22748812983,16692544,4225056378,2026-09-03,backfill
2018-02,ETRX-CA-44,4.4e-05,0.060719,0.999277,738035876,32401,533625,2026-08-24,backfill
2018-02,ETRX-CA-76,0.000198,0.041589,0.995242,639660664,126585,3043706,2026-08-24,backfill
2018-02,ETRX-CA-87,0.000437,0.025645,0.982955,4590443687,2006493,78242529,2026-08-24,backfill
2018-02,ETRX-CN,0.028601,0.064855,0.558999,38834146270,1110694025,17125913114,2026-09-03,backfill
2018-02,ETRX-CN-84,0.005095,0.03256,0.843526,8537068372,43494774,1335831250,2026-08-24,backfill
2018-02,ETRX-CN-85,0.008011,0.027035,0.703666,10093630024,80864276,2991089260,2026-08-24,backfill
2018-02,ETRX-CN-95,0.009198,0.048483,0.810288,1709595809,15724409,324330239,2026-08-24,backfill
2018-02,ETRX-EU,0.013013,0.035269,0.631033,30804854761,400863181,11365965897,2026-09-03,backfill
2018-02,ETRX-EU-87,0.023842,0.025687,0.071833,3410540696,81314043,3165550377,2026-08-24,backfill
2018-02,ETRX-IN,0.025902,0.076761,0.662565,3869618441,100229877,1305745977,2026-09-03,backfill
2018-02,ETRX-JP,0.017375,0.029048,0.401874,10546081612,183234180,6307883571,2026-09-03,backfill
2018-02,ETRX-KR,0.00242,0.024815,0.902483,4902711876,11864246,478099519,2026-09-03,backfill
2018-02,ETRX-MX,0.001276,0.025747,0.95045,25161523838,32099449,1246741347,2026-09-03,backfill
2018-02,ETRX-MX-87,0.000908,0.02505,0.963758,6805670535,6178430,246648588,2026-08-24,backfill
2018-02,ETRX-PHARMA,6e-06,0.048803,0.999873,9612906145,59441,1217972,2026-08-24,backfill
2018-02,ETRX-STEEL,0.006937,0.038558,0.820099,5295889963,36735603,952738278,2026-08-24,backfill
2018-02,ETRX-TW,0.017351,0.042923,0.595757,3086346304,53552226,1247634159,2026-09-03,backfill
2018-02,ETRX-US,0.014956,0.04737,0.684268,182097308426,2723465655,57493945601,2026-08-24,backfill
2018-02,ETRX-US-INCL,0.014452,0.046291,0.6878,188997006603,2731409261,59004825615,2026-08-24,backfill
2018-02,ETRX-VN,0.078779,0.141797,0.444429,3629545956,285930355,2016470904,2026-09-03,backfill
2018-03,ETRX-APPAREL,0.130721,0.173485,0.246498,5788498544,756678595,4361646262,2026-08-24,backfill
2018-03,ETRX-CA,0.000697,0.003979,0.824727,25589945239,17845631,4485237939,2026-09-03,backfill
2018-03,ETRX-CA-44,3.9e-05,0.057505,0.999326,911619579,35314,614101,2026-08-24,backfill
2018-03,ETRX-CA-76,0.000138,0.040059,0.996561,930839710,128220,3200791,2026-08-24,backfill
2018-03,ETRX-CA-87,0.000402,0.025671,0.984339,4699109928,1889217,73593712,2026-08-24,backfill
2018-03,ETRX-CN,0.02299,0.059292,0.612255,38656656276,888723402,14988906445,2026-09-03,backfill
2018-03,ETRX-CN-84,0.004492,0.031867,0.859047,9704817009,43592058,1367919382,2026-08-24,backfill
2018-03,ETRX-CN-85,0.006321,0.026599,0.762351,11751610624,74285818,2792754245,2026-08-24,backfill
2018-03,ETRX-CN-95,0.011678,0.049014,0.761746,1247904876,14572802,297318016,2026-08-24,backfill
2018-03,ETRX-EU,0.012851,0.03426,0.624883,34145513031,438819803,12808548063,2026-09-03,backfill
2018-03,ETRX-EU-87,0.023983,0.025709,0.067166,3948313835,94690584,3683121313,2026-08-24,backfill
2018-03,ETRX-IN,0.02339,0.070032,0.666003,4450833027,104106708,1486563333,2026-09-03,backfill
2018-03,ETRX-JP,0.017967,0.029374,0.388349,12558517756,225636664,7681426268,2026-09-03,backfill
2018-03,ETRX-KR,0.00243,0.026343,0.907737,6062234347,14734088,559322233,2026-09-03,backfill
2018-03,ETRX-MX,0.001197,0.023629,0.949322,29075924035,34818097,1473507507,2026-09-03,backfill
2018-03,ETRX-MX-87,0.000719,0.024982,0.971211,8328571495,5990066,239772364,2026-08-24,backfill
2018-03,ETRX-PHARMA,5e-06,0.049488,0.999896,10116451823,52271,1056232,2026-08-24,backfill
2018-03,ETRX-STEEL,0.007937,0.050596,0.843138,6028136348,47843107,945588013,2026-08-24,backfill
2018-03,ETRX-TW,0.01627,0.044436,0.633866,3270906936,53216732,1197590890,2026-09-03,backfill
2018-03,ETRX-US,0.01267,0.042818,0.704104,200853204673,2544737085,59431684371,2026-08-24,backfill
2018-03,ETRX-US-INCL,0.012185,0.041648,0.707418,209020543141,2547004237,61155731916,2026-08-24,backfill
2018-03,ETRX-VN,0.062358,0.139777,0.553873,3825086933,238525830,1706475914,2026-09-03,backfill
2018-04,ETRX-APPAREL,0.135816,0.174418,0.221318,6071127284,824555467,4727477989,2026-08-24,backfill
2018-04,ETRX-CA,0.00067,0.003739,0.820707,25005903009,16761412,4483387686,2026-09-03,backfill
2018-04,ETRX-CA-44,4e-05,0.057864,0.999304,978651493,39431,681447,2026-08-24,backfill
2018-04,ETRX-CA-76,0.000167,0.040187,0.995849,788775912,131588,3274395,2026-08-24,backfill
2018-04,ETRX-CA-87,0.000406,0.025619,0.984168,4507329945,1828145,71359880,2026-08-24,backfill
2018-04,ETRX-CN,0.024199,0.059695,0.59462,37963661279,918680831,15389700114,2026-09-03,backfill
2018-04,ETRX-CN-84,0.004475,0.031581,0.858285,9597243933,42952178,1360070323,2026-08-24,backfill
2018-04,ETRX-CN-85,0.007286,0.026633,0.726428,10943881558,79737774,2993936001,2026-08-24,backfill
2018-04,ETRX-CN-95,0.010654,0.048006,0.778063,1325048299,14117440,294076658,2026-08-24,backfill
2018-04,ETRX-EU,0.013413,0.034703,0.613489,33606859807,450777938,12989427509,2026-09-03,backfill
2018-04,ETRX-EU-87,0.025983,0.027871,0.067714,3941107433,102403555,3674239546,2026-08-24,backfill
2018-04,ETRX-IN,0.025175,0.070686,0.643846,4715420491,118712133,1679418056,2026-09-03,backfill
2018-04,ETRX-JP,0.018472,0.030177,0.387877,11634163650,214908253,7121535846,2026-09-03,backfill
2018-04,ETRX-KR,0.002485,0.020714,0.880048,5643119366,14021399,676905832,2026-09-03,backfill
2018-04,ETRX-MX,0.001129,0.026232,0.956976,27266593680,30772851,1173125155,2026-09-03,backfill
2018-04,ETRX-MX-87,0.000793,0.025029,0.968317,6969468066,5526735,220813807,2026-08-24,backfill
2018-04,ETRX-PHARMA,6e-06,0.04955,0.999871,9495279143,60707,1225169,2026-08-24,backfill
2018-04,ETRX-STEEL,0.013408,0.07552,0.822454,6234549129,83594152,1106917016,2026-08-24,backfill
2018-04,ETRX-TW,0.020295,0.050301,0.596523,3402839979,69061482,1372968297,2026-09-03,backfill
2018-04,ETRX-US,0.013769,0.044597,0.69127,195033807696,2685330989,60212768062,2026-08-24,backfill
2018-04,ETRX-US-INCL,0.013179,0.0434,0.696327,203815782180,2686177849,61893426721,2026-08-24,backfill
2018-04,ETRX-VN,0.078968,0.139841,0.435299,3532351133,278944304,1994722489,2026-09-03,backfill
2018-05,ETRX-APPAREL,0.132822,0.171033,0.223412,6439791489,855344855,5001062398,2026-08-24,backfill
2018-05,ETRX-CA,0.000695,0.003469,0.799557,26548673833,18460378,5321489192,2026-09-03,backfill
2018-05,ETRX-CA-44,4e-05,0.055495,0.99928,1079366808,43134,777265,2026-08-24,backfill
2018-05,ETRX-CA-76,0.000172,0.041652,0.995861,843302724,145400,3490788,2026-08-24,backfill
2018-05,ETRX-CA-87,0.000421,0.02559,0.983564,4427166652,1862084,72765752,2026-08-24,backfill
2018-05,ETRX-CN,0.025527,0.060922,0.580994,44242562188,1129359176,18537878455,2026-09-03,backfill
2018-05,ETRX-CN-84,0.00464,0.032236,0.85605,10843462899,50317312,1560919149,2026-08-24,backfill
2018-05,ETRX-CN-85,0.007546,0.026807,0.718525,12355890051,93232550,3477871877,2026-08-24,backfill
2018-05,ETRX-CN-95,0.010278,0.048026,0.785993,1461003842,15016133,312665220,2026-08-24,backfill
2018-05,ETRX-EU,0.013926,0.034499,0.596323,34642777440,482448671,13984476361,2026-09-03,backfill
2018-05,ETRX-EU-87,0.02661,0.02852,0.066952,4383293752,116640539,4089823537,2026-08-24,backfill
2018-05,ETRX-IN,0.023965,0.068639,0.650854,5071374427,121535147,1770649875,2026-09-03,backfill
2018-05,ETRX-JP,0.019713,0.032656,0.396336,11445950941,225639444,6909511747,2026-09-03,backfill
2018-05,ETRX-KR,0.002664,0.024171,0.8898,6383575068,17003645,703471387,2026-09-03,backfill
2018-05,ETRX-MX,0.001234,0.031615,0.960971,28803692479,35541274,1124179033,2026-09-03,backfill
2018-05,ETRX-MX-87,0.000765,0.025122,0.96954,7134773266,5459635,217327972,2026-08-24,backfill
2018-05,ETRX-PHARMA,8e-06,0.049512,0.999842,10088610712,79001,1595608,2026-08-24,backfill
2018-05,ETRX-STEEL,0.024663,0.103583,0.761899,6370284073,157111679,1516769386,2026-08-24,backfill
2018-05,ETRX-TW,0.021172,0.053588,0.604904,3642243912,77114860,1439037127,2026-09-03,backfill
2018-05,ETRX-US,0.014485,0.045789,0.683653,210352085268,3046998347,66544160228,2026-08-24,backfill
2018-05,ETRX-US-INCL,0.013928,0.044609,0.687767,218836897427,3048064313,68328136492,2026-08-24,backfill
2018-05,ETRX-VN,0.081526,0.14303,0.43001,3941631466,321344763,2246690506,2026-09-03,backfill
2018-06,ETRX-APPAREL,0.135156,0.171113,0.21014,6714510099,907503275,5303519609,2026-08-24,backfill
2018-06,ETRX-CA,0.006563,0.026642,0.753648,26506830586,173972997,6530001083,2026-09-03,backfill
2018-06,ETRX-CA-44,3.1e-05,0.049521,0.99937,1068860716,33322,672889,2026-08-24,backfill
2018-06,ETRX-CA-76,0.083293,0.099806,0.165447,774052457,64473192,645987438,2026-08-24,backfill
2018-06,ETRX-CA-87,0.000406,0.025578,0.984145,4781767890,1939232,75815560,2026-08-24,backfill
2018-06,ETRX-CN,0.027799,0.064141,0.566603,44202372968,1228768212,19157190350,2026-09-03,backfill
2018-06,ETRX-CN-84,0.004698,0.032172,0.853964,10238086493,48100772,1495126728,2026-08-24,backfill
2018-06,ETRX-CN-85,0.007871,0.026457,0.702509,11817623645,93011720,3515633144,2026-08-24,backfill
2018-06,ETRX-CN-95,0.00781,0.047823,0.836681,1786587646,13953940,291784180,2026-08-24,backfill
2018-06,ETRX-EU,0.016265,0.041643,0.609422,33458481448,544198939,13068154843,2026-09-03,backfill
2018-06,ETRX-EU-87,0.023002,0.024959,0.078405,3504290605,80605254,3229537216,2026-08-24,backfill
2018-06,ETRX-IN,0.024632,0.067501,0.635087,4134338525,101837273,1508673484,2026-09-03,backfill
2018-06,ETRX-JP,0.019466,0.032317,0.397658,11228815494,218575717,6763584904,2026-09-03,backfill
2018-06,ETRX-KR,0.002866,0.025241,0.886473,6003965207,17204414,681614038,2026-09-03,backfill
2018-06,ETRX-MX,0.002938,0.060715,0.951612,28266136829,83043466,1367753105,2026-09-03,backfill
2018-06,ETRX-MX-87,0.000652,0.025105,0.974011,7742866231,5051713,201226285,2026-08-24,backfill
2018-06,ETRX-PHARMA,7e-06,0.049181,0.999854,9828622406,70685,1437229,2026-08-24,backfill
2018-06,ETRX-STEEL,0.073796,0.155323,0.524885,5731994374,423001036,2723356176,2026-08-24,backfill
2018-06,ETRX-TW,0.023398,0.055524,0.578599,3685131471,86224111,1552917364,2026-09-03,backfill
2018-06,ETRX-US,0.016699,0.05087,0.671739,202968120694,3389288385,66626589065,2026-08-24,backfill
2018-06,ETRX-US-INCL,0.016072,0.049669,0.67641,211217992231,3394757354,68348130085,2026-08-24,backfill
2018-06,ETRX-VN,0.084324,0.150171,0.43848,3923419765,330838977,2203080021,2026-09-03,backfill
2018-07,ETRX-APPAREL,0.13753,0.170702,0.194324,8165440108,1122995906,6578696866,2026-08-24,backfill
2018-07,ETRX-CA,0.006847,0.026628,0.742876,25194255863,172495066,6478051418,2026-09-03,backfill
2018-07,ETRX-CA-44,2.6e-05,0.049968,0.999472,988335909,26066,521655,2026-08-24,backfill
2018-07,ETRX-CA-76,0.081956,0.099501,0.176329,732056411,59996625,602973729,2026-08-24,backfill
2018-07,ETRX-CA-87,0.000483,0.025615,0.981159,3450933350,1665519,65020095,2026-08-24,backfill
2018-07,ETRX-CN,0.03583,0.080363,0.554144,47039499515,1685445416,20972861852,2026-09-03,backfill
2018-07,ETRX-CN-84,0.016707,0.101376,0.835198,11198900943,187100513,1845600706,2026-08-24,backfill
2018-07,ETRX-CN-85,0.014978,0.046967,0.681085,12044740590,180410766,3841242809,2026-08-24,backfill
2018-07,ETRX-CN-95,0.005297,0.047325,0.888073,2379010128,12601405,266276324,2026-08-24,backfill
2018-07,ETRX-EU,0.017431,0.044622,0.609358,34351646848,598798458,13419211879,2026-09-03,backfill
2018-07,ETRX-EU-87,0.025314,0.027683,0.085568,3334363417,84407627,3049048202,2026-08-24,backfill
2018-07,ETRX-IN,0.02537,0.070674,0.641022,4665185610,118357472,1674698118,2026-09-03,backfill
2018-07,ETRX-JP,0.019342,0.03286,0.411388,11609645784,224553424,6833574698,2026-09-03,backfill
2018-07,ETRX-KR,0.002993,0.026815,0.888392,6218923869,18611713,694083069,2026-09-03,backfill
2018-07,ETRX-MX,0.003211,0.062864,0.948929,27338403265,87770837,1396205078,2026-09-03,backfill
2018-07,ETRX-MX-87,0.000592,0.025122,0.976441,7687459856,4549864,181108095,2026-08-24,backfill
2018-07,ETRX-PHARMA,9e-06,0.04926,0.999807,10331615204,98006,1989565,2026-08-24,backfill
2018-07,ETRX-STEEL,0.077158,0.160393,0.518943,6174188739,476388483,2970137241,2026-08-24,backfill
2018-07,ETRX-TW,0.02417,0.057315,0.578303,3723025351,89984542,1569989555,2026-09-03,backfill
2018-07,ETRX-US,0.019424,0.057317,0.661109,208953279099,4058748762,70812340319,2026-08-24,backfill
2018-07,ETRX-US-INCL,0.018684,0.05607,0.666773,217695894192,4067465779,72542077278,2026-08-24,backfill
2018-07,ETRX-VN,0.087314,0.151172,0.422418,4337944872,378763486,2505518623,2026-09-03,backfill
2018-08,ETRX-APPAREL,0.135316,0.170804,0.207767,8525102989,1153584622,6753867838,2026-08-24,backfill
2018-08,ETRX-CA,0.006483,0.025601,0.746762,26370441323,170966686,6678002132,2026-09-03,backfill
2018-08,ETRX-CA-44,2.8e-05,0.056777,0.999507,913735555,25553,450059,2026-08-24,backfill
2018-08,ETRX-CA-76,0.080603,0.099938,0.193471,640171678,51599717,516317038,2026-08-24,backfill
2018-08,ETRX-CA-87,0.000409,0.025371,0.983894,4348580213,1776899,70036103,2026-08-24,backfill
2018-08,ETRX-CN,0.037969,0.084491,0.550612,48346275001,1835672176,21726238812,2026-09-03,backfill
2018-08,ETRX-CN-84,0.021681,0.11969,0.818857,10873846544,235755634,1969725337,2026-08-24,backfill
2018-08,ETRX-CN-85,0.017347,0.055551,0.687725,12969774804,224988353,4050132012,2026-08-24,backfill
2018-08,ETRX-CN-95,0.004447,0.047344,0.906074,2831186996,12589786,265921296,2026-08-24,backfill
2018-08,ETRX-EU,0.017936,0.042376,0.576739,34063339972,610970109,14417670048,2026-09-03,backfill
2018-08,ETRX-EU-87,0.02764,0.02949,0.062714,4312201786,119190330,4041767108,2026-08-24,backfill
2018-08,ETRX-IN,0.024015,0.072574,0.669092,4982504547,119656734,1648751749,2026-09-03,backfill
2018-08,ETRX-JP,0.019397,0.031399,0.382233,12015688173,233071135,7422899949,2026-09-03,backfill
2018-08,ETRX-KR,0.003117,0.031968,0.902496,6222197033,19394520,606688686,2026-09-03,backfill
2018-08,ETRX-MX,0.003509,0.059835,0.941354,30052017069,105454225,1762416250,2026-09-03,backfill
2018-08,ETRX-MX-87,0.000683,0.025143,0.972822,8631256482,5898073,234584056,2026-08-24,backfill
2018-08,ETRX-PHARMA,1e-05,0.049759,0.9998,10002491177,99586,2001359,2026-08-24,backfill
2018-08,ETRX-STEEL,0.075044,0.162009,0.536793,6219035403,466698899,2880702010,2026-08-24,backfill
2018-08,ETRX-TW,0.022769,0.055186,0.587415,3703965056,84335020,1528199487,2026-09-03,backfill
2018-08,ETRX-US,0.019696,0.057063,0.654842,215949274260,4253243311,74536525890,2026-08-24,backfill
2018-08,ETRX-US-INCL,0.018919,0.055728,0.660508,224841152896,4253795740,76331673049,2026-08-24,backfill
2018-08,ETRX-VN,0.073825,0.147384,0.499096,5000092109,369132392,2504565639,2026-09-03,backfill
2018-09,ETRX-APPAREL,0.136696,0.16873,0.189855,8022946835,1096704426,6499750928,2026-08-24,backfill
2018-09,ETRX-CA,0.006318,0.027423,0.769612,24527451822,154960138,5650819147,2026-09-03,backfill
2018-09,ETRX-CA-44,2.8e-05,0.052552,0.99946,878527908,24921,474214,2026-08-24,backfill
2018-09,ETRX-CA-76,0.080204,0.099311,0.192392,628043774,50371887,507213256,2026-08-24,backfill
2018-09,ETRX-CA-87,0.000447,0.025468,0.982441,4100346363,1833702,71999755,2026-08-24,backfill
2018-09,ETRX-CN,0.041756,0.095708,0.563714,50217619421,2096885912,21909260694,2026-09-03,backfill
2018-09,ETRX-CN-84,0.024908,0.128147,0.805627,9962353212,248145310,1936407542,2026-08-24,backfill
2018-09,ETRX-CN-85,0.021512,0.074816,0.712468,15708179259,337911993,4516601776,2026-08-24,backfill
2018-09,ETRX-CN-95,0.003747,0.046898,0.920103,3522949753,13200374,281471771,2026-08-24,backfill
2018-09,ETRX-EU,0.016614,0.040974,0.59452,30295983692,503342968,12284415411,2026-09-03,backfill
2018-09,ETRX-EU-87,0.025451,0.027381,0.070489,3436222249,87454124,3194006414,2026-08-24,backfill
2018-09,ETRX-IN,0.024515,0.078013,0.685757,4362206317,106939766,1370792636,2026-09-03,backfill
2018-09,ETRX-JP,0.018571,0.031744,0.414961,10256709049,190479729,6000579380,2026-09-03,backfill
2018-09,ETRX-KR,0.003365,0.025813,0.869647,5998403702,20183367,781911233,2026-09-03,backfill
2018-09,ETRX-MX,0.003006,0.056924,0.947191,28264646966,84965610,1492627534,2026-09-03,backfill
2018-09,ETRX-MX-87,0.000725,0.024907,0.97089,8367862207,6067044,243591136,2026-08-24,backfill
2018-09,ETRX-PHARMA,1.1e-05,0.049791,0.999784,8285042229,88987,1787225,2026-08-24,backfill
2018-09,ETRX-STEEL,0.08037,0.164521,0.511491,5336772332,428915614,2607061529,2026-08-24,backfill
2018-09,ETRX-TW,0.023518,0.05793,0.594025,3550922605,83510531,1441586684,2026-09-03,backfill
2018-09,ETRX-US,0.021024,0.062824,0.665348,203240260066,4272963294,68014778296,2026-08-24,backfill
2018-09,ETRX-US-INCL,0.020209,0.061415,0.670944,212002479908,4284361973,69760765735,2026-08-24,backfill
2018-09,ETRX-VN,0.074887,0.147929,0.493762,4663586646,349244130,2360883693,2026-09-03,backfill
2018-10,ETRX-APPAREL,0.140727,0.172829,0.185747,8772626257,1234542440,7143141431,2026-08-24,backfill
2018-10,ETRX-CA,0.006089,0.02625,0.768039,26200948833,159537233,6077603217,2026-09-03,backfill
2018-10,ETRX-CA-44,2.9e-05,0.064541,0.999548,801956681,23384,362314,2026-08-24,backfill
2018-10,ETRX-CA-76,0.076655,0.098779,0.223975,604222876,46316486,468892329,2026-08-24,backfill
2018-10,ETRX-CA-87,0.000404,0.025526,0.984179,4909945272,1982865,77680145,2026-08-24,backfill
2018-10,ETRX-CN,0.065075,0.115869,0.438373,51758468339,3368192864,29068930883,2026-09-03,backfill
2018-10,ETRX-CN-84,0.052417,0.129191,0.594265,9354541731,490340721,3795461023,2026-08-24,backfill
2018-10,ETRX-CN-85,0.033582,0.096613,0.652404,16602038720,557532494,5770809191,2026-08-24,backfill
2018-10,ETRX-CN-95,0.004061,0.046208,0.912122,4060156940,16486764,356798330,2026-08-24,backfill
2018-10,ETRX-EU,0.016708,0.042241,0.604447,36096141672,603108055,14277922622,2026-09-03,backfill
2018-10,ETRX-EU-87,0.026059,0.02804,0.07065,4229395645,110214843,3930589404,2026-08-24,backfill
2018-10,ETRX-IN,0.023125,0.070469,0.671845,5417080025,125268268,1777641568,2026-09-03,backfill
2018-10,ETRX-JP,0.018547,0.031191,0.405363,12449846490,230908966,7403135422,2026-09-03,backfill
2018-10,ETRX-KR,0.002286,0.024845,0.907987,7087338768,16201757,652124819,2026-09-03,backfill
2018-10,ETRX-MX,0.003014,0.053725,0.943896,30639222103,92353144,1718997592,2026-09-03,backfill
2018-10,ETRX-MX-87,0.000714,0.024857,0.971256,8809172700,6293982,253210487,2026-08-24,backfill
2018-10,ETRX-PHARMA,9e-06,0.049809,0.99982,11567332509,103623,2080418,2026-08-24,backfill
2018-10,ETRX-STEEL,0.08437,0.167407,0.496016,6268092677,528840958,3159018868,2026-08-24,backfill
2018-10,ETRX-TW,0.020767,0.053167,0.609402,4053445830,84177686,1583267315,2026-09-03,backfill
2018-10,ETRX-US,0.025839,0.072108,0.641667,225835143535,5835261759,80924107972,2026-08-24,backfill
2018-10,ETRX-US-INCL,0.024674,0.070436,0.649691,236557510025,5836900867,82868290215,2026-08-24,backfill
2018-10,ETRX-VN,0.07812,0.149695,0.478141,5292855613,413476557,2762121941,2026-09-03,backfill
2018-11,ETRX-APPAREL,0.13561,0.172274,0.212825,6548008755,887975493,5154429331,2026-08-24,backfill
2018-11,ETRX-CA,0.006277,0.029273,0.785557,24259228027,152282352,5202223441,2026-09-03,backfill
2018-11,ETRX-CA-44,3.9e-05,0.062269,0.999372,637604530,24943,400570,2026-08-24,backfill
2018-11,ETRX-CA-76,0.077709,0.098695,0.212637,586581287,45582387,461852163,2026-08-24,backfill
2018-11,ETRX-CA-87,0.00043,0.025308,0.982993,4764846577,2050799,81035122,2026-08-24,backfill
2018-11,ETRX-CN,0.065407,0.115281,0.432628,46143601627,3018128349,26180604816,2026-09-03,backfill
2018-11,ETRX-CN-84,0.049065,0.13088,0.625118,9524648868,467324708,3570623741,2026-08-24,backfill
2018-11,ETRX-CN-85,0.038944,0.099061,0.606867,14706335905,572727114,5781541108,2026-08-24,backfill
2018-11,ETRX-CN-95,0.00538,0.04608,0.883255,2900123677,15601578,338574682,2026-08-24,backfill
2018-11,ETRX-EU,0.016914,0.043206,0.608533,33664606630,569399194,13178570557,2026-09-03,backfill
2018-11,ETRX-EU-87,0.026147,0.027839,0.060749,4484326277,117253354,4211907664,2026-08-24,backfill
2018-11,ETRX-IN,0.026237,0.077231,0.660282,3938734835,103339897,1338060678,2026-09-03,backfill
2018-11,ETRX-JP,0.018975,0.031448,0.396623,12110878621,229802022,7307423608,2026-09-03,backfill
2018-11,ETRX-KR,0.00229,0.023057,0.900699,6411487602,14679436,636664698,2026-09-03,backfill
2018-11,ETRX-MX,0.00287,0.04745,0.939506,28984807587,83199315,1753412361,2026-09-03,backfill
2018-11,ETRX-MX-87,0.000725,0.024955,0.970953,8250096141,5980196,239643283,2026-08-24,backfill
2018-11,ETRX-PHARMA,9e-06,0.049883,0.999821,10402369033,92711,1858552,2026-08-24,backfill
2018-11,ETRX-STEEL,0.089591,0.164991,0.456994,5566553977,498714742,3022672590,2026-08-24,backfill
2018-11,ETRX-TW,0.020884,0.056317,0.629174,3988880301,83302636,1479179180,2026-09-03,backfill
2018-11,ETRX-US,0.025228,0.071141,0.645383,206312819016,5204816947,73161964561,2026-08-24,backfill
2018-11,ETRX-US-INCL,0.024116,0.069442,0.65272,215840332619,5205164984,74957085948,2026-08-24,backfill
2018-11,ETRX-VN,0.067104,0.14257,0.529329,4670745554,313424692,2198384516,2026-09-03,backfill
2018-12,ETRX-APPAREL,0.134321,0.173228,0.224597,6218333111,835254232,4821714690,2026-08-24,backfill
2018-12,ETRX-CA,0.006276,0.03355,0.812945,22593559929,141789629,4226238070,2026-09-03,backfill
2018-12,ETRX-CA-44,7.1e-05,0.073667,0.99903,623509844,44554,604800,2026-08-24,backfill
2018-12,ETRX-CA-76,0.076764,0.09522,0.193827,568352243,43628849,458190280,2026-08-24,backfill
2018-12,ETRX-CA-87,0.000467,0.02517,0.981447,3973184308,1855374,73713888,2026-08-24,backfill
2018-12,ETRX-CN,0.074887,0.116681,0.358191,44818328408,3356297981,28764791756,2026-09-03,backfill
2018-12,ETRX-CN-84,0.058943,0.129515,0.544893,8826423215,520257397,4016963363,2026-08-24,backfill
2018-12,ETRX-CN-85,0.044508,0.102247,0.564695,13251816199,589818193,5768582089,2026-08-24,backfill
2018-12,ETRX-CN-95,0.00887,0.046585,0.809584,1569992639,13926552,298951325,2026-08-24,backfill
2018-12,ETRX-EU,0.016953,0.0424,0.600166,33585684877,569376953,13428695314,2026-09-03,backfill
2018-12,ETRX-EU-87,0.026611,0.028388,0.062594,4553651296,121176907,4268621905,2026-08-24,backfill
2018-12,ETRX-IN,0.023574,0.07066,0.666377,3890606087,91716021,1297995350,2026-09-03,backfill
2018-12,ETRX-JP,0.018111,0.029725,0.390732,12020944538,217707001,7323980873,2026-09-03,backfill
2018-12,ETRX-KR,0.002389,0.023915,0.900085,6615907563,15808286,661030627,2026-09-03,backfill
2018-12,ETRX-MX,0.003016,0.048384,0.937656,26254636000,79196446,1636822499,2026-09-03,backfill
2018-12,ETRX-MX-87,0.000601,0.024869,0.975825,7880531806,4737835,190508343,2026-08-24,backfill
2018-12,ETRX-PHARMA,8e-06,0.049785,0.999835,9920106051,81483,1636688,2026-08-24,backfill
2018-12,ETRX-STEEL,0.08874,0.15627,0.432139,5358530059,475515238,3042900893,2026-08-24,backfill
2018-12,ETRX-TW,0.018155,0.052103,0.651557,4045707224,73449311,1409698439,2026-09-03,backfill
2018-12,ETRX-US,0.027294,0.073623,0.629271,198952191373,5430241218,73757329273,2026-08-24,backfill
2018-12,ETRX-US-INCL,0.026197,0.072067,0.636488,207597663946,5438482860,75464249390,2026-08-24,backfill
2018-12,ETRX-VN,0.069743,0.139848,0.501297,4141485851,288838434,2065372196,2026-09-03,backfill
2019-01,ETRX-APPAREL,0.143136,0.17318,0.173482,7662829455,1096827838,6333466264,2026-08-24,backfill
2019-01,ETRX-CA,0.006941,0.035032,0.801875,21889444678,151926881,4336847845,2026-09-03,backfill
2019-01,ETRX-CA-44,0.000958,0.077378,0.987624,641518067,614320,7939243,2026-08-24,backfill
2019-01,ETRX-CA-76,0.074492,0.099898,0.254323,486157618,36214701,362516339,2026-08-24,backfill
2019-01,ETRX-CA-87,0.001219,0.025174,0.95158,3954214369,4819945,191463727,2026-08-24,backfill
2019-01,ETRX-CN,0.070044,0.113998,0.385565,41794353817,2927453519,25679907848,2026-09-03,backfill
2019-01,ETRX-CN-84,0.054508,0.13137,0.585079,8029708005,437684889,3331696097,2026-08-24,backfill
2019-01,ETRX-CN-85,0.040114,0.100343,0.600232,12125907542,486419601,4847549657,2026-08-24,backfill
2019-01,ETRX-CN-95,0.010478,0.04657,0.775003,1672937313,17529299,376406491,2026-08-24,backfill
2019-01,ETRX-EU,0.016447,0.043824,0.624714,33233776017,546581073,12472156272,2026-09-03,backfill
2019-01,ETRX-EU-87,0.02678,0.028678,0.066181,3795568069,101645649,3544371796,2026-08-24,backfill
2019-01,ETRX-IN,0.024485,0.07114,0.655821,4936519800,120870284,1699045355,2026-09-03,backfill
2019-01,ETRX-JP,0.018603,0.030973,0.399389,11268414048,209624552,6767928283,2026-09-03,backfill
2019-01,ETRX-KR,0.002788,0.025948,0.89256,6432123128,17931569,691067952,2026-09-03,backfill
2019-01,ETRX-MX,0.003996,0.044903,0.910998,26757116651,106932769,2381435247,2026-09-03,backfill
2019-01,ETRX-MX-87,0.001894,0.024883,0.923874,6847033974,12969652,521235749,2026-08-24,backfill
2019-01,ETRX-PHARMA,1.1e-05,0.049874,0.99978,10269078081,112497,2255626,2026-08-24,backfill
2019-01,ETRX-STEEL,0.082025,0.163531,0.498413,6359962643,521677048,3190072297,2026-08-24,backfill
2019-01,ETRX-TW,0.021174,0.055627,0.619353,4412043452,93421383,1679429199,2026-09-03,backfill
2019-01,ETRX-US,0.02663,0.072896,0.63469,197684643378,5264258506,72216174175,2026-08-24,backfill
2019-01,ETRX-US-INCL,0.025526,0.071231,0.641642,206290514519,5265819958,73925790628,2026-08-24,backfill
2019-01,ETRX-VN,0.077502,0.143452,0.459732,4955114941,384033389,2677092276,2026-09-03,backfill
2019-02,ETRX-APPAREL,0.137105,0.171253,0.199403,6748173423,925207365,5402569720,2026-08-24,backfill
2019-02,ETRX-CA,0.006293,0.031151,0.797994,21371088527,134479941,4317093395,2026-09-03,backfill
2019-02,ETRX-CA-44,0.000991,0.078799,0.987426,612838101,607212,7705873,2026-08-24,backfill
2019-02,ETRX-CA-76,0.075004,0.094683,0.207842,515557752,38668860,408403285,2026-08-24,backfill
2019-02,ETRX-CA-87,0.000689,0.02543,0.972896,4016129082,2768080,108852227,2026-08-24,backfill
2019-02,ETRX-CN,0.073058,0.113159,0.354375,32658802913,2386000990,21085355416,2026-09-03,backfill
2019-02,ETRX-CN-84,0.05357,0.126386,0.576143,6524653568,349522804,2765522974,2026-08-24,backfill
2019-02,ETRX-CN-85,0.045703,0.099494,0.540643,8231450013,376202006,3781171593,2026-08-24,backfill
2019-02,ETRX-CN-95,0.010507,0.047645,0.779476,1394409036,14650932,307500483,2026-08-24,backfill
2019-02,ETRX-EU,0.015921,0.04209,0.621738,29986118402,477410304,11342608129,2026-09-03,backfill
2019-02,ETRX-EU-87,0.026184,0.028473,0.080416,3383640771,88596356,3111542885,2026-08-24,backfill
2019-02,ETRX-IN,0.02496,0.066666,0.625595,4472556138,111636077,1674545553,2026-09-03,backfill
2019-02,ETRX-JP,0.017949,0.03075,0.416291,11081270083,198896317,6468234730,2026-09-03,backfill
2019-02,ETRX-KR,0.003291,0.028476,0.884435,5543536566,18242501,640637005,2026-09-03,backfill
2019-02,ETRX-MX,0.002901,0.038825,0.925277,26764041445,77644796,1999887170,2026-09-03,backfill
2019-02,ETRX-MX-87,0.001224,0.024952,0.950945,7656578567,9371631,375593052,2026-08-24,backfill
2019-02,ETRX-PHARMA,1.3e-05,0.049751,0.999735,8313629320,109610,2203155,2026-08-24,backfill
2019-02,ETRX-STEEL,0.078037,0.158233,0.506822,5058468441,394746640,2494723182,2026-08-24,backfill
2019-02,ETRX-TW,0.019412,0.05364,0.63811,3765182074,73088922,1362581529,2026-09-03,backfill
2019-02,ETRX-US,0.025143,0.071056,0.646153,175992439345,4424962165,62274325374,2026-08-24,backfill
2019-02,ETRX-US-INCL,0.024034,0.069367,0.653522,184386614151,4431605958,63885912837,2026-08-24,backfill
2019-02,ETRX-VN,0.067553,0.142375,0.52553,4867473991,328810894,2309469446,2026-09-03,backfill
2019-03,ETRX-APPAREL,0.130161,0.171923,0.242912,6320925224,822737877,4785495669,2026-08-24,backfill
2019-03,ETRX-CA,0.005281,0.023508,0.77536,25763162400,136052028,5787442391,2026-09-03,backfill
2019-03,ETRX-CA-44,0.000934,0.08002,0.988332,777537368,725966,9072353,2026-08-24,backfill
2019-03,ETRX-CA-76,0.067952,0.099635,0.317995,504165835,34258925,343843684,2026-08-24,backfill
2019-03,ETRX-CA-87,0.000604,0.025688,0.976498,4616803665,2787185,108503372,2026-08-24,backfill
2019-03,ETRX-CN,0.065622,0.114044,0.424591,30887871068,2026922429,17773164950,2026-09-03,backfill
2019-03,ETRX-CN-84,0.050398,0.128942,0.60914,7156593572,360680321,2797224205,2026-08-24,backfill
2019-03,ETRX-CN-85,0.038951,0.103803,0.624759,9292557603,361955291,3486945970,2026-08-24,backfill
2019-03,ETRX-CN-95,0.011966,0.048271,0.752117,1103752661,13207058,273601310,2026-08-24,backfill
2019-03,ETRX-EU,0.015985,0.041431,0.614171,35716573887,570941907,13780502018,2026-09-03,backfill
2019-03,ETRX-EU-87,0.025938,0.027974,0.072788,4224429950,109574270,3916940513,2026-08-24,backfill
2019-03,ETRX-IN,0.024891,0.073919,0.663265,5154311594,128296775,1735637806,2026-09-03,backfill
2019-03,ETRX-JP,0.017828,0.030049,0.406677,12850194862,229099567,7624322329,2026-09-03,backfill
2019-03,ETRX-KR,0.00364,0.02995,0.878466,6664265691,24257828,809932390,2026-09-03,backfill
2019-03,ETRX-MX,0.002892,0.043475,0.933488,30268556989,87525450,2013215239,2026-09-03,backfill
2019-03,ETRX-MX-87,0.00096,0.025049,0.961674,9209752641,8841735,352971806,2026-08-24,backfill
2019-03,ETRX-PHARMA,1.3e-05,0.049923,0.999745,10637419932,135543,2715059,2026-08-24,backfill
2019-03,ETRX-STEEL,0.084008,0.164261,0.488572,5238050654,440036881,2678886893,2026-08-24,backfill
2019-03,ETRX-TW,0.02068,0.056996,0.637164,4074348645,84258864,1478321918,2026-09-03,backfill
2019-03,ETRX-US,0.021649,0.064916,0.666508,198499245743,4297305464,66197991917,2026-08-24,backfill
2019-03,ETRX-US-INCL,0.020686,0.06318,0.672577,207818523457,4299026759,68044496059,2026-08-24,backfill
2019-03,ETRX-VN,0.060627,0.142336,0.574054,5288924263,320653320,2252797808,2026-09-03,backfill
2019-04,ETRX-APPAREL,0.131984,0.171046,0.228372,6312039420,833089033,4870543605,2026-08-24,backfill
2019-04,ETRX-CA,0.005061,0.019988,0.746806,25322214269,128154590,6411424751,2026-09-03,backfill
2019-04,ETRX-CA-44,0.000851,0.07975,0.989333,825091690,701912,8801456,2026-08-24,backfill
2019-04,ETRX-CA-76,0.069988,0.098121,0.286719,547320166,38305807,390392892,2026-08-24,backfill
2019-04,ETRX-CA-87,0.000612,0.025749,0.976232,4135823309,2531137,98298702,2026-08-24,backfill
2019-04,ETRX-CN,0.067512,0.112926,0.402155,33742115067,2278013593,20172550167,2026-09-03,backfill
2019-04,ETRX-CN-84,0.049835,0.128706,0.612798,7575022325,377503260,2933067543,2026-08-24,backfill
2019-04,ETRX-CN-85,0.04144,0.1005,0.587659,9440120301,391198875,3892545294,2026-08-24,backfill
2019-04,ETRX-CN-95,0.011448,0.048153,0.762258,1412635141,16171722,335843130,2026-08-24,backfill
2019-04,ETRX-EU,0.014812,0.039653,0.626455,37170344982,550570975,13884806096,2026-09-03,backfill
2019-04,ETRX-EU-87,0.025835,0.027813,0.071089,3981911453,102873997,3698839902,2026-08-24,backfill
2019-04,ETRX-IN,0.025286,0.067879,0.627492,4996615984,126342132,1861277320,2026-09-03,backfill
2019-04,ETRX-JP,0.017526,0.030888,0.432615,12392486312,217184935,7031311528,2026-09-03,backfill
2019-04,ETRX-KR,0.002917,0.028118,0.896255,6459973170,18844482,670191681,2026-09-03,backfill
2019-04,ETRX-MX,0.002813,0.038401,0.926755,29410582446,82722127,2154182845,2026-09-03,backfill
2019-04,ETRX-MX-87,0.000909,0.025085,0.963782,8604590914,7817603,311643337,2026-08-24,backfill
2019-04,ETRX-PHARMA,1e-05,0.049852,0.999809,12140875860,115517,2317185,2026-08-24,backfill
2019-04,ETRX-STEEL,0.072245,0.16006,0.548641,5875173626,424449963,2651810290,2026-08-24,backfill
2019-04,ETRX-TW,0.01968,0.053135,0.629616,4230809030,83264219,1567024696,2026-09-03,backfill
2019-04,ETRX-US,0.022446,0.064784,0.653521,199201662217,4471357073,69019189902,2026-08-24,backfill
2019-04,ETRX-US-INCL,0.021492,0.063163,0.659732,208201346492,4474761729,70844287244,2026-08-24,backfill
2019-04,ETRX-VN,0.070007,0.138451,0.494357,4586084777,321057890,2318920674,2026-09-03,backfill
2019-05,ETRX-APPAREL,0.13168,0.169137,0.221459,6826249430,898881632,5314514301,2026-08-24,backfill
2019-05,ETRX-CA,0.002805,0.011162,0.748694,27318441011,76628682,6865283237,2026-09-03,backfill
2019-05,ETRX-CA-44,0.000873,0.078569,0.988889,785402837,685637,8726519,2026-08-24,backfill
2019-05,ETRX-CA-76,0.035907,0.098911,0.636979,458649935,16468622,166499725,2026-08-24,backfill
2019-05,ETRX-CA-87,0.000452,0.025605,0.982331,4902605869,2217980,86624166,2026-08-24,backfill
2019-05,ETRX-CN,0.072544,0.121718,0.404,38421927947,2787273423,22899450675,2026-09-03,backfill
2019-05,ETRX-CN-84,0.052142,0.141489,0.631476,8316914405,433660337,3064982234,2026-08-24,backfill
2019-05,ETRX-CN-85,0.045642,0.116032,0.60664,10620839516,484761651,4177815682,2026-08-24,backfill
2019-05,ETRX-CN-95,0.009526,0.046944,0.797082,1595017697,15193777,323658431,2026-08-24,backfill
2019-05,ETRX-EU,0.015151,0.038925,0.610755,37139769642,562714199,14456476806,2026-09-03,backfill
2019-05,ETRX-EU-87,0.025288,0.027378,0.076332,4214539027,106578273,3892832846,2026-08-24,backfill
2019-05,ETRX-IN,0.023447,0.065582,0.642485,5579878443,130829196,1994891781,2026-09-03,backfill
2019-05,ETRX-JP,0.018074,0.030218,0.401863,11890700068,214915735,7112268099,2026-09-03,backfill
2019-05,ETRX-KR,0.002568,0.021165,0.878652,6196180403,15914172,751894812,2026-09-03,backfill
2019-05,ETRX-MX,0.002275,0.031734,0.928309,31686911720,72090287,2271670584,2026-09-03,backfill
2019-05,ETRX-MX-87,0.000938,0.025089,0.962609,8976068414,8420463,335623306,2026-08-24,backfill
2019-05,ETRX-PHARMA,1.6e-05,0.049804,0.999674,11041943585,179171,3597536,2026-08-24,backfill
2019-05,ETRX-STEEL,0.071216,0.15264,0.53344,5322743393,379063277,2483380080,2026-08-24,backfill
2019-05,ETRX-TW,0.019555,0.053691,0.635778,4509674118,88188082,1642524006,2026-09-03,backfill
2019-05,ETRX-US,0.023641,0.067214,0.648279,210869086313,4985090678,74166999854,2026-08-24,backfill
2019-05,ETRX-US-INCL,0.022619,0.065567,0.655032,220454844296,4986385066,76049791109,2026-08-24,backfill
2019-05,ETRX-VN,0.0721,0.138585,0.479739,5095139155,367361201,2650803803,2026-09-03,backfill
2019-06,ETRX-APPAREL,0.132271,0.167524,0.21044,7096508092,938658738,5603115990,2026-08-24,backfill
2019-06,ETRX-CA,0.000802,0.003737,0.785395,25697961168,20607788,5514916102,2026-09-03,backfill
2019-06,ETRX-CA-44,0.000917,0.077733,0.988199,705901866,647530,8330154,2026-08-24,backfill
2019-06,ETRX-CA-76,0.000326,0.031116,0.989534,579528385,188729,6065240,2026-08-24,backfill
2019-06,ETRX-CA-87,0.000462,0.025409,0.981811,4853510408,2243083,88280417,2026-08-24,backfill
2019-06,ETRX-CN,0.093553,0.163798,0.428851,37327201123,3492079659,21319405995,2026-09-03,backfill
2019-06,ETRX-CN-84,0.058509,0.188776,0.690059,8423261878,492840143,2610715217,2026-08-24,backfill
2019-06,ETRX-CN-85,0.057997,0.152478,0.619634,10061236828,583524343,3826952689,2026-08-24,backfill
2019-06,ETRX-CN-95,0.007386,0.046278,0.840393,1719136533,12698107,274386338,2026-08-24,backfill
2019-06,ETRX-EU,0.015678,0.041865,0.62551,33724536210,528727336,12629486847,2026-09-03,backfill
2019-06,ETRX-EU-87,0.026919,0.02876,0.064012,3883933728,104550391,3635314117,2026-08-24,backfill
2019-06,ETRX-IN,0.029179,0.06072,0.519452,4219813506,123130158,2027822474,2026-09-03,backfill
2019-06,ETRX-JP,0.017463,0.03042,0.425926,11571819093,202083698,6643084135,2026-09-03,backfill
2019-06,ETRX-KR,0.002672,0.023945,0.888396,6168720718,16485274,688456514,2026-09-03,backfill
2019-06,ETRX-MX,0.001296,0.019888,0.934811,29363847516,38068956,1914211837,2026-09-03,backfill
2019-06,ETRX-MX-87,0.000859,0.025284,0.966011,8913902235,7660321,302972327,2026-08-24,backfill
2019-06,ETRX-PHARMA,1.4e-05,0.049331,0.999726,10729294284,145086,2941071,2026-08-24,backfill
2019-06,ETRX-STEEL,0.069309,0.162252,0.57283,5067662227,351234282,2164751012,2026-08-24,backfill
2019-06,ETRX-TW,0.020015,0.053547,0.62621,4129526593,82654333,1543575203,2026-09-03,backfill
2019-06,ETRX-US,0.028097,0.081028,0.653246,195777574137,5500709280,67886606454,2026-08-24,backfill
2019-06,ETRX-US-INCL,0.026783,0.07901,0.661026,205534137214,5504723686,69670799568,2026-08-24,backfill
2019-06,ETRX-VN,0.074918,0.140043,0.465038,4776596598,357850895,2555298226,2026-09-03,backfill
2019-07,ETRX-APPAREL,0.133357,0.167242,0.202608,8952418883,1193872088,7138589854,2026-08-24,backfill
2019-07,ETRX-CA,0.00082,0.003201,0.743925,25235592611,20686413,6462215535,2026-09-03,backfill
2019-07,ETRX-CA-44,0.000799,0.077882,0.989738,700188593,559617,7185479,2026-08-24,backfill
2019-07,ETRX-CA-76,0.000263,0.035877,0.992667,701476948,184557,5144140,2026-08-24,backfill
2019-07,ETRX-CA-87,0.000546,0.025333,0.978454,3711103525,2025620,79958210,2026-08-24,backfill
2019-07,ETRX-CN,0.097634,0.170602,0.42771,41431393731,4045093845,23710760530,2026-09-03,backfill
2019-07,ETRX-CN-84,0.061532,0.19805,0.689309,8696986612,535146658,2702072921,2026-08-24,backfill
2019-07,ETRX-CN-85,0.061527,0.154557,0.601912,10733467284,660402448,4272866877,2026-08-24,backfill
2019-07,ETRX-CN-95,0.004813,0.045545,0.894325,2811699532,13532558,297127407,2026-08-24,backfill
2019-07,ETRX-EU,0.015157,0.039767,0.61886,36986620109,560598353,14097066797,2026-09-03,backfill
2019-07,ETRX-EU-87,0.02494,0.026749,0.067646,3862384724,96326419,3601109776,2026-08-24,backfill
2019-07,ETRX-IN,0.028961,0.062023,0.533059,5033954857,145788846,2350558213,2026-09-03,backfill
2019-07,ETRX-JP,0.016773,0.030438,0.448952,12367992272,207446799,6815353594,2026-09-03,backfill
2019-07,ETRX-KR,0.002974,0.024764,0.879921,6299975162,18733910,756495936,2026-09-03,backfill
2019-07,ETRX-MX,0.001224,0.019054,0.93574,29153540888,35695683,1873397359,2026-09-03,backfill
2019-07,ETRX-MX-87,0.000812,0.025209,0.967787,8597973781,6982151,276966274,2026-08-24,backfill
2019-07,ETRX-PHARMA,1e-05,0.04974,0.999803,12403382822,121414,2440992,2026-08-24,backfill
2019-07,ETRX-STEEL,0.063716,0.168441,0.621729,5658772381,360556910,2140546876,2026-08-24,backfill
2019-07,ETRX-TW,0.01937,0.052826,0.633329,4530661563,87757298,1661261370,2026-09-03,backfill
2019-07,ETRX-US,0.029667,0.083685,0.645494,210082912911,6232519539,74475755625,2026-08-24,backfill
2019-07,ETRX-US-INCL,0.028404,0.08168,0.652252,219636895970,6238613997,76378324443,2026-08-24,backfill
2019-07,ETRX-VN,0.075559,0.140893,0.463712,5609993784,423886029,3008571649,2026-09-03,backfill
2019-08,ETRX-APPAREL,0.13565,0.168817,0.196464,8549325868,1159718996,6869695065,2026-08-24,backfill
2019-08,ETRX-CA,0.000808,0.003776,0.785989,25144934925,20319309,5381296767,2026-09-03,backfill
2019-08,ETRX-CA-44,0.000703,0.077353,0.990917,683342124,480121,6206855,2026-08-24,backfill
2019-08,ETRX-CA-76,0.000286,0.024463,0.988298,634217007,181558,7421632,2026-08-24,backfill
2019-08,ETRX-CA-87,0.000455,0.025533,0.982188,4519383726,2055332,80497935,2026-08-24,backfill
2019-08,ETRX-CN,0.09653,0.169542,0.430647,40268395002,3887088302,22926947574,2026-09-03,backfill
2019-08,ETRX-CN-84,0.068465,0.203214,0.663092,7572658630,518459096,2551290913,2026-08-24,backfill
2019-08,ETRX-CN-85,0.062733,0.152715,0.589215,10224203406,641396953,4199951955,2026-08-24,backfill
2019-08,ETRX-CN-95,0.003632,0.04568,0.920491,3594498715,13054993,285793606,2026-08-24,backfill
2019-08,ETRX-EU,0.014437,0.040499,0.643515,35305358981,509711661,12585815979,2026-09-03,backfill
2019-08,ETRX-EU-87,0.02481,0.027125,0.085348,3367072422,83535474,3079700963,2026-08-24,backfill
2019-08,ETRX-IN,0.029444,0.064019,0.540074,4636703199,136522830,2132540295,2026-09-03,backfill
2019-08,ETRX-JP,0.018044,0.03062,0.410703,12012001267,216749386,7078639915,2026-09-03,backfill
2019-08,ETRX-KR,0.002685,0.023919,0.887765,6319395251,16965032,709258150,2026-09-03,backfill
2019-08,ETRX-MX,0.001296,0.021464,0.93963,30039890131,38925512,1813503972,2026-09-03,backfill
2019-08,ETRX-MX-87,0.001005,0.029119,0.965495,9280371272,9324486,320223259,2026-08-24,backfill
2019-08,ETRX-PHARMA,1.4e-05,0.049819,0.999727,12303093660,167288,3357934,2026-08-24,backfill
2019-08,ETRX-STEEL,0.064913,0.162766,0.601188,5116639903,332136508,2040579334,2026-08-24,backfill
2019-08,ETRX-TW,0.017312,0.050095,0.654425,4690142762,81193562,1620794816,2026-09-03,backfill
2019-08,ETRX-US,0.029047,0.084459,0.656081,205892609030,5980595755,70810321317,2026-08-24,backfill
2019-08,ETRX-US-INCL,0.027907,0.082438,0.661479,214647027906,5990134411,72662480737,2026-08-24,backfill
2019-08,ETRX-VN,0.064025,0.137626,0.534788,6072505093,388794085,2825000020,2026-09-03,backfill
2019-09,ETRX-APPAREL,0.171708,0.215732,0.204068,7850828643,1348047188,6248723450,2026-08-24,backfill
2019-09,ETRX-CA,0.000813,0.003819,0.787237,24985149524,20301743,5315917700,2026-09-03,backfill
2019-09,ETRX-CA-44,0.000919,0.078855,0.988348,728731220,669599,8491497,2026-08-24,backfill
2019-09,ETRX-CA-76,0.000282,0.040018,0.992946,665606455,187897,4695281,2026-08-24,backfill
2019-09,ETRX-CA-87,0.000471,0.025226,0.981317,4466521045,2105063,83448699,2026-08-24,backfill
2019-09,ETRX-CN,0.119268,0.197825,0.397102,39438430838,4703759124,23777367327,2026-09-03,backfill
2019-09,ETRX-CN-84,0.090093,0.201325,0.5525,6674110659,601290564,2986665591,2026-08-24,backfill
2019-09,ETRX-CN-85,0.07186,0.162476,0.557722,12642519876,908486006,5591510576,2026-08-24,backfill
2019-09,ETRX-CN-95,0.013753,0.126251,0.891063,3244190200,44618507,353410798,2026-08-24,backfill
2019-09,ETRX-EU,0.013907,0.038892,0.64242,33095680029,460256017,11834342052,2026-09-03,backfill
2019-09,ETRX-EU-87,0.024785,0.026304,0.057736,3266548087,80962786,3077949774,2026-08-24,backfill
2019-09,ETRX-IN,0.02874,0.063363,0.546427,4708680567,135326211,2135730588,2026-09-03,backfill
2019-09,ETRX-JP,0.016986,0.030723,0.447119,10715495875,182013676,5924396146,2026-09-03,backfill
2019-09,ETRX-KR,0.003667,0.026742,0.862869,5544188746,20331801,760281944,2026-09-03,backfill
2019-09,ETRX-MX,0.001162,0.022705,0.948841,28471047341,33070633,1456552230,2026-09-03,backfill
2019-09,ETRX-MX-87,0.000854,0.025328,0.96629,8481914615,7242044,285927543,2026-08-24,backfill
2019-09,ETRX-PHARMA,1.1e-05,0.049629,0.99977,10600005852,120871,2435476,2026-08-24,backfill
2019-09,ETRX-STEEL,0.059167,0.158091,0.625742,4748602898,280960195,1777202119,2026-08-24,backfill
2019-09,ETRX-TW,0.01794,0.049774,0.639571,4474697547,80276814,1612811749,2026-09-03,backfill
2019-09,ETRX-US,0.034089,0.097905,0.651818,196291404535,6691306750,68345174330,2026-08-24,backfill
2019-09,ETRX-US-INCL,0.032442,0.095357,0.659786,206315628808,6693271823,70191508968,2026-08-24,backfill
2019-09,ETRX-VN,0.068451,0.1371,0.500724,5700392649,390196301,2846071177,2026-09-03,backfill
2019-10,ETRX-APPAREL,0.171524,0.217611,0.211786,7687277073,1318549741,6059216821,2026-08-24,backfill
2019-10,ETRX-CA,0.000814,0.003766,0.783801,26188243863,21324716,5661869614,2026-09-03,backfill
2019-10,ETRX-CA-44,0.000948,0.078668,0.987949,720365750,682943,8681368,2026-08-24,backfill
2019-10,ETRX-CA-76,0.000402,0.042884,0.990635,661356070,265613,6193788,2026-08-24,backfill
2019-10,ETRX-CA-87,0.000453,0.025438,0.982206,4943198749,2237425,87956933,2026-08-24,backfill
2019-10,ETRX-CN,0.11078,0.197795,0.439926,40039304139,4435540872,22424967901,2026-09-03,backfill
2019-10,ETRX-CN-84,0.076117,0.201512,0.622268,7828403009,595877584,2957038737,2026-08-24,backfill
2019-10,ETRX-CN-85,0.065244,0.159563,0.591109,13480139325,879494590,5511908330,2026-08-24,backfill
2019-10,ETRX-CN-95,0.015967,0.133186,0.880115,3169506103,50607679,379977625,2026-08-24,backfill
2019-10,ETRX-EU,0.014387,0.041281,0.651492,37953747407,546027054,13227177571,2026-09-03,backfill
2019-10,ETRX-EU-87,0.02573,0.027745,0.072616,3957230018,101820024,3669872299,2026-08-24,backfill
2019-10,ETRX-IN,0.027952,0.061254,0.543675,5253782806,146851861,2397431464,2026-09-03,backfill
2019-10,ETRX-JP,0.016442,0.029923,0.450534,11222068157,184508116,6166149738,2026-09-03,backfill
2019-10,ETRX-KR,0.004172,0.026695,0.843728,6432132535,26833301,1005165090,2026-09-03,backfill
2019-10,ETRX-MX,0.001225,0.022825,0.946327,29878073926,36603813,1603660144,2026-09-03,backfill
2019-10,ETRX-MX-87,0.000901,0.025311,0.964389,8120477069,7319581,289181325,2026-08-24,backfill
2019-10,ETRX-PHARMA,1.2e-05,0.04978,0.999764,12014597429,141070,2833877,2026-08-24,backfill
2019-10,ETRX-STEEL,0.057108,0.156472,0.635025,4920096936,280978665,1795711890,2026-08-24,backfill
2019-10,ETRX-TW,0.016892,0.0488,0.653849,4568282025,77168381,1581316349,2026-09-03,backfill
2019-10,ETRX-US,0.031507,0.093555,0.663222,209916316156,6613898655,70695262283,2026-08-24,backfill
2019-10,ETRX-US-INCL,0.029889,0.091094,0.671884,221354465537,6616145566,72630015842,2026-08-24,backfill
2019-10,ETRX-VN,0.066865,0.135584,0.506833,6213345299,415457674,3064216416,2026-09-03,backfill
2019-11,ETRX-APPAREL,0.165222,0.213776,0.227127,5898700762,974595466,4558946760,2026-08-24,backfill
2019-11,ETRX-CA,0.000816,0.004095,0.800741,23606319044,19260259,4703769580,2026-09-03,backfill
2019-11,ETRX-CA-44,0.000789,0.077912,0.989878,610822560,481699,6182614,2026-08-24,backfill
2019-11,ETRX-CA-76,0.000441,0.040659,0.989154,542901698,239418,5888487,2026-08-24,backfill
2019-11,ETRX-CA-87,0.00051,0.025803,0.980222,4575279855,2334848,90487946,2026-08-24,backfill
2019-11,ETRX-CN,0.110645,0.196801,0.437782,34658828569,3834828189,19485834330,2026-09-03,backfill
2019-11,ETRX-CN-84,0.07368,0.196921,0.62584,7168027282,528140084,2681986015,2026-08-24,backfill
2019-11,ETRX-CN-85,0.066428,0.16824,0.605162,11595361885,770254221,4578294412,2026-08-24,backfill
2019-11,ETRX-CN-95,0.022179,0.127567,0.826137,2129933577,47240227,370315736,2026-08-24,backfill
2019-11,ETRX-EU,0.015489,0.043789,0.646287,33917910731,525346441,11997196819,2026-09-03,backfill
2019-11,ETRX-EU-87,0.025769,0.028119,0.08358,3643369940,93885924,3338855641,2026-08-24,backfill
2019-11,ETRX-IN,0.028624,0.062066,0.538818,4525871621,129547645,2087252766,2026-09-03,backfill
2019-11,ETRX-JP,0.017171,0.030512,0.437238,11171821450,191832389,6287076240,2026-09-03,backfill
2019-11,ETRX-KR,0.003055,0.029146,0.895189,5986272427,18287231,627428176,2026-09-03,backfill
2019-11,ETRX-MX,0.001192,0.024294,0.950915,28093647598,33500153,1378964071,2026-09-03,backfill
2019-11,ETRX-MX-87,0.000888,0.025145,0.964692,7973462450,7079150,281528792,2026-08-24,backfill
2019-11,ETRX-PHARMA,1e-05,0.049912,0.999793,10905633457,112751,2259003,2026-08-24,backfill
2019-11,ETRX-STEEL,0.060627,0.15563,0.610438,4207326150,255079116,1639013256,2026-08-24,backfill
2019-11,ETRX-TW,0.015657,0.050567,0.690376,4297409210,67283484,1330580128,2026-09-03,backfill
2019-11,ETRX-US,0.030302,0.091688,0.669509,189996703047,5757292639,62792111558,2026-08-24,backfill
2019-11,ETRX-US-INCL,0.028963,0.089226,0.675403,199167527511,5768398171,64649159779,2026-08-24,backfill
2019-11,ETRX-VN,0.056539,0.136326,0.585267,5598559570,316537092,2321907842,2026-09-03,backfill
2019-12,ETRX-APPAREL,0.163578,0.213493,0.233801,6054113921,990322710,4638657373,2026-08-24,backfill
2019-12,ETRX-CA,0.0008,0.003562,0.775401,25593984344,20472974,5748392102,2026-09-03,backfill
2019-12,ETRX-CA-44,0.00076,0.079354,0.990426,668828337,508148,6403593,2026-08-24,backfill
2019-12,ETRX-CA-76,0.000324,0.041287,0.992145,674958238,218894,5301792,2026-08-24,backfill
2019-12,ETRX-CA-87,0.000427,0.025029,0.982938,4237373633,1809515,72297266,2026-08-24,backfill
2019-12,ETRX-CN,0.118107,0.198618,0.405359,33189833621,3919941836,19736048332,2026-09-03,backfill
2019-12,ETRX-CN-84,0.086328,0.19406,0.555147,6841620662,590624405,3043516833,2026-08-24,backfill
2019-12,ETRX-CN-85,0.067851,0.171815,0.605095,10597274763,719032969,4184913994,2026-08-24,backfill
2019-12,ETRX-CN-95,0.029143,0.126202,0.769078,1446805112,42163864,334098435,2026-08-24,backfill
2019-12,ETRX-EU,0.015188,0.042376,0.641582,34029310239,516842539,12196712344,2026-09-03,backfill
2019-12,ETRX-EU-87,0.025591,0.027923,0.083538,3999324369,102345583,3665229950,2026-08-24,backfill
2019-12,ETRX-IN,0.027721,0.060479,0.541644,4225615461,117138402,1936835359,2026-09-03,backfill
2019-12,ETRX-JP,0.017098,0.030196,0.433778,11222014168,191871092,6354151357,2026-09-03,backfill
2019-12,ETRX-KR,0.002996,0.024611,0.878269,6362339668,19061298,774497124,2026-09-03,backfill
2019-12,ETRX-MX,0.001149,0.022942,0.949902,27030786992,31068382,1354188983,2026-09-03,backfill
2019-12,ETRX-MX-87,0.000712,0.025269,0.971815,7832136131,5578074,220750396,2026-08-24,backfill
2019-12,ETRX-PHARMA,1.2e-05,0.049692,0.999768,10752659856,123833,2492006,2026-08-24,backfill
2019-12,ETRX-STEEL,0.061331,0.160463,0.617787,4222120265,258946106,1613747915,2026-08-24,backfill
2019-12,ETRX-TW,0.015789,0.051953,0.696093,4659515659,73568234,1416060848,2026-09-03,backfill
2019-12,ETRX-US,0.030498,0.090992,0.664826,191564024023,5842345633,64207306461,2026-08-24,backfill
2019-12,ETRX-US-INCL,0.028971,0.088637,0.673151,201879715697,5848662907,65984186118,2026-08-24,backfill
2019-12,ETRX-VN,0.063221,0.138293,0.542848,5549458578,350841712,2536944009,2026-09-03,backfill
2020-01,ETRX-APPAREL,0.173671,0.212779,0.183795,6822356950,1184845946,5568438844,2026-08-24,backfill
2020-01,ETRX-CA,0.00109,0.004327,0.74812,23774822831,25909749,5988397826,2026-09-03,backfill
2020-01,ETRX-CA-44,0.000107,0.078563,0.998635,634810883,68084,866614,2026-08-24,backfill
2020-01,ETRX-CA-76,0.000289,0.038661,0.992531,678238246,195857,5066026,2026-08-24,backfill
2020-01,ETRX-CA-87,0.001209,0.025118,0.951855,3768296818,4557089,181426424,2026-08-24,backfill
2020-01,ETRX-CN,0.131152,0.200689,0.346489,32238470996,4228152351,21068211287,2026-09-03,backfill
2020-01,ETRX-CN-84,0.096659,0.197513,0.510618,6240959970,603245623,3054212560,2026-08-24,backfill
2020-01,ETRX-CN-85,0.078736,0.174273,0.548201,8719453599,686536118,3939439990,2026-08-24,backfill
2020-01,ETRX-CN-95,0.036961,0.125927,0.706489,1387912377,51298485,407368175,2026-08-24,backfill
2020-01,ETRX-EU,0.014481,0.043869,0.6699,31454433530,455493229,10383102661,2026-09-03,backfill
2020-01,ETRX-EU-87,0.024758,0.027227,0.090678,2897727617,71742964,2634966187,2026-08-24,backfill
2020-01,ETRX-IN,0.028414,0.064374,0.558612,5030488095,142935627,2220398744,2026-09-03,backfill
2020-01,ETRX-JP,0.016519,0.030096,0.451138,10294694861,170053890,5650369965,2026-09-03,backfill
2020-01,ETRX-KR,0.002616,0.023425,0.888338,6114496161,15993779,682759791,2026-09-03,backfill
2020-01,ETRX-MX,0.001662,0.02058,0.919257,27611201067,45881192,2229404731,2026-09-03,backfill
2020-01,ETRX-MX-87,0.001947,0.024998,0.922117,6955046479,13541239,541682958,2026-08-24,backfill
2020-01,ETRX-PHARMA,1.4e-05,0.049819,0.999721,10869449375,150955,3030041,2026-08-24,backfill
2020-01,ETRX-STEEL,0.055961,0.158392,0.646694,5220210923,292126612,1844329982,2026-08-24,backfill
2020-01,ETRX-TW,0.016949,0.050936,0.667256,4677379746,79275705,1556370042,2026-09-03,backfill
2020-01,ETRX-US,0.033423,0.096219,0.652639,187303716631,6260188317,65061986773,2026-08-24,backfill
2020-01,ETRX-US-INCL,0.031936,0.093595,0.658786,196275984205,6268220101,66972032875,2026-08-24,backfill
2020-01,ETRX-VN,0.069435,0.137499,0.495013,5932934316,411954632,2996054189,2026-09-03,backfill
2020-02,ETRX-APPAREL,0.150685,0.195395,0.228822,6082326975,916513847,4690559581,2026-08-24,backfill
2020-02,ETRX-CA,0.000917,0.004076,0.774925,22503510746,20645294,5064967940,2026-09-03,backfill
2020-02,ETRX-CA-44,5.6e-05,0.068486,0.999185,687063745,38352,559996,2026-08-24,backfill
2020-02,ETRX-CA-76,0.000275,0.03807,0.992776,547096373,150470,3952434,2026-08-24,backfill
2020-02,ETRX-CA-87,0.00081,0.025225,0.967889,4053179259,3283056,130153140,2026-08-24,backfill
2020-02,ETRX-CN,0.129704,0.189022,0.313818,22599550244,2931244969,15507405169,2026-09-03,backfill
2020-02,ETRX-CN-84,0.100987,0.190477,0.46982,4579332373,462453601,2427871150,2026-08-24,backfill
2020-02,ETRX-CN-85,0.081852,0.159799,0.487783,5329818734,436255051,2730023025,2026-08-24,backfill
2020-02,ETRX-CN-95,0.031376,0.101176,0.68989,999748103,31367657,310032107,2026-08-24,backfill
2020-02,ETRX-EU,0.015298,0.044626,0.657202,29852517078,456674118,10233394005,2026-09-03,backfill
2020-02,ETRX-EU-87,0.02706,0.029056,0.068681,2851269380,77156634,2655441356,2026-08-24,backfill
2020-02,ETRX-IN,0.029509,0.070627,0.582185,4523330168,133478086,1889913934,2026-09-03,backfill
2020-02,ETRX-JP,0.016207,0.029907,0.458099,10280935636,166619049,5571248405,2026-09-03,backfill
2020-02,ETRX-KR,0.003003,0.027284,0.88992,5392541003,16196292,593609100,2026-09-03,backfill
2020-02,ETRX-MX,0.001434,0.023341,0.938567,28109193113,40305658,1726830029,2026-09-03,backfill
2020-02,ETRX-MX-87,0.001392,0.025014,0.944337,8127894182,11316985,452423810,2026-08-24,backfill
2020-02,ETRX-PHARMA,1.1e-05,0.049829,0.999781,11221887867,122653,2461489,2026-08-24,backfill
2020-02,ETRX-STEEL,0.056274,0.156904,0.641348,3997467791,224952946,1433700381,2026-08-24,backfill
2020-02,ETRX-TW,0.016158,0.050374,0.679241,3815985717,61658476,1224012479,2026-09-03,backfill
2020-02,ETRX-US,0.02833,0.086767,0.673499,169061839115,4789453122,55198898483,2026-08-24,backfill
2020-02,ETRX-US-INCL,0.026967,0.084188,0.679678,177630956469,4790212487,56899076082,2026-08-24,backfill
2020-02,ETRX-VN,0.063207,0.135764,0.534437,5520443933,348928387,2570112140,2026-09-03,backfill
2020-03,ETRX-APPAREL,0.134507,0.180716,0.255696,5226626654,703019384,3890196852,2026-08-24,backfill
2020-03,ETRX-CA,0.000882,0.00453,0.805309,23409866354,20646272,4557700084,2026-09-03,backfill
2020-03,ETRX-CA-44,7.7e-05,0.071571,0.998923,870415648,67092,937420,2026-08-24,backfill
2020-03,ETRX-CA-76,0.000348,0.038495,0.990961,658731707,229216,5954376,2026-08-24,backfill
2020-03,ETRX-CA-87,0.000709,0.025218,0.971877,3473857098,2463701,97696437,2026-08-24,backfill
2020-03,ETRX-CN,0.102486,0.1768,0.420332,18888231538,1935771978,10948909624,2026-09-03,backfill
2020-03,ETRX-CN-84,0.070275,0.181843,0.613542,5079555103,356964921,1963034931,2026-08-24,backfill
2020-03,ETRX-CN-85,0.06983,0.158895,0.560526,5616332146,392189806,2468230997,2026-08-24,backfill
2020-03,ETRX-CN-95,0.027068,0.078591,0.655578,559287726,15139035,192630943,2026-08-24,backfill
2020-03,ETRX-EU,0.013579,0.043547,0.688168,37281493370,506252698,11625557671,2026-09-03,backfill
2020-03,ETRX-EU-87,0.025192,0.028633,0.120151,3466715684,87334578,3050187238,2026-08-24,backfill
2020-03,ETRX-IN,0.028627,0.062291,0.540427,4533367115,129778963,2083414006,2026-09-03,backfill
2020-03,ETRX-JP,0.015794,0.029745,0.469009,11647042757,183956523,6184474745,2026-09-03,backfill
2020-03,ETRX-KR,0.003185,0.02908,0.890462,6607226763,21046207,723741564,2026-09-03,backfill
2020-03,ETRX-MX,0.001283,0.0229,0.943965,28879800149,37058158,1618275993,2026-09-03,backfill
2020-03,ETRX-MX-87,0.00111,0.025052,0.955697,8122155629,9014564,359839709,2026-08-24,backfill
2020-03,ETRX-PHARMA,8e-06,0.049485,0.999843,14702813751,114580,2315452,2026-08-24,backfill
2020-03,ETRX-STEEL,0.0506,0.152666,0.668559,4325222061,218855464,1433554598,2026-08-24,backfill
2020-03,ETRX-TW,0.017595,0.054147,0.675057,4340593501,76371843,1410446254,2026-09-03,backfill
2020-03,ETRX-US,0.020988,0.073283,0.713612,183479615599,3850783979,52546427531,2026-08-24,backfill
2020-03,ETRX-US-INCL,0.019968,0.070895,0.718337,192897172646,3851857500,54331936996,2026-08-24,backfill
2020-03,ETRX-VN,0.056032,0.133775,0.581145,5446623068,305186608,2281345988,2026-09-03,backfill
2020-04,ETRX-APPAREL,0.150506,0.186432,0.192705,3569068508,537166099,2881290527,2026-08-24,backfill
2020-04,ETRX-CA,0.001038,0.005468,0.810149,14106563696,14643097,2678148594,2026-09-03,backfill
2020-04,ETRX-CA-44,3.9e-05,0.075004,0.999486,628749726,24244,323235,2026-08-24,backfill
2020-04,ETRX-CA-76,0.000192,0.035971,0.994667,551171739,105724,2939178,2026-08-24,backfill
2020-04,ETRX-CA-87,0.000832,0.02558,0.967488,362487137,301464,11785192,2026-08-24,backfill
2020-04,ETRX-CN,0.095939,0.161352,0.405402,29562390380,2836194681,17577736553,2026-09-03,backfill
2020-04,ETRX-CN-84,0.062741,0.17664,0.644807,7781519528,488223174,2763941950,2026-08-24,backfill
2020-04,ETRX-CN-85,0.066127,0.146003,0.547082,7513537293,496850150,3403016850,2026-08-24,backfill
2020-04,ETRX-CN-95,0.025017,0.074514,0.664265,986982965,24691402,331364990,2026-08-24,backfill
2020-04,ETRX-EU,0.013327,0.045122,0.704641,29231917898,389582669,8633916497,2026-09-03,backfill
2020-04,ETRX-EU-87,0.025751,0.029274,0.120368,1947547349,50150810,1713125548,2026-08-24,backfill
2020-04,ETRX-IN,0.029472,0.064165,0.540685,3326874487,98049532,1528083650,2026-09-03,backfill
2020-04,ETRX-JP,0.016018,0.030261,0.470682,9444068646,151273468,4998918674,2026-09-03,backfill
2020-04,ETRX-KR,0.002203,0.022888,0.903748,6440773718,14189217,619937889,2026-09-03,backfill
2020-04,ETRX-MX,0.00105,0.019837,0.947076,15379113577,16146286,813929589,2026-09-03,backfill
2020-04,ETRX-MX-87,0.000681,0.025298,0.973075,1848555514,1259103,49771627,2026-08-24,backfill
2020-04,ETRX-PHARMA,9e-06,0.04956,0.999827,12862094098,110497,2229542,2026-08-24,backfill
2020-04,ETRX-STEEL,0.056888,0.160518,0.645594,4495247096,255727674,1593144713,2026-08-24,backfill
2020-04,ETRX-TW,0.016726,0.051231,0.67351,4439215229,74252391,1449360652,2026-09-03,backfill
2020-04,ETRX-US,0.027538,0.09066,0.696248,158274046801,4358572629,48076033279,2026-08-24,backfill
2020-04,ETRX-US-INCL,0.02626,0.088135,0.702042,166010009824,4359493686,49464078583,2026-08-24,backfill
2020-04,ETRX-VN,0.053691,0.124205,0.567719,5016225291,269328123,2168419351,2026-09-03,backfill
2020-05,ETRX-APPAREL,0.128146,0.188123,0.318816,3171042873,406356977,2160062194,2026-08-24,backfill
2020-05,ETRX-CA,0.000979,0.008095,0.878999,14919331882,14613343,1805256601,2026-09-03,backfill
2020-05,ETRX-CA-44,5e-05,0.072059,0.999305,634499624,31795,441236,2026-08-24,backfill
2020-05,ETRX-CA-76,0.000225,0.035812,0.993709,544239461,122610,3423677,2026-08-24,backfill
2020-05,ETRX-CA-87,0.001167,0.025662,0.954528,709321749,827689,32254024,2026-08-24,backfill
2020-05,ETRX-CN,0.093967,0.154055,0.390039,34943867681,3283585504,21314400577,2026-09-03,backfill
2020-05,ETRX-CN-84,0.062848,0.171142,0.632773,8533887079,536338278,3133876758,2026-08-24,backfill
2020-05,ETRX-CN-85,0.067817,0.144149,0.529538,8436528171,572136575,3969064283,2026-08-24,backfill
2020-05,ETRX-CN-95,0.027189,0.081784,0.667546,1201414147,32665674,399415334,2026-08-24,backfill
2020-05,ETRX-EU,0.013451,0.048167,0.72075,25638139396,344846125,7159452910,2026-09-03,backfill
2020-05,ETRX-EU-87,0.022749,0.026438,0.139527,1292256534,29397510,1111951740,2026-08-24,backfill
2020-05,ETRX-IN,0.019292,0.050877,0.62082,2112916619,40761766,801176326,2026-09-03,backfill
2020-05,ETRX-JP,0.014852,0.0321,0.537326,7223485026,107281093,3342120360,2026-09-03,backfill
2020-05,ETRX-KR,0.002574,0.023699,0.891376,5220841986,13439890,567107511,2026-09-03,backfill
2020-05,ETRX-MX,0.00122,0.022273,0.945213,14545059555,17748921,796881779,2026-09-03,backfill
2020-05,ETRX-MX-87,0.001567,0.025167,0.937748,1280149744,2005623,79691355,2026-08-24,backfill
2020-05,ETRX-PHARMA,8e-06,0.049831,0.999844,11234161753,87224,1750403,2026-08-24,backfill
2020-05,ETRX-STEEL,0.070529,0.172869,0.592008,4063097628,286565780,1657709296,2026-08-24,backfill
2020-05,ETRX-TW,0.015675,0.05486,0.714273,4660477677,73053335,1331626379,2026-09-03,backfill
2020-05,ETRX-US,0.028972,0.097775,0.703685,156319804689,4528926949,46319845313,2026-08-24,backfill
2020-05,ETRX-US-INCL,0.027774,0.094829,0.707117,163093322293,4529747304,47767283435,2026-08-24,backfill
2020-05,ETRX-VN,0.050504,0.118127,0.572464,4694153767,237072069,2006921847,2026-09-03,backfill
2020-06,ETRX-APPAREL,0.123667,0.187295,0.339722,4881505373,603681325,3223152864,2026-08-24,backfill
2020-06,ETRX-CA,0.000907,0.007753,0.883035,18903658176,17142081,2211057285,2026-09-03,backfill
2020-06,ETRX-CA-44,3.3e-05,0.055795,0.999407,726851961,24036,430789,2026-08-24,backfill
2020-06,ETRX-CA-76,0.00031,0.039585,0.992174,550115395,170421,4305175,2026-08-24,backfill
2020-06,ETRX-CA-87,0.000589,0.025267,0.976681,3566796199,2101565,83174491,2026-08-24,backfill
2020-06,ETRX-CN,0.09402,0.158827,0.408037,36343289679,3416991215,21513889992,2026-09-03,backfill
2020-06,ETRX-CN-84,0.061552,0.172702,0.643594,8525567296,524765527,3038563495,2026-08-24,backfill
2020-06,ETRX-CN-85,0.066965,0.143095,0.532025,9146616444,612502366,4280388230,2026-08-24,backfill
2020-06,ETRX-CN-95,0.024411,0.082462,0.703967,1552383503,37895986,459557136,2026-08-24,backfill
2020-06,ETRX-EU,0.014278,0.046514,0.693033,28816319813,411445818,8845666348,2026-09-03,backfill
2020-06,ETRX-EU-87,0.027212,0.029853,0.088463,2314268475,62975682,2109541780,2026-08-24,backfill
2020-06,ETRX-IN,0.018944,0.051174,0.629807,3364511121,63737942,1245518850,2026-09-03,backfill
2020-06,ETRX-JP,0.013178,0.032645,0.596329,6565242111,86515802,2650195492,2026-09-03,backfill
2020-06,ETRX-KR,0.002541,0.022808,0.888586,5564501522,14140172,619963289,2026-09-03,backfill
2020-06,ETRX-MX,0.00118,0.023335,0.949413,25060396499,29582094,1267726197,2026-09-03,backfill
2020-06,ETRX-MX-87,0.001096,0.025134,0.956401,6088113845,6671455,265438514,2026-08-24,backfill
2020-06,ETRX-PHARMA,6e-06,0.049619,0.999869,12721234235,82558,1663827,2026-08-24,backfill
2020-06,ETRX-STEEL,0.065342,0.164997,0.603981,3906940150,255287342,1547224338,2026-08-24,backfill
2020-06,ETRX-TW,0.016246,0.054045,0.699405,4626256862,75156239,1390631427,2026-09-03,backfill
2020-06,ETRX-US,0.027914,0.096147,0.709675,172239300887,4807888574,50005415237,2026-08-24,backfill
2020-06,ETRX-US-INCL,0.026822,0.093126,0.711988,179281195816,4808591902,51635193346,2026-08-24,backfill
2020-06,ETRX-VN,0.050063,0.121223,0.587013,5675851791,284152174,2344051047,2026-09-03,backfill
2020-07,ETRX-APPAREL,0.132359,0.183107,0.277147,6801373111,900224986,4916392358,2026-08-24,backfill
2020-07,ETRX-CA,0.001364,0.007844,0.826165,20736224480,28275860,3604690362,2026-09-03,backfill
2020-07,ETRX-CA-44,9.3e-05,0.051162,0.998186,802163315,74451,1455202,2026-08-24,backfill
2020-07,ETRX-CA-76,0.000325,0.03873,0.991613,550040558,178679,4613443,2026-08-24,backfill
2020-07,ETRX-CA-87,0.00129,0.026028,0.950427,3482588901,4493557,172643327,2026-08-24,backfill
2020-07,ETRX-CN,0.09309,0.158548,0.41286,40367181465,3757780579,23701197006,2026-09-03,backfill
2020-07,ETRX-CN-84,0.061235,0.16937,0.638454,9046445643,553957927,3270702613,2026-08-24,backfill
2020-07,ETRX-CN-85,0.063207,0.144039,0.561183,10135655938,640643658,4447697991,2026-08-24,backfill
2020-07,ETRX-CN-95,0.019381,0.081954,0.763509,2256545011,43734799,533652593,2026-08-24,backfill
2020-07,ETRX-EU,0.01464,0.045603,0.678972,31456026394,460509282,10098258365,2026-09-03,backfill
2020-07,ETRX-EU-87,0.024366,0.027121,0.10157,2554109879,62234200,2294688478,2026-08-24,backfill
2020-07,ETRX-IN,0.023631,0.057102,0.586164,4120398630,97368022,1705170434,2026-09-03,backfill
2020-07,ETRX-JP,0.015021,0.030827,0.512722,7794300725,117081939,3797988213,2026-09-03,backfill
2020-07,ETRX-KR,0.002667,0.025578,0.895739,5619790810,14986932,585926681,2026-09-03,backfill
2020-07,ETRX-MX,0.002425,0.028003,0.913407,28153662066,68268096,2437923992,2026-09-03,backfill
2020-07,ETRX-MX-87,0.002607,0.027011,0.903489,7735236197,20164805,746532720,2026-08-24,backfill
2020-07,ETRX-PHARMA,8e-06,0.049766,0.999834,11306594491,93320,1875167,2026-08-24,backfill
2020-07,ETRX-STEEL,0.056056,0.156857,0.642629,4594303431,257538330,1641870763,2026-08-24,backfill
2020-07,ETRX-TW,0.01516,0.050817,0.701682,5149701067,78067974,1536249743,2026-09-03,backfill
2020-07,ETRX-US,0.028957,0.092969,0.688527,191714459704,5551521416,59713790047,2026-08-24,backfill
2020-07,ETRX-US-INCL,0.027759,0.090294,0.692571,200016284876,5552256384,61490872240,2026-08-24,backfill
2020-07,ETRX-VN,0.053515,0.124484,0.570109,7024146111,375894593,3019619596,2026-09-03,backfill
2020-08,ETRX-APPAREL,0.137437,0.185192,0.257867,7163434702,984520321,5316220488,2026-08-24,backfill
2020-08,ETRX-CA,0.001159,0.006451,0.820305,22094105188,25609981,3970205021,2026-09-03,backfill
2020-08,ETRX-CA-44,4.6e-05,0.047661,0.999033,1024190692,47186,990028,2026-08-24,backfill
2020-08,ETRX-CA-76,0.000466,0.044973,0.98964,574307858,267586,5949969,2026-08-24,backfill
2020-08,ETRX-CA-87,0.001202,0.025367,0.952628,4046162081,4862117,191674671,2026-08-24,backfill
2020-08,ETRX-CN,0.102454,0.169576,0.395823,39602575084,4057438150,23926957914,2026-09-03,backfill
2020-08,ETRX-CN-84,0.065587,0.175598,0.626494,8626684560,565798080,3222120943,2026-08-24,backfill
2020-08,ETRX-CN-85,0.073835,0.148134,0.501569,9189064763,678471196,4580117037,2026-08-24,backfill
2020-08,ETRX-CN-95,0.014402,0.07965,0.819185,2989899048,43060050,540618380,2026-08-24,backfill
2020-08,ETRX-EU,0.015307,0.044794,0.658273,31503544643,482237880,10765619879,2026-09-03,backfill
2020-08,ETRX-EU-87,0.026341,0.028939,0.089773,3160355995,83247322,2876641524,2026-08-24,backfill
2020-08,ETRX-IN,0.025115,0.060134,0.582345,4341953898,109049231,1813437006,2026-09-03,backfill
2020-08,ETRX-JP,0.016337,0.028506,0.426896,9560691599,156190216,5479267149,2026-09-03,backfill
2020-08,ETRX-KR,0.003198,0.02503,0.872227,5885327619,18822404,751986418,2026-09-03,backfill
2020-08,ETRX-MX,0.002065,0.02783,0.925802,28553994364,58962198,2118647632,2026-09-03,backfill
2020-08,ETRX-MX-87,0.002322,0.026137,0.911148,8007455542,18596151,711476669,2026-08-24,backfill
2020-08,ETRX-PHARMA,6e-06,0.049639,0.999872,12287468568,78279,1576970,2026-08-24,backfill
2020-08,ETRX-STEEL,0.062998,0.15587,0.595826,4006971975,252432797,1619513629,2026-08-24,backfill
2020-08,ETRX-TW,0.014987,0.050306,0.702091,4972275430,74517390,1481287987,2026-09-03,backfill
2020-08,ETRX-US,0.030893,0.093817,0.670711,193361614583,5973477035,63671903013,2026-08-24,backfill
2020-08,ETRX-US-INCL,0.029585,0.091308,0.675989,201926827671,5973995858,65426610281,2026-08-24,backfill
2020-08,ETRX-VN,0.04981,0.122862,0.594583,7617349385,379422827,3088204654,2026-09-03,backfill
2020-09,ETRX-APPAREL,0.142056,0.186598,0.238703,7123591987,1011951880,5423171881,2026-08-24,backfill
2020-09,ETRX-CA,0.001078,0.006136,0.824242,22943277047,24744080,4032459146,2026-09-03,backfill
2020-09,ETRX-CA-44,4.1e-05,0.049964,0.99918,1315794250,53883,1078426,2026-08-24,backfill
2020-09,ETRX-CA-76,0.000452,0.040007,0.9887,515437509,233017,5824458,2026-08-24,backfill
2020-09,ETRX-CA-87,0.001188,0.025287,0.953028,4327834408,5140454,203286307,2026-08-24,backfill
2020-09,ETRX-CN,0.102211,0.171683,0.404652,39993750071,4087800124,23810209882,2026-09-03,backfill
2020-09,ETRX-CN-84,0.06237,0.180224,0.653931,9026958149,563012147,3123953893,2026-08-24,backfill
2020-09,ETRX-CN-85,0.072457,0.142046,0.489901,9639923791,698482956,4917310800,2026-08-24,backfill
2020-09,ETRX-CN-95,0.013148,0.081688,0.83905,3430203439,45099361,552089612,2026-08-24,backfill
2020-09,ETRX-EU,0.015737,0.043978,0.642157,32008789156,503726678,11454127456,2026-09-03,backfill
2020-09,ETRX-EU-87,0.027206,0.028823,0.056098,3591095128,97700504,3389641367,2026-08-24,backfill
2020-09,ETRX-IN,0.025091,0.060065,0.582262,5053306520,126794592,2110957678,2026-09-03,backfill
2020-09,ETRX-JP,0.015739,0.029125,0.459615,9785174851,154004299,5287760291,2026-09-03,backfill
2020-09,ETRX-KR,0.002369,0.022907,0.896601,5752525619,13625185,594803381,2026-09-03,backfill
2020-09,ETRX-MX,0.002074,0.029535,0.929779,28947109925,60035464,2032684661,2026-09-03,backfill
2020-09,ETRX-MX-87,0.002654,0.028885,0.908127,8139241430,21599123,747773270,2026-08-24,backfill
2020-09,ETRX-PHARMA,6e-06,0.049478,0.999875,12156299465,75119,1518242,2026-08-24,backfill
2020-09,ETRX-STEEL,0.062232,0.154048,0.596024,4013556662,249769776,1621380549,2026-08-24,backfill
2020-09,ETRX-TW,0.01592,0.050818,0.68673,5390169532,85810698,1688580858,2026-09-03,backfill
2020-09,ETRX-US,0.030965,0.094143,0.671087,195949309530,6067536704,64450363288,2026-08-24,backfill
2020-09,ETRX-US-INCL,0.029544,0.091582,0.677406,205400372097,6068295410,66260955704,2026-08-24,backfill
2020-09,ETRX-VN,0.047506,0.121059,0.607584,7888454734,374745273,3095557302,2026-09-03,backfill
2020-10,ETRX-APPAREL,0.146083,0.189714,0.229983,7351693725,1073960688,5660931206,2026-08-24,backfill
2020-10,ETRX-CA,0.001086,0.006747,0.839107,23195531665,25180889,3732007330,2026-09-03,backfill
2020-10,ETRX-CA-44,6.9e-05,0.056258,0.998774,1365584196,94189,1674230,2026-08-24,backfill
2020-10,ETRX-CA-76,0.000341,0.039114,0.991269,557693619,190449,4869055,2026-08-24,backfill
2020-10,ETRX-CA-87,0.001574,0.025261,0.937685,4366141745,6872778,272075966,2026-08-24,backfill
2020-10,ETRX-CN,0.095057,0.176837,0.462461,43909879964,4173927759,23603267911,2026-09-03,backfill
2020-10,ETRX-CN-84,0.061128,0.184765,0.669155,9371115354,572841813,3100388829,2026-08-24,backfill
2020-10,ETRX-CN-85,0.058811,0.144124,0.591942,12051038626,708735619,4917524481,2026-08-24,backfill
2020-10,ETRX-CN-95,0.010693,0.080015,0.866366,4725160931,50524789,631442933,2026-08-24,backfill
2020-10,ETRX-EU,0.015347,0.041978,0.634413,34064066851,522764565,12453387726,2026-09-03,backfill
2020-10,ETRX-EU-87,0.024732,0.026371,0.062153,4415739030,109209680,4141287040,2026-08-24,backfill
2020-10,ETRX-IN,0.026741,0.062073,0.569193,5310689788,142015431,2287884480,2026-09-03,backfill
2020-10,ETRX-JP,0.016724,0.028759,0.418463,11171494049,186834362,6496633635,2026-09-03,backfill
2020-10,ETRX-KR,0.002284,0.022526,0.898603,7144775424,16319219,724457297,2026-09-03,backfill
2020-10,ETRX-MX,0.001866,0.028966,0.935584,31827490379,59386774,2050189539,2026-09-03,backfill
2020-10,ETRX-MX-87,0.002296,0.025835,0.911122,8994419288,20653056,799407903,2026-08-24,backfill
2020-10,ETRX-PHARMA,7e-06,0.04973,0.999858,12604293391,89297,1795652,2026-08-24,backfill
2020-10,ETRX-STEEL,0.060718,0.152686,0.602334,4363657559,264952722,1735277190,2026-08-24,backfill
2020-10,ETRX-TW,0.014851,0.046448,0.680279,5471372351,81252821,1749313744,2026-09-03,backfill
2020-10,ETRX-US,0.029865,0.092988,0.678836,210415496582,6283964199,67577902280,2026-08-24,backfill
2020-10,ETRX-US-INCL,0.02866,0.090475,0.683228,219278682040,6284533204,69461397918,2026-08-24,backfill
2020-10,ETRX-VN,0.048701,0.123823,0.606688,8156150602,397212384,3207915050,2026-09-03,backfill
2020-11,ETRX-APPAREL,0.143783,0.188728,0.238145,5800029442,833946838,4418783151,2026-08-24,backfill
2020-11,ETRX-CA,0.001201,0.007232,0.833884,22298366427,26787738,3704110651,2026-09-03,backfill
2020-11,ETRX-CA-44,6.3e-05,0.056923,0.998897,1109341884,69649,1223568,2026-08-24,backfill
2020-11,ETRX-CA-76,0.000529,0.04471,0.988175,572715799,302802,6772515,2026-08-24,backfill
2020-11,ETRX-CA-87,0.002027,0.025147,0.919377,4135313152,8384167,333403099,2026-08-24,backfill
2020-11,ETRX-CN,0.090359,0.17418,0.481231,43005963264,3885991462,22310147738,2026-09-03,backfill
2020-11,ETRX-CN-84,0.064626,0.183346,0.647517,8898104057,575050756,3136430640,2026-08-24,backfill
2020-11,ETRX-CN-85,0.050517,0.146786,0.655846,13913364792,702861968,4788333228,2026-08-24,backfill
2020-11,ETRX-CN-95,0.013747,0.079362,0.826784,3590808126,49361843,621985852,2026-08-24,backfill
2020-11,ETRX-EU,0.015582,0.042835,0.63624,34250319196,533671438,12458898728,2026-09-03,backfill
2020-11,ETRX-EU-87,0.026015,0.027979,0.070179,4226432120,109952531,3929824226,2026-08-24,backfill
2020-11,ETRX-IN,0.025814,0.061002,0.576826,4868657432,125681056,2060291317,2026-09-03,backfill
2020-11,ETRX-JP,0.016312,0.028393,0.425496,11479965816,187256938,6595287439,2026-09-03,backfill
2020-11,ETRX-KR,0.002996,0.024263,0.876516,6693853129,20055346,826584730,2026-09-03,backfill
2020-11,ETRX-MX,0.001898,0.027407,0.930763,29170280969,55352517,2019666120,2026-09-03,backfill
2020-11,ETRX-MX-87,0.002376,0.026578,0.910588,8273616998,19661364,739756610,2026-08-24,backfill
2020-11,ETRX-PHARMA,7e-06,0.049662,0.999851,11548618394,85474,1721129,2026-08-24,backfill
2020-11,ETRX-STEEL,0.058673,0.147148,0.601268,4286617171,251507882,1709213197,2026-08-24,backfill
2020-11,ETRX-TW,0.015359,0.04882,0.685407,5187445549,79671565,1631932606,2026-09-03,backfill
2020-11,ETRX-US,0.029083,0.090937,0.680192,203195468578,5909432931,64983542503,2026-08-24,backfill
2020-11,ETRX-US-INCL,0.027831,0.08832,0.684888,212363063369,5910201032,66918132884,2026-08-24,backfill
2020-11,ETRX-VN,0.046636,0.123674,0.622912,7896704221,368270826,2977754846,2026-09-03,backfill
2020-12,ETRX-APPAREL,0.138746,0.188381,0.263481,5247680452,728093965,3865015457,2026-08-24,backfill
2020-12,ETRX-CA,0.000924,0.005389,0.828621,23228165830,21452818,3980829113,2026-09-03,backfill
2020-12,ETRX-CA-44,0.000106,0.045366,0.99766,1143018322,121350,2674924,2026-08-24,backfill
2020-12,ETRX-CA-76,0.00034,0.041877,0.991875,573400653,195102,4658879,2026-08-24,backfill
2020-12,ETRX-CA-87,0.000845,0.025388,0.966707,3958143909,3345499,131776835,2026-08-24,backfill
2020-12,ETRX-CN,0.095626,0.178307,0.463699,41635647901,3981469179,22329236283,2026-09-03,backfill
2020-12,ETRX-CN-84,0.061095,0.184128,0.668192,9962026276,608630563,3305477237,2026-08-24,backfill
2020-12,ETRX-CN-85,0.055387,0.148498,0.627019,12474405392,690921459,4652716997,2026-08-24,backfill
2020-12,ETRX-CN-95,0.020712,0.078265,0.735368,2587094750,53582681,684628956,2026-08-24,backfill
2020-12,ETRX-EU,0.016198,0.042571,0.6195,36689141222,594302822,13960203566,2026-09-03,backfill
2020-12,ETRX-EU-87,0.027115,0.028919,0.062364,5575759671,151186993,5228033359,2026-08-24,backfill
2020-12,ETRX-IN,0.023984,0.057549,0.583243,4917986066,117953735,2049606419,2026-09-03,backfill
2020-12,ETRX-JP,0.016589,0.028401,0.415895,11270612074,186972784,6583220215,2026-09-03,backfill
2020-12,ETRX-KR,0.002395,0.022242,0.892329,7127725712,17069697,767452679,2026-09-03,backfill
2020-12,ETRX-MX,0.001869,0.025909,0.927856,28697567137,53641653,2070351541,2026-09-03,backfill
2020-12,ETRX-MX-87,0.002034,0.02565,0.920682,8366140955,17020694,663586660,2026-08-24,backfill
2020-12,ETRX-PHARMA,8e-06,0.049541,0.999842,11902303252,93394,1885182,2026-08-24,backfill
2020-12,ETRX-STEEL,0.058248,0.151551,0.615654,4492201659,261662672,1726559563,2026-08-24,backfill
2020-12,ETRX-TW,0.015502,0.048816,0.682428,5458481725,84619793,1733458318,2026-09-03,backfill
2020-12,ETRX-US,0.028839,0.08937,0.677312,206902767743,5966796240,66765122096,2026-08-24,backfill
2020-12,ETRX-US-INCL,0.027578,0.086991,0.682978,216381248919,5967413554,68597699538,2026-08-24,backfill
2020-12,ETRX-VN,0.045635,0.122606,0.627791,6958140022,317534035,2589879031,2026-09-03,backfill
2021-01,ETRX-APPAREL,0.147473,0.189673,0.222487,5697585854,840240717,4429947903,2026-08-24,backfill
2021-01,ETRX-CA,0.000979,0.005572,0.82422,23422980502,22939767,4117297601,2026-09-03,backfill
2021-01,ETRX-CA-44,5.7e-05,0.050843,0.998881,1404470745,79937,1572233,2026-08-24,backfill
2021-01,ETRX-CA-76,0.000366,0.041032,0.991089,620138166,226755,5526283,2026-08-24,backfill
2021-01,ETRX-CA-87,0.001232,0.024982,0.95069,3390529109,4176635,167187883,2026-08-24,backfill
2021-01,ETRX-CN,0.116153,0.18389,0.368356,37005296047,4298278256,23374169518,2026-09-03,backfill
2021-01,ETRX-CN-84,0.087244,0.195138,0.552912,8263608883,720948479,3694561394,2026-08-24,backfill
2021-01,ETRX-CN-85,0.078188,0.155546,0.49733,9656864775,755053481,4854219399,2026-08-24,backfill
2021-01,ETRX-CN-95,0.023117,0.078111,0.704053,2353434411,54403561,696491333,2026-08-24,backfill
2021-01,ETRX-EU,0.014118,0.04188,0.662902,33314771179,470331584,11230351538,2026-09-03,backfill
2021-01,ETRX-EU-87,0.024363,0.026322,0.074412,3279163479,79891490,3035155071,2026-08-24,backfill
2021-01,ETRX-IN,0.025452,0.060902,0.582084,5154653345,131194993,2154212736,2026-09-03,backfill
2021-01,ETRX-JP,0.016167,0.029724,0.456111,10114939145,163526257,5501400454,2026-09-03,backfill
2021-01,ETRX-KR,0.002219,0.035195,0.936951,6484105619,14388228,408814517,2026-09-03,backfill
2021-01,ETRX-MX,0.002142,0.025339,0.915469,28122939518,60235999,2377250342,2026-09-03,backfill
2021-01,ETRX-MX-87,0.002659,0.02559,0.896089,7474829373,19876327,776716554,2026-08-24,backfill
2021-01,ETRX-PHARMA,8e-06,0.049839,0.999845,14287732196,110480,2216716,2026-08-24,backfill
2021-01,ETRX-STEEL,0.055694,0.155351,0.641494,4850928751,270168164,1739087736,2026-08-24,backfill
2021-01,ETRX-TW,0.015807,0.048014,0.670775,5169260704,81712892,1701849565,2026-09-03,backfill
2021-01,ETRX-US,0.031884,0.096007,0.667902,195420829547,6230726355,64898861617,2026-08-24,backfill
2021-01,ETRX-US-INCL,0.03072,0.093574,0.671704,202848425798,6231495985,66594417174,2026-08-24,backfill
2021-01,ETRX-VN,0.049106,0.12318,0.601349,7412015966,363973360,2954808782,2026-09-03,backfill
2021-02,ETRX-APPAREL,0.143102,0.187292,0.235945,5601607015,801598727,4279933349,2026-08-24,backfill
2021-02,ETRX-CA,0.000916,0.005089,0.819947,23843744691,21847156,4293143950,2026-09-03,backfill
2021-02,ETRX-CA-44,3.8e-05,0.053815,0.999295,1369867258,51986,966021,2026-08-24,backfill
2021-02,ETRX-CA-76,0.000395,0.041946,0.990593,657981234,259618,6189302,2026-08-24,backfill
2021-02,ETRX-CA-87,0.00115,0.025198,0.954375,3154575294,3626726,143926651,2026-08-24,backfill
2021-02,ETRX-CN,0.117458,0.183605,0.360272,32955868968,3870914077,21082794354,2026-09-03,backfill
2021-02,ETRX-CN-84,0.090318,0.194415,0.535434,7297076114,659060248,3389970943,2026-08-24,backfill
2021-02,ETRX-CN-85,0.079985,0.154082,0.480894,8371358125,669580230,4345623121,2026-08-24,backfill
2021-02,ETRX-CN-95,0.022783,0.078707,0.710541,2274004767,51807556,658232180,2026-08-24,backfill
2021-02,ETRX-EU,0.01485,0.043993,0.662437,32859198516,487975141,11092054148,2026-09-03,backfill
2021-02,ETRX-EU-87,0.024643,0.026454,0.068451,3306647248,81486884,3080304979,2026-08-24,backfill
2021-02,ETRX-IN,0.02725,0.063606,0.571585,4607585500,125556075,1973959059,2026-09-03,backfill
2021-02,ETRX-JP,0.016576,0.030472,0.456021,9089704791,150673264,4944606350,2026-09-03,backfill
2021-02,ETRX-KR,0.00264,0.033183,0.92044,5946781895,15699712,473125242,2026-09-03,backfill
2021-02,ETRX-MX,0.002147,0.025828,0.916866,26368127279,56617906,2192078579,2026-09-03,backfill
2021-02,ETRX-MX-87,0.002724,0.025775,0.894326,6748474644,18381368,713139735,2026-08-24,backfill
2021-02,ETRX-PHARMA,8e-06,0.049803,0.999832,11197793994,93459,1876579,2026-08-24,backfill
2021-02,ETRX-STEEL,0.05747,0.160805,0.642612,4715524202,271000762,1685273144,2026-08-24,backfill
2021-02,ETRX-TW,0.016633,0.048913,0.659942,4328902492,72004248,1472077478,2026-09-03,backfill
2021-02,ETRX-US,0.03104,0.094586,0.671831,184689543288,5732814077,60609367268,2026-08-24,backfill
2021-02,ETRX-US-INCL,0.029701,0.092024,0.677247,193037045027,5733384929,62303355826,2026-08-24,backfill
2021-02,ETRX-VN,0.052318,0.125724,0.583865,6674026112,349171945,2777294654,2026-09-03,backfill
2021-03,ETRX-APPAREL,0.142839,0.18537,0.22944,6743702426,963263100,5196427123,2026-08-24,backfill
2021-03,ETRX-CA,0.000863,0.004545,0.81002,28120357819,24279914,5342309417,2026-09-03,backfill
2021-03,ETRX-CA-44,2.1e-05,0.054033,0.999613,1828790128,38268,708239,2026-08-24,backfill
2021-03,ETRX-CA-76,0.000457,0.042629,0.989269,802702984,367196,8613717,2026-08-24,backfill
2021-03,ETRX-CA-87,0.000953,0.02524,0.962259,3921517238,3735593,148002023,2026-08-24,backfill
2021-03,ETRX-CN,0.117592,0.182674,0.356276,38972553934,4582852951,25087579037,2026-09-03,backfill
2021-03,ETRX-CN-84,0.092309,0.193784,0.523652,9141732771,843861920,4354649263,2026-08-24,backfill
2021-03,ETRX-CN-85,0.081787,0.155153,0.472865,9653932130,789561723,5088927661,2026-08-24,backfill
2021-03,ETRX-CN-95,0.027303,0.08023,0.659699,2295945808,62685061,781312961,2026-08-24,backfill
2021-03,ETRX-EU,0.015356,0.040712,0.622817,37491740907,575723860,14141265476,2026-09-03,backfill
2021-03,ETRX-EU-87,0.024148,0.026259,0.080399,4348321633,105001310,3998720455,2026-08-24,backfill
2021-03,ETRX-IN,0.027214,0.061248,0.55568,5919107842,161081319,2629979641,2026-09-03,backfill
2021-03,ETRX-JP,0.016094,0.030607,0.474157,11709356971,188454871,6157282109,2026-09-03,backfill
2021-03,ETRX-KR,0.002505,0.036055,0.930533,7820240606,19586798,543252206,2026-09-03,backfill
2021-03,ETRX-MX,0.002171,0.026171,0.917032,32474520904,70512505,2694341968,2026-09-03,backfill
2021-03,ETRX-MX-87,0.003001,0.026427,0.886458,8250760622,24757145,936809284,2026-08-24,backfill
2021-03,ETRX-PHARMA,1.1e-05,0.049854,0.999776,12342648175,137734,2762757,2026-08-24,backfill
2021-03,ETRX-STEEL,0.057662,0.160254,0.640184,6056678746,349240258,2179290608,2026-08-24,backfill
2021-03,ETRX-TW,0.018009,0.052883,0.65946,5465829713,98431961,1861331961,2026-09-03,backfill
2021-03,ETRX-US,0.030813,0.091134,0.6619,225389294256,6944824543,76204188590,2026-08-24,backfill
2021-03,ETRX-US-INCL,0.029394,0.088771,0.668881,236286942120,6945409333,78239209791,2026-08-24,backfill
2021-03,ETRX-VN,0.053956,0.127607,0.577171,8576775221,462767906,3626507640,2026-09-03,backfill
2021-04,ETRX-APPAREL,0.141164,0.184527,0.234993,5874220842,829230706,4493819484,2026-08-24,backfill
2021-04,ETRX-CA,0.000824,0.004191,0.803449,25796788917,21251791,5070379022,2026-09-03,backfill
2021-04,ETRX-CA-44,2.9e-05,0.042677,0.999309,1976840550,58281,1365629,2026-08-24,backfill
2021-04,ETRX-CA-76,0.000238,0.045697,0.994802,891919193,211851,4636044,2026-08-24,backfill
2021-04,ETRX-CA-87,0.001367,0.025241,0.945849,2621051749,3582587,141933077,2026-08-24,backfill
2021-04,ETRX-CN,0.11496,0.182065,0.368578,36134293950,4154000129,22815993969,2026-09-03,backfill
2021-04,ETRX-CN-84,0.088131,0.194148,0.546061,8771065308,773005374,3981527484,2026-08-24,backfill
2021-04,ETRX-CN-85,0.078178,0.150882,0.481859,9342677805,730395298,4840821938,2026-08-24,backfill
2021-04,ETRX-CN-95,0.028687,0.079424,0.638819,2037110522,58437673,735766442,2026-08-24,backfill
2021-04,ETRX-EU,0.01466,0.038845,0.622611,37705011811,552749022,14229467272,2026-09-03,backfill
2021-04,ETRX-EU-87,0.024382,0.026834,0.09138,3993040646,97356663,3628157932,2026-08-24,backfill
2021-04,ETRX-IN,0.026872,0.061388,0.56225,5966003324,160321083,2611617652,2026-09-03,backfill
2021-04,ETRX-JP,0.015965,0.030941,0.484,11953114257,190835693,6167807862,2026-09-03,backfill
2021-04,ETRX-KR,0.002413,0.032845,0.926523,7453888574,17988766,547689088,2026-09-03,backfill
2021-04,ETRX-MX,0.001999,0.02537,0.921214,31299777128,62560698,2465969089,2026-09-03,backfill
2021-04,ETRX-MX-87,0.002705,0.025901,0.895552,8081624543,21863362,844108973,2026-08-24,backfill
2021-04,ETRX-PHARMA,1.5e-05,0.048881,0.999701,12112519951,177034,3621752,2026-08-24,backfill
2021-04,ETRX-STEEL,0.049393,0.155624,0.682613,6153816230,303955707,1953139792,2026-08-24,backfill
2021-04,ETRX-TW,0.016967,0.050458,0.663746,6054707058,102728239,2035920580,2026-09-03,backfill
2021-04,ETRX-US,0.029342,0.087112,0.663163,216748057977,6359914802,73008852127,2026-08-24,backfill
2021-04,ETRX-US-INCL,0.028122,0.084897,0.668756,226183034451,6360650618,74921769091,2026-08-24,backfill
2021-04,ETRX-VN,0.049799,0.124139,0.598843,7903917461,393609157,3170712877,2026-09-03,backfill
2021-05,ETRX-APPAREL,0.140559,0.183975,0.235991,6295235296,884851466,4809618331,2026-08-24,backfill
2021-05,ETRX-CA,0.000824,0.004227,0.80498,27305292398,22506695,5325091527,2026-09-03,backfill
2021-05,ETRX-CA-44,2.6e-05,0.05681,0.999549,2390792439,61279,1078675,2026-08-24,backfill
2021-05,ETRX-CA-76,0.000401,0.047376,0.99154,844363891,338411,7143103,2026-08-24,backfill
2021-05,ETRX-CA-87,0.001529,0.02542,0.93987,2402403051,3672080,144456115,2026-08-24,backfill
2021-05,ETRX-CN,0.118958,0.182949,0.349776,36960976409,4396793644,24032901469,2026-09-03,backfill
2021-05,ETRX-CN-84,0.091992,0.196211,0.531161,8542184029,785808517,4004913025,2026-08-24,backfill
2021-05,ETRX-CN-85,0.082194,0.151629,0.457924,9398912820,772537278,5094926321,2026-08-24,backfill
2021-05,ETRX-CN-95,0.024544,0.078591,0.687699,2377631248,58356424,742537363,2026-08-24,backfill
2021-05,ETRX-EU,0.015395,0.039796,0.613156,36330682465,559302046,14054323838,2026-09-03,backfill
2021-05,ETRX-EU-87,0.02531,0.027783,0.089008,4028128058,101950488,3669591322,2026-08-24,backfill
2021-05,ETRX-IN,0.028217,0.061351,0.540064,5980058382,168741520,2750443150,2026-09-03,backfill
2021-05,ETRX-JP,0.015797,0.031749,0.502445,11306664114,178612493,5625686436,2026-09-03,backfill
2021-05,ETRX-KR,0.002341,0.026359,0.91118,7845600890,18368442,696844996,2026-09-03,backfill
2021-05,ETRX-MX,0.001936,0.02329,0.916864,30335251172,58736116,2521966301,2026-09-03,backfill
2021-05,ETRX-MX-87,0.002539,0.026063,0.90257,7712349744,19584226,751411897,2026-08-24,backfill
2021-05,ETRX-PHARMA,1.3e-05,0.049836,0.999742,12139211545,156233,3134966,2026-08-24,backfill
2021-05,ETRX-STEEL,0.058874,0.165957,0.645244,6548333772,385529660,2323063707,2026-08-24,backfill
2021-05,ETRX-TW,0.018132,0.05353,0.66128,6183083992,112109783,2094336323,2026-09-03,backfill
2021-05,ETRX-US,0.030556,0.088524,0.654834,219741649123,6714336078,75847385034,2026-08-24,backfill
2021-05,ETRX-US-INCL,0.029345,0.086393,0.660327,228825091295,6714916802,77725622805,2026-08-24,backfill
2021-05,ETRX-VN,0.049494,0.120275,0.58849,8667823040,429007281,3566895497,2026-09-03,backfill
2021-06,ETRX-APPAREL,0.142874,0.187488,0.237956,6332903628,904806003,4825953478,2026-08-24,backfill
2021-06,ETRX-CA,0.000822,0.003935,0.791009,30385633380,24986250,6350333629,2026-09-03,backfill
2021-06,ETRX-CA-44,2.4e-05,0.053911,0.999554,2412574432,57998,1075811,2026-08-24,backfill
2021-06,ETRX-CA-76,0.000266,0.043744,0.993921,933185749,248169,5673148,2026-08-24,backfill
2021-06,ETRX-CA-87,0.001336,0.025405,0.947407,3331907062,4451909,175236020,2026-08-24,backfill
2021-06,ETRX-CN,0.118964,0.185146,0.357457,38669508533,4600298637,24846817646,2026-09-03,backfill
2021-06,ETRX-CN-84,0.087926,0.199824,0.559983,9229068215,811473824,4060947479,2026-08-24,backfill
2021-06,ETRX-CN-85,0.081409,0.154315,0.472446,9806379535,798330983,5173399204,2026-08-24,backfill
2021-06,ETRX-CN-95,0.0243,0.081715,0.702623,2379509381,57822176,707611655,2026-08-24,backfill
2021-06,ETRX-EU,0.014562,0.040377,0.639351,40536802134,590289325,14619543816,2026-09-03,backfill
2021-06,ETRX-EU-87,0.023047,0.025686,0.102751,3580775485,82526454,3212848969,2026-08-24,backfill
2021-06,ETRX-IN,0.026891,0.060297,0.554025,5759970089,154891974,2568801113,2026-09-03,backfill
2021-06,ETRX-JP,0.016616,0.032376,0.486761,10980341109,182454601,5635544607,2026-09-03,backfill
2021-06,ETRX-KR,0.002285,0.03601,0.936558,8179065034,18685385,518893614,2026-09-03,backfill
2021-06,ETRX-MX,0.001776,0.024681,0.928028,31738978882,56380162,2284319086,2026-09-03,backfill
2021-06,ETRX-MX-87,0.002271,0.027138,0.916324,7848000597,17821478,656691113,2026-08-24,backfill
2021-06,ETRX-PHARMA,1.1e-05,0.049854,0.999775,13006726088,146086,2930249,2026-08-24,backfill
2021-06,ETRX-STEEL,0.057712,0.164804,0.649812,7035413286,406029735,2463714805,2026-08-24,backfill
2021-06,ETRX-TW,0.01746,0.052343,0.666432,6464243519,112865571,2156264049,2026-09-03,backfill
2021-06,ETRX-US,0.029595,0.088518,0.665662,232017030448,6866524198,77572182729,2026-08-24,backfill
2021-06,ETRX-US-INCL,0.02834,0.086347,0.671793,242316779355,6867197491,79529946819,2026-08-24,backfill
2021-06,ETRX-VN,0.048692,0.12086,0.597121,8032712278,391128219,3236207649,2026-09-03,backfill
2021-07,ETRX-APPAREL,0.145149,0.187866,0.227377,7085484838,1028454057,5474409095,2026-08-24,backfill
2021-07,ETRX-CA,0.000994,0.004711,0.789093,28346150990,28165848,5978396111,2026-09-03,backfill
2021-07,ETRX-CA-44,4.6e-05,0.048218,0.999042,1628005992,75193,1559429,2026-08-24,backfill
2021-07,ETRX-CA-76,0.000252,0.04389,0.99426,931344489,234621,5345688,2026-08-24,backfill
2021-07,ETRX-CA-87,0.002181,0.025254,0.913632,2788446006,6082121,240833397,2026-08-24,backfill
2021-07,ETRX-CN,0.120222,0.1858,0.352953,38718959255,4654855750,25052990945,2026-09-03,backfill
2021-07,ETRX-CN-84,0.083056,0.202045,0.588923,9238229203,767289297,3797625168,2026-08-24,backfill
2021-07,ETRX-CN-85,0.086975,0.156356,0.443739,9492235847,825585828,5280164014,2026-08-24,backfill
2021-07,ETRX-CN-95,0.020776,0.082059,0.746821,2582575304,53654955,653854965,2026-08-24,backfill
2021-07,ETRX-EU,0.014759,0.039898,0.630082,39228084502,578973969,14511174737,2026-09-03,backfill
2021-07,ETRX-EU-87,0.023029,0.025293,0.089515,3690490742,84986795,3360137707,2026-08-24,backfill
2021-07,ETRX-IN,0.026384,0.061101,0.568189,6051950358,159676107,2613298070,2026-09-03,backfill
2021-07,ETRX-JP,0.016088,0.030098,0.465484,11783357123,189568743,6298395666,2026-09-03,backfill
2021-07,ETRX-KR,0.002219,0.032748,0.932247,7930315863,17595346,537302644,2026-09-03,backfill
2021-07,ETRX-MX,0.002222,0.024074,0.907688,30957321053,68797440,2857719297,2026-09-03,backfill
2021-07,ETRX-MX-87,0.003522,0.025533,0.862062,7203383466,25370426,993622013,2026-08-24,backfill
2021-07,ETRX-PHARMA,1.5e-05,0.049642,0.999698,12394806679,185733,3741465,2026-08-24,backfill
2021-07,ETRX-STEEL,0.055257,0.16712,0.669356,7352526403,406280931,2431065918,2026-08-24,backfill
2021-07,ETRX-TW,0.017944,0.053516,0.664705,6409447261,115009687,2149058426,2026-09-03,backfill
2021-07,ETRX-US,0.030836,0.0883,0.650775,227383894937,7011708862,79408074509,2026-08-24,backfill
2021-07,ETRX-US-INCL,0.029571,0.086243,0.657117,237135522863,7012391375,81309682833,2026-08-24,backfill
2021-07,ETRX-VN,0.050022,0.120822,0.585985,8775075384,438949168,3633011104,2026-09-03,backfill
2021-08,ETRX-APPAREL,0.149858,0.188329,0.204275,8086805742,1211872673,6434869876,2026-08-24,backfill
2021-08,ETRX-CA,0.000838,0.003827,0.781009,29493098033,24717391,6458735944,2026-09-03,backfill
2021-08,ETRX-CA-44,8.4e-05,0.056605,0.998513,1280353413,107777,1904033,2026-08-24,backfill
2021-08,ETRX-CA-76,0.000209,0.043521,0.995193,1006573980,210566,4838283,2026-08-24,backfill
2021-08,ETRX-CA-87,0.002033,0.025195,0.919297,3255395377,6619308,262720423,2026-08-24,backfill
2021-08,ETRX-CN,0.125746,0.187152,0.328106,41218705987,5183088308,27694597487,2026-09-03,backfill
2021-08,ETRX-CN-84,0.096514,0.199917,0.51723,8564988563,826639807,4134915334,2026-08-24,backfill
2021-08,ETRX-CN-85,0.09777,0.160385,0.390403,9261600198,905509367,5645847775,2026-08-24,backfill
2021-08,ETRX-CN-95,0.014325,0.080645,0.822372,3879909349,55579215,689180030,2026-08-24,backfill
2021-08,ETRX-EU,0.014599,0.041109,0.644862,38450447512,561353318,13655214835,2026-09-03,backfill
2021-08,ETRX-EU-87,0.022283,0.025095,0.112082,3318525922,73945111,2946579522,2026-08-24,backfill
2021-08,ETRX-IN,0.027004,0.060405,0.552949,6476221077,174884919,2895202695,2026-09-03,backfill
2021-08,ETRX-JP,0.015896,0.030948,0.486379,11993362865,190641001,6160041219,2026-09-03,backfill
2021-08,ETRX-KR,0.002466,0.035445,0.930418,8536087387,21052772,593956545,2026-09-03,backfill
2021-08,ETRX-MX,0.002306,0.027591,0.916433,30856567648,71145705,2578590343,2026-09-03,backfill
2021-08,ETRX-MX-87,0.003756,0.027721,0.864495,7102717353,26680175,962455842,2026-08-24,backfill
2021-08,ETRX-PHARMA,1.5e-05,0.049926,0.999707,14600645281,213300,4272364,2026-08-24,backfill
2021-08,ETRX-STEEL,0.058815,0.167108,0.648044,7353597859,432499938,2588140972,2026-08-24,backfill
2021-08,ETRX-TW,0.017472,0.055136,0.683119,6508951909,113721877,2062565329,2026-09-03,backfill
2021-08,ETRX-US,0.032565,0.09309,0.650179,233801505426,7613742563,81788670313,2026-08-24,backfill
2021-08,ETRX-US-INCL,0.031268,0.09095,0.65621,243524253800,7614471599,83721172265,2026-08-24,backfill
2021-08,ETRX-VN,0.049866,0.12109,0.588189,9474024136,472435040,3901510629,2026-09-03,backfill
2021-09,ETRX-APPAREL,0.150598,0.188118,0.199448,8253031428,1242891363,6606980847,2026-08-24,backfill
2021-09,ETRX-CA,0.00088,0.003997,0.779772,28607044268,25178750,6300064983,2026-09-03,backfill
2021-09,ETRX-CA-44,7.8e-05,0.045105,0.998262,1087296331,85255,1890131,2026-08-24,backfill
2021-09,ETRX-CA-76,0.000197,0.039911,0.995055,974291491,192290,4817980,2026-08-24,backfill
2021-09,ETRX-CA-87,0.002372,0.025227,0.905963,2468927135,5857027,232169993,2026-08-24,backfill
2021-09,ETRX-CN,0.110513,0.184454,0.400867,47110925800,5206352690,28225701955,2026-09-03,backfill
2021-09,ETRX-CN-84,0.082535,0.199321,0.585918,9382473112,774382785,3885110743,2026-08-24,backfill
2021-09,ETRX-CN-85,0.072258,0.155724,0.535989,13576243198,980988145,6299526307,2026-08-24,backfill
2021-09,ETRX-CN-95,0.01152,0.080395,0.856701,4493169063,51763257,643865532,2026-08-24,backfill
2021-09,ETRX-EU,0.014737,0.041378,0.643856,36453367323,537200057,12982665714,2026-09-03,backfill
2021-09,ETRX-EU-87,0.024275,0.026713,0.091281,2770759177,67260192,2517840147,2026-08-24,backfill
2021-09,ETRX-IN,0.028689,0.062785,0.54306,6233113486,178820976,2848158438,2026-09-03,backfill
2021-09,ETRX-JP,0.015563,0.031715,0.509269,10391099082,161721144,5099230564,2026-09-03,backfill
2021-09,ETRX-KR,0.002176,0.032922,0.933892,8807747782,19169218,582264508,2026-09-03,backfill
2021-09,ETRX-MX,0.001925,0.024972,0.922904,30869306796,59429832,2379903028,2026-09-03,backfill
2021-09,ETRX-MX-87,0.002597,0.025481,0.898097,7130923114,18516382,726663738,2026-08-24,backfill
2021-09,ETRX-PHARMA,1.3e-05,0.049894,0.999745,13271082383,169084,3388898,2026-08-24,backfill
2021-09,ETRX-STEEL,0.055513,0.161593,0.656463,7681342697,426415355,2638827358,2026-08-24,backfill
2021-09,ETRX-TW,0.017759,0.055125,0.67785,6775848540,120329780,2182837621,2026-09-03,backfill
2021-09,ETRX-US,0.032126,0.094396,0.659673,234018038460,7517952781,79642703998,2026-08-24,backfill
2021-09,ETRX-US-INCL,0.030692,0.092234,0.667241,244980494127,7518883211,81519478942,2026-08-24,backfill
2021-09,ETRX-VN,0.04575,0.118038,0.612411,8615433238,394158380,3339243652,2026-09-03,backfill
2021-10,ETRX-APPAREL,0.150296,0.186837,0.195577,8461325517,1271706621,6806484922,2026-08-24,backfill
2021-10,ETRX-CA,0.000808,0.003786,0.786596,30043788656,24270760,6411464499,2026-09-03,backfill
2021-10,ETRX-CA-44,4.9e-05,0.04326,0.998867,1226607811,60126,1389868,2026-08-24,backfill
2021-10,ETRX-CA-76,0.000224,0.042872,0.994776,1133623071,253889,5921976,2026-08-24,backfill
2021-10,ETRX-CA-87,0.00164,0.025517,0.935726,3472387421,5695035,223183552,2026-08-24,backfill
2021-10,ETRX-CN,0.110555,0.18235,0.393722,45688763407,5051118729,27700087939,2026-09-03,backfill
2021-10,ETRX-CN-84,0.079746,0.198111,0.597469,9375714962,747674992,3774014248,2026-08-24,backfill
2021-10,ETRX-CN-85,0.076294,0.148862,0.487489,11942991155,911174883,6120918491,2026-08-24,backfill
2021-10,ETRX-CN-95,0.011307,0.078716,0.856361,4710711626,53262847,676642213,2026-08-24,backfill
2021-10,ETRX-EU,0.014813,0.041097,0.63956,38073034533,563970360,13723051419,2026-09-03,backfill
2021-10,ETRX-EU-87,0.024336,0.026511,0.082055,3603681634,87697597,3307983119,2026-08-24,backfill
2021-10,ETRX-IN,0.029123,0.062359,0.532973,6887566167,200587767,3216681495,2026-09-03,backfill
2021-10,ETRX-JP,0.014989,0.032307,0.536055,10169856229,152432518,4718251019,2026-09-03,backfill
2021-10,ETRX-KR,0.002216,0.028165,0.921308,7606709096,16859462,598590819,2026-09-03,backfill
2021-10,ETRX-MX,0.002023,0.028836,0.929856,33014094029,66778135,2315751771,2026-09-03,backfill
2021-10,ETRX-MX-87,0.002704,0.025543,0.894121,8080656832,21853658,855571040,2026-08-24,backfill
2021-10,ETRX-PHARMA,1.8e-05,0.04946,0.999639,12670526411,226503,4579517,2026-08-24,backfill
2021-10,ETRX-STEEL,0.056906,0.15831,0.640544,7461554026,424604413,2682102753,2026-08-24,backfill
2021-10,ETRX-TW,0.018361,0.054941,0.665813,7413400026,136115276,2477462521,2026-09-03,backfill
2021-10,ETRX-US,0.031602,0.092042,0.656661,236849350319,7484851695,81319566100,2026-08-24,backfill
2021-10,ETRX-US-INCL,0.030172,0.089861,0.664241,248103717303,7485742938,83303142986,2026-08-24,backfill
2021-10,ETRX-VN,0.045883,0.117037,0.607961,8453846924,387888591,3314240386,2026-09-03,backfill
2021-11,ETRX-APPAREL,0.149634,0.187275,0.200993,7675742044,1148554286,6132971489,2026-08-24,backfill
2021-11,ETRX-CA,0.000824,0.003428,0.759637,32124916461,26470614,7721649393,2026-09-03,backfill
2021-11,ETRX-CA-44,6.6e-05,0.042329,0.998434,1231593355,81649,1928910,2026-08-24,backfill
2021-11,ETRX-CA-76,0.000195,0.043436,0.995504,1163320379,227160,5229801,2026-08-24,backfill
2021-11,ETRX-CA-87,0.001708,0.02637,0.935227,3627303219,6195742,234951162,2026-08-24,backfill
2021-11,ETRX-CN,0.105099,0.179755,0.41532,46199091512,4855491633,27011664085,2026-09-03,backfill
2021-11,ETRX-CN-84,0.075657,0.197956,0.617808,9310053124,704372959,3558229168,2026-08-24,backfill
2021-11,ETRX-CN-85,0.065451,0.142605,0.541029,13258122072,867763775,6085094017,2026-08-24,backfill
2021-11,ETRX-CN-95,0.010983,0.077379,0.858067,4412669740,48462571,626301285,2026-08-24,backfill
2021-11,ETRX-EU,0.016005,0.042143,0.620223,39105300924,625872851,14851275668,2026-09-03,backfill
2021-11,ETRX-EU-87,0.02395,0.027023,0.113687,3955259724,94730144,3505597532,2026-08-24,backfill
2021-11,ETRX-IN,0.028083,0.06366,0.558865,6601660798,185393494,2912223209,2026-09-03,backfill
2021-11,ETRX-JP,0.016229,0.032795,0.505154,10557648197,171336726,5224409548,2026-09-03,backfill
2021-11,ETRX-KR,0.002387,0.035589,0.932938,8239810832,19665844,552580119,2026-09-03,backfill
2021-11,ETRX-MX,0.001793,0.026396,0.932072,33470632659,60014631,2273605662,2026-09-03,backfill
2021-11,ETRX-MX-87,0.002253,0.025666,0.912201,8499849104,19153772,746280355,2026-08-24,backfill
2021-11,ETRX-PHARMA,1.7e-05,0.048935,0.999647,13496438543,233189,4765251,2026-08-24,backfill
2021-11,ETRX-STEEL,0.063336,0.161689,0.608282,8026510026,508369582,3144125914,2026-08-24,backfill
2021-11,ETRX-TW,0.017304,0.054694,0.683626,6599849740,114202313,2088018334,2026-09-03,backfill
2021-11,ETRX-US,0.029775,0.088505,0.663574,245205705031,7301068881,82493627395,2026-08-24,backfill
2021-11,ETRX-US-INCL,0.028416,0.086479,0.671416,256982535642,7302302820,84440292097,2026-08-24,backfill
2021-11,ETRX-VN,0.042061,0.12046,0.650832,8676170836,364927975,3029444827,2026-09-03,backfill
2021-12,ETRX-APPAREL,0.149039,0.187264,0.204127,7394121291,1102009625,5884777800,2026-08-24,backfill
2021-12,ETRX-CA,0.000892,0.003686,0.757903,31161010199,27804251,7543995332,2026-09-03,backfill
2021-12,ETRX-CA-44,5.8e-05,0.044808,0.99871,1114709400,64444,1438232,2026-08-24,backfill
2021-12,ETRX-CA-76,0.000323,0.044357,0.992727,935185516,301710,6801903,2026-08-24,backfill
2021-12,ETRX-CA-87,0.001629,0.025455,0.936004,3580263311,5832202,229121510,2026-08-24,backfill
2021-12,ETRX-CN,0.102509,0.179963,0.430386,49015046504,5024493812,27919646743,2026-09-03,backfill
2021-12,ETRX-CN-84,0.075009,0.194052,0.61346,10025468692,751997290,3875244036,2026-08-24,backfill
2021-12,ETRX-CN-85,0.058752,0.143944,0.591839,15157146342,890519743,6186556642,2026-08-24,backfill
2021-12,ETRX-CN-95,0.013951,0.075112,0.814262,3378071042,47127604,627434725,2026-08-24,backfill
2021-12,ETRX-EU,0.016609,0.042478,0.609005,37899317056,629455895,14818436212,2026-09-03,backfill
2021-12,ETRX-EU-87,0.024092,0.026178,0.079682,4834261369,116468852,4449060013,2026-08-24,backfill
2021-12,ETRX-IN,0.027064,0.062344,0.565898,6950754416,188111797,3017336928,2026-09-03,backfill
2021-12,ETRX-JP,0.01623,0.030992,0.476307,11224359253,182174639,5878119649,2026-09-03,backfill
2021-12,ETRX-KR,0.002157,0.030819,0.930012,8674240288,18709820,607091712,2026-09-03,backfill
2021-12,ETRX-MX,0.00198,0.027313,0.927523,32427298588,64191175,2350235936,2026-09-03,backfill
2021-12,ETRX-MX-87,0.002642,0.025479,0.896324,8503868081,22463548,881649355,2026-08-24,backfill
2021-12,ETRX-PHARMA,1.1e-05,0.049933,0.999772,13294922700,151328,3030614,2026-08-24,backfill
2021-12,ETRX-STEEL,0.063822,0.167021,0.617877,8230359920,525281378,3145007035,2026-08-24,backfill
2021-12,ETRX-TW,0.017824,0.057344,0.689176,7136706857,127203413,2218261995,2026-09-03,backfill
2021-12,ETRX-US,0.030518,0.088979,0.657021,246487065263,7522312165,84539998145,2026-08-24,backfill
2021-12,ETRX-US-INCL,0.029203,0.087052,0.664534,257633723449,7523696392,86427373944,2026-08-24,backfill
2021-12,ETRX-VN,0.042342,0.122873,0.655403,9270097010,392512537,3194444379,2026-09-03,backfill
2022-01,ETRX-APPAREL,0.156571,0.189859,0.175329,7562928891,1184135256,6236930676,2026-08-24,backfill
2022-01,ETRX-CA,0.000883,0.003527,0.749686,30057201919,26537265,7523748130,2026-09-03,backfill
2022-01,ETRX-CA-44,0.000143,0.037646,0.996189,1288870795,184901,4911524,2026-08-24,backfill
2022-01,ETRX-CA-76,0.000301,0.044997,0.993309,929851922,279961,6221822,2026-08-24,backfill
2022-01,ETRX-CA-87,0.002317,0.025264,0.908288,2817981006,6529223,258442804,2026-08-24,backfill
2022-01,ETRX-CN,0.114745,0.178955,0.358808,45447496370,5214851355,29140578470,2026-09-03,backfill
2022-01,ETRX-CN-84,0.092447,0.19451,0.52472,8584731312,793631586,4080151129,2026-08-24,backfill
2022-01,ETRX-CN-85,0.072805,0.145192,0.49856,12413257632,903749715,6224500919,2026-08-24,backfill
2022-01,ETRX-CN-95,0.01814,0.078107,0.767753,2862920304,51933684,664903541,2026-08-24,backfill
2022-01,ETRX-EU,0.013968,0.039772,0.648811,36657906119,512019930,12873837025,2026-09-03,backfill
2022-01,ETRX-EU-87,0.024809,0.027004,0.081292,3741200376,92815163,3437069803,2026-08-24,backfill
2022-01,ETRX-IN,0.028016,0.06764,0.585815,6601717730,184950496,2734335262,2026-09-03,backfill
2022-01,ETRX-JP,0.016487,0.032145,0.487115,11681817581,192595840,5991433169,2026-09-03,backfill
2022-01,ETRX-KR,0.002148,0.031529,0.931863,8499454578,18259201,579129658,2026-09-03,backfill
2022-01,ETRX-MX,0.002095,0.025543,0.917963,32080371027,67223396,2631770710,2026-09-03,backfill
2022-01,ETRX-MX-87,0.002734,0.025491,0.89273,7789871811,21301213,835622685,2026-08-24,backfill
2022-01,ETRX-PHARMA,1.7e-05,0.049667,0.999651,13454688738,233179,4694826,2026-08-24,backfill
2022-01,ETRX-STEEL,0.05911,0.16271,0.636714,8393120954,496121069,3049107410,2026-08-24,backfill
2022-01,ETRX-TW,0.017907,0.0546,0.672038,6881084735,123218717,2256733553,2026-09-03,backfill
2022-01,ETRX-US,0.032243,0.09206,0.649764,236640481610,7629950806,82880023901,2026-08-24,backfill
2022-01,ETRX-US-INCL,0.031066,0.089935,0.654572,245647970445,7631273676,84853616791,2026-08-24,backfill
2022-01,ETRX-VN,0.045413,0.123417,0.632041,9316384222,423080619,3428044638,2026-09-03,backfill
2022-02,ETRX-APPAREL,0.151528,0.187301,0.190991,7519767467,1139456402,6083561638,2026-08-24,backfill
2022-02,ETRX-CA,0.000848,0.003473,0.755734,29494999438,25023329,7204612107,2026-09-03,backfill
2022-02,ETRX-CA-44,4.8e-05,0.053535,0.999097,1511660727,73115,1365730,2026-08-24,backfill
2022-02,ETRX-CA-76,0.000332,0.042818,0.992251,914198359,303330,7084230,2026-08-24,backfill
2022-02,ETRX-CA-87,0.001648,0.025396,0.935092,3012551565,4965964,195538446,2026-08-24,backfill
2022-02,ETRX-CN,0.115716,0.183136,0.368141,41326567844,4782154608,26112543681,2026-09-03,backfill
2022-02,ETRX-CN-84,0.096423,0.194431,0.504075,7612080858,733982538,3775021976,2026-08-24,backfill
2022-02,ETRX-CN-85,0.073183,0.15174,0.517707,10260344594,750883877,4948497053,2026-08-24,backfill
2022-02,ETRX-CN-95,0.019052,0.078056,0.755917,2508917141,47800389,612385263,2026-08-24,backfill
2022-02,ETRX-EU,0.014134,0.039768,0.644587,34734219337,490933658,12344976531,2026-09-03,backfill
2022-02,ETRX-EU-87,0.026834,0.029709,0.096755,3202113711,85925928,2892294067,2026-08-24,backfill
2022-02,ETRX-IN,0.030598,0.066253,0.538163,5931640272,181496014,2739448611,2026-09-03,backfill
2022-02,ETRX-JP,0.015091,0.030888,0.511412,11073251757,167110946,5410258573,2026-09-03,backfill
2022-02,ETRX-KR,0.002356,0.029907,0.921235,8418255915,19830355,663061511,2026-09-03,backfill
2022-02,ETRX-MX,0.002124,0.024857,0.914534,31854293403,67672652,2722468167,2026-09-03,backfill
2022-02,ETRX-MX-87,0.003026,0.02552,0.881409,7571462442,22914216,897906317,2026-08-24,backfill
2022-02,ETRX-PHARMA,1.8e-05,0.050305,0.999633,13074020401,241312,4796946,2026-08-24,backfill
2022-02,ETRX-STEEL,0.057259,0.16104,0.644443,7422682428,425013279,2639184201,2026-08-24,backfill
2022-02,ETRX-TW,0.020751,0.059403,0.650683,6438994339,133613063,2249247450,2026-09-03,backfill
2022-02,ETRX-US,0.031572,0.090905,0.65269,224475400586,7087201444,77962464191,2026-08-24,backfill
2022-02,ETRX-US-INCL,0.030372,0.089011,0.658785,233376363604,7088057185,79631458302,2026-08-24,backfill
2022-02,ETRX-VN,0.052736,0.123817,0.574079,8119232674,428178863,3458148162,2026-09-03,backfill
2022-03,ETRX-APPAREL,0.15007,0.184938,0.188539,9149411006,1373050284,7424393067,2026-08-24,backfill
2022-03,ETRX-CA,0.000841,0.003358,0.749476,38227762194,32161432,9576984176,2026-09-03,backfill
2022-03,ETRX-CA-44,5.7e-05,0.046227,0.998778,2076060143,117317,2537869,2026-08-24,backfill
2022-03,ETRX-CA-76,0.000233,0.040933,0.994315,1105587300,257265,6285026,2026-08-24,backfill
2022-03,ETRX-CA-87,0.001614,0.025402,0.936477,4231850729,6828676,268821909,2026-08-24,backfill
2022-03,ETRX-CN,0.112686,0.180826,0.376829,45949877000,5177892852,28634627334,2026-09-03,backfill
2022-03,ETRX-CN-84,0.086463,0.194922,0.556422,9877895601,854071564,4381612944,2026-08-24,backfill
2022-03,ETRX-CN-85,0.074003,0.149948,0.506478,11662216577,863033839,5755555758,2026-08-24,backfill
2022-03,ETRX-CN-95,0.019277,0.077095,0.749952,2884850479,55612489,721350332,2026-08-24,backfill
2022-03,ETRX-EU,0.014101,0.038811,0.636684,45341273101,639339663,16473190219,2026-09-03,backfill
2022-03,ETRX-EU-87,0.025247,0.027178,0.071047,5406355236,136493302,5022250589,2026-08-24,backfill
2022-03,ETRX-IN,0.03205,0.06767,0.526373,7130124151,228523482,3377017031,2026-09-03,backfill
2022-03,ETRX-JP,0.015736,0.031153,0.494878,13886382684,218519759,7014312300,2026-09-03,backfill
2022-03,ETRX-KR,0.002118,0.030136,0.929726,9390316808,19886678,659899584,2026-09-03,backfill
2022-03,ETRX-MX,0.001989,0.024907,0.920131,38698268326,76982879,3090809183,2026-09-03,backfill
2022-03,ETRX-MX-87,0.002922,0.025663,0.88612,8821528330,25780498,1004595307,2026-08-24,backfill
2022-03,ETRX-PHARMA,2.4e-05,0.058046,0.99959,15683321873,373103,6427658,2026-08-24,backfill
2022-03,ETRX-STEEL,0.056893,0.161711,0.648184,8965559106,510073219,3154223326,2026-08-24,backfill
2022-03,ETRX-TW,0.019052,0.057023,0.665893,8087085233,154072485,2701954128,2026-09-03,backfill
2022-03,ETRX-US,0.028674,0.084896,0.662246,283631624452,8132844883,95797842020,2026-08-24,backfill
2022-03,ETRX-US-INCL,0.027563,0.083121,0.668398,295098973038,8133821321,97855330643,2026-08-24,backfill
2022-03,ETRX-VN,0.050214,0.125472,0.599797,11119602069,558361272,4450099177,2026-09-03,backfill
2022-04,ETRX-APPAREL,0.147538,0.182712,0.192509,8149852328,1202416828,6580928521,2026-08-24,backfill
2022-04,ETRX-CA,0.00074,0.003034,0.755971,36663570429,27140969,8946986366,2026-09-03,backfill
2022-04,ETRX-CA-44,4.2e-05,0.050116,0.999153,1922601797,81617,1628573,2026-08-24,backfill
2022-04,ETRX-CA-76,0.000147,0.040411,0.996367,1329106203,195138,4828849,2026-08-24,backfill
2022-04,ETRX-CA-87,0.001482,0.025855,0.942697,4049461731,5999569,232046344,2026-08-24,backfill
2022-04,ETRX-CN,0.120212,0.180562,0.334239,39785788511,4782709398,26487845342,2026-09-03,backfill
2022-04,ETRX-CN-84,0.095713,0.19224,0.502117,8394445616,803460105,4179455238,2026-08-24,backfill
2022-04,ETRX-CN-85,0.08057,0.154517,0.478568,9929878612,800050147,5177754435,2026-08-24,backfill
2022-04,ETRX-CN-95,0.020387,0.074745,0.727242,2454283480,50036523,669426530,2026-08-24,backfill
2022-04,ETRX-EU,0.013815,0.038995,0.645735,42768655308,590837993,15151454144,2026-09-03,backfill
2022-04,ETRX-EU-87,0.025555,0.028481,0.102746,4167208487,106491498,3739044662,2026-08-24,backfill
2022-04,ETRX-IN,0.032113,0.064643,0.503218,7538957647,242101091,3745220691,2026-09-03,backfill
2022-04,ETRX-JP,0.01511,0.030558,0.505526,11994404838,181237851,5930925063,2026-09-03,backfill
2022-04,ETRX-KR,0.002063,0.030749,0.932922,9733355284,20075902,652889799,2026-09-03,backfill
2022-04,ETRX-MX,0.001853,0.023833,0.922233,37396312354,69311608,2908198225,2026-09-03,backfill
2022-04,ETRX-MX-87,0.002406,0.02528,0.904824,9488557293,22830251,903079057,2026-08-24,backfill
2022-04,ETRX-PHARMA,3.1e-05,0.068125,0.999545,12435729751,385335,5656273,2026-08-24,backfill
2022-04,ETRX-STEEL,0.053927,0.158434,0.659628,8615747960,464617596,2932562602,2026-08-24,backfill
2022-04,ETRX-TW,0.018769,0.058718,0.680359,7240078291,135887438,2314224279,2026-09-03,backfill
2022-04,ETRX-US,0.029005,0.084624,0.657247,260882972780,7566934213,89418494901,2026-08-24,backfill
2022-04,ETRX-US-INCL,0.027964,0.082884,0.662614,270632427632,7567906242,91307464726,2026-08-24,backfill
2022-04,ETRX-VN,0.049154,0.124684,0.605774,10903958607,535970190,4298625638,2026-09-03,backfill
2022-05,ETRX-APPAREL,0.147648,0.184058,0.197815,8531355390,1259640935,6843729076,2026-08-24,backfill
2022-05,ETRX-CA,0.000851,0.003296,0.741885,38846663254,33044058,10026891086,2026-09-03,backfill
2022-05,ETRX-CA-44,4.2e-05,0.054185,0.999227,1898954458,79560,1468309,2026-08-24,backfill
2022-05,ETRX-CA-76,0.000169,0.041924,0.995976,1451903234,244928,5842252,2026-08-24,backfill
2022-05,ETRX-CA-87,0.001663,0.025222,0.934056,3864041457,6426852,254810347,2026-08-24,backfill
2022-05,ETRX-CN,0.118305,0.179108,0.339474,41372369572,4894571379,27327526046,2026-09-03,backfill
2022-05,ETRX-CN-84,0.097248,0.191962,0.493396,8046345027,782494913,4076307401,2026-08-24,backfill
2022-05,ETRX-CN-85,0.07793,0.147001,0.469866,10741523566,837091124,5694446034,2026-08-24,backfill
2022-05,ETRX-CN-95,0.016982,0.077632,0.781253,2916934292,49534404,638070807,2026-08-24,backfill
2022-05,ETRX-EU,0.014054,0.037498,0.625205,45445463179,638687471,17032739887,2026-09-03,backfill
2022-05,ETRX-EU-87,0.025606,0.028391,0.098084,4418457542,113140189,3985079263,2026-08-24,backfill
2022-05,ETRX-IN,0.029656,0.061454,0.51743,8464370248,251017173,4084648255,2026-09-03,backfill
2022-05,ETRX-JP,0.014939,0.031342,0.523353,12224905224,182628055,5826965135,2026-09-03,backfill
2022-05,ETRX-KR,0.001826,0.023137,0.921058,10304772364,18821050,813477264,2026-09-03,backfill
2022-05,ETRX-MX,0.002169,0.023014,0.905743,38201183105,82869317,3600745273,2026-09-03,backfill
2022-05,ETRX-MX-87,0.003445,0.025265,0.863662,9392257142,32351966,1280525250,2026-08-24,backfill
2022-05,ETRX-PHARMA,1.9e-05,0.052799,0.999637,14334138772,274592,5200743,2026-08-24,backfill
2022-05,ETRX-STEEL,0.050721,0.156923,0.676778,8892202032,451022401,2874158585,2026-08-24,backfill
2022-05,ETRX-TW,0.018362,0.057139,0.678642,7577129077,139132129,2434968065,2026-09-03,backfill
2022-05,ETRX-US,0.028675,0.082302,0.651592,271918949462,7797215256,94738720921,2026-08-24,backfill
2022-05,ETRX-US-INCL,0.027708,0.080666,0.656513,281436936380,7797997820,96669957229,2026-08-24,backfill
2022-05,ETRX-VN,0.048537,0.12221,0.602836,11338082543,550320375,4503083505,2026-09-03,backfill
2022-06,ETRX-APPAREL,0.149525,0.185454,0.193736,8572177875,1281752342,6911440405,2026-08-24,backfill
2022-06,ETRX-CA,0.000806,0.002971,0.728841,39334968399,31686018,10666034384,2026-09-03,backfill
2022-06,ETRX-CA-44,6.1e-05,0.058904,0.998963,1561853379,95366,1619019,2026-08-24,backfill
2022-06,ETRX-CA-76,0.000152,0.04046,0.996254,1398266375,211940,5238244,2026-08-24,backfill
2022-06,ETRX-CA-87,0.001509,0.025339,0.940462,3786556882,5712555,225444170,2026-08-24,backfill
2022-06,ETRX-CN,0.105679,0.179761,0.412111,47961800299,5068573154,28196230193,2026-09-03,backfill
2022-06,ETRX-CN-84,0.075299,0.194508,0.612874,10252582943,772011182,3969040630,2026-08-24,backfill
2022-06,ETRX-CN-85,0.07253,0.149324,0.514277,12097088997,877402656,5875829724,2026-08-24,backfill
2022-06,ETRX-CN-95,0.011839,0.076399,0.845032,3568559975,42249556,553011162,2026-08-24,backfill
2022-06,ETRX-EU,0.014483,0.037354,0.612279,46034886224,666727538,17848711185,2026-09-03,backfill
2022-06,ETRX-EU-87,0.023401,0.025783,0.092357,4834302262,113129075,4387818386,2026-08-24,backfill
2022-06,ETRX-IN,0.027352,0.06082,0.550277,7985214064,218411577,3591136244,2026-09-03,backfill
2022-06,ETRX-JP,0.014236,0.031351,0.545928,11155123829,158801279,5065233455,2026-09-03,backfill
2022-06,ETRX-KR,0.002019,0.027292,0.926016,9756445512,19699629,721819346,2026-09-03,backfill
2022-06,ETRX-MX,0.002012,0.021536,0.906573,38356094645,77173040,3583497546,2026-09-03,backfill
2022-06,ETRX-MX-87,0.003208,0.025383,0.873631,8864830991,28434549,1120239777,2026-08-24,backfill
2022-06,ETRX-PHARMA,2.5e-05,0.053359,0.999538,16176071076,398739,7472786,2026-08-24,backfill
2022-06,ETRX-STEEL,0.053196,0.161441,0.67049,9335821338,496631549,3076246004,2026-08-24,backfill
2022-06,ETRX-TW,0.017878,0.056944,0.686033,7081518143,126606346,2223362939,2026-09-03,backfill
2022-06,ETRX-US,0.028394,0.082016,0.653794,276593567198,7853681950,95758247598,2026-08-24,backfill
2022-06,ETRX-US-INCL,0.027428,0.080393,0.658821,286382709702,7855042964,97707679676,2026-08-24,backfill
2022-06,ETRX-VN,0.044767,0.118743,0.622992,11147620607,499046486,4202743608,2026-09-03,backfill
2022-07,ETRX-APPAREL,0.151986,0.187526,0.189524,9291282232,1412141366,7530362560,2026-08-24,backfill
2022-07,ETRX-CA,0.000956,0.00336,0.715577,36385732120,34771709,10348930214,2026-09-03,backfill
2022-07,ETRX-CA-44,7.2e-05,0.062652,0.998853,1192848934,85755,1368751,2026-08-24,backfill
2022-07,ETRX-CA-76,0.000207,0.041365,0.995001,978325342,202314,4890896,2026-08-24,backfill
2022-07,ETRX-CA-87,0.002942,0.025292,0.88369,3144199942,9249309,365702970,2026-08-24,backfill
2022-07,ETRX-CN,0.115754,0.180856,0.359964,44055273583,5099580970,28196971664,2026-09-03,backfill
2022-07,ETRX-CN-84,0.080123,0.193939,0.586866,9383500678,751831640,3876640304,2026-08-24,backfill
2022-07,ETRX-CN-85,0.085614,0.149411,0.426986,9958351377,852578509,5706279514,2026-08-24,backfill
2022-07,ETRX-CN-95,0.010033,0.078831,0.872732,4033071930,40462144,513279561,2026-08-24,backfill
2022-07,ETRX-EU,0.014985,0.037584,0.601302,41107222260,615975056,16389386222,2026-09-03,backfill
2022-07,ETRX-EU-87,0.023923,0.026553,0.099033,4565000291,109209467,4112912804,2026-08-24,backfill
2022-07,ETRX-IN,0.029848,0.061351,0.513497,7385557104,220441002,3593096605,2026-09-03,backfill
2022-07,ETRX-JP,0.015274,0.030082,0.492239,11964075773,182744658,6074888473,2026-09-03,backfill
2022-07,ETRX-KR,0.002026,0.02891,0.929921,9437188830,19119503,661347035,2026-09-03,backfill
2022-07,ETRX-MX,0.002234,0.021777,0.897427,36886734956,82394514,3783585417,2026-09-03,backfill
2022-07,ETRX-MX-87,0.00355,0.025309,0.859742,8852204354,31423916,1241593826,2026-08-24,backfill
2022-07,ETRX-PHARMA,1.8e-05,0.052004,0.999651,11150298127,202226,3888645,2026-08-24,backfill
2022-07,ETRX-STEEL,0.04678,0.154065,0.69636,8828292186,412990925,2680626160,2026-08-24,backfill
2022-07,ETRX-TW,0.01523,0.051978,0.706987,8099226854,123352062,2373176842,2026-09-03,backfill
2022-07,ETRX-US,0.030318,0.08298,0.634631,259392536437,7864361105,94774095227,2026-08-24,backfill
2022-07,ETRX-US-INCL,0.029317,0.081377,0.639745,268289775988,7865350725,96652715505,2026-08-24,backfill
2022-07,ETRX-VN,0.053446,0.12449,0.570685,10317169122,551407030,4429314770,2026-09-03,backfill
2022-08,ETRX-APPAREL,0.151676,0.185118,0.180652,10307548681,1563410474,8445467667,2026-08-24,backfill
2022-08,ETRX-CA,0.001065,0.003795,0.719363,37326293329,39752314,10475153126,2026-09-03,backfill
2022-08,ETRX-CA-44,6.2e-05,0.051412,0.998795,1293440954,80161,1559180,2026-08-24,backfill
2022-08,ETRX-CA-76,0.000198,0.041271,0.995197,1045801400,207311,5023219,2026-08-24,backfill
2022-08,ETRX-CA-87,0.00307,0.025127,0.877805,3713405951,11401829,453760090,2026-08-24,backfill
2022-08,ETRX-CN,0.111912,0.181057,0.381896,48663901420,5446082281,30079340548,2026-09-03,backfill
2022-08,ETRX-CN-84,0.085166,0.193287,0.559379,9421412547,802386642,4151269036,2026-08-24,backfill
2022-08,ETRX-CN-85,0.085592,0.14817,0.422338,11289032661,966252282,6521247651,2026-08-24,backfill
2022-08,ETRX-CN-95,0.008494,0.080533,0.894522,4931564997,41890864,520169723,2026-08-24,backfill
2022-08,ETRX-EU,0.014902,0.037909,0.606907,42262283960,629790262,16613026495,2026-09-03,backfill
2022-08,ETRX-EU-87,0.023417,0.026154,0.10466,4871181517,114066662,4361361437,2026-08-24,backfill
2022-08,ETRX-IN,0.02902,0.063561,0.543436,7116047363,206504729,3248933051,2026-09-03,backfill
2022-08,ETRX-JP,0.015165,0.030339,0.500136,12024200026,182350093,6010461110,2026-09-03,backfill
2022-08,ETRX-KR,0.001974,0.033079,0.940339,9426376489,18603059,562383997,2026-09-03,backfill
2022-08,ETRX-MX,0.002408,0.025738,0.906451,38632456009,93016809,3614018685,2026-09-03,backfill
2022-08,ETRX-MX-87,0.003569,0.025304,0.858952,9857591470,35182377,1390393156,2026-08-24,backfill
2022-08,ETRX-PHARMA,1.5e-05,0.045047,0.999673,14091629751,207818,4613374,2026-08-24,backfill
2022-08,ETRX-STEEL,0.051679,0.153648,0.663656,8616798274,445305171,2898209162,2026-08-24,backfill
2022-08,ETRX-TW,0.015955,0.052065,0.693549,8153415238,130091224,2498623775,2026-09-03,backfill
2022-08,ETRX-US,0.030823,0.085839,0.640918,271802964168,8377872114,97599460063,2026-08-24,backfill
2022-08,ETRX-US-INCL,0.029808,0.08407,0.645444,281096502195,8378837724,99664570851,2026-08-24,backfill
2022-08,ETRX-VN,0.052153,0.123465,0.577583,11842249794,617614716,5002364094,2026-09-03,backfill
2022-09,ETRX-APPAREL,0.149282,0.183934,0.188393,9454527470,1411394055,7673365233,2026-08-24,backfill
2022-09,ETRX-CA,0.000962,0.003942,0.756071,34186900969,32876467,8339179082,2026-09-03,backfill
2022-09,ETRX-CA-44,7.3e-05,0.047694,0.998463,1116897736,81850,1716147,2026-08-24,backfill
2022-09,ETRX-CA-76,0.000147,0.034869,0.995783,929154573,136624,3918173,2026-08-24,backfill
2022-09,ETRX-CA-87,0.002415,0.025245,0.904325,3712351045,8966407,355177734,2026-08-24,backfill
2022-09,ETRX-CN,0.098388,0.180715,0.455565,48078131674,4730295608,26175401122,2026-09-03,backfill
2022-09,ETRX-CN-84,0.087582,0.194621,0.549988,8238520462,721543492,3707436691,2026-08-24,backfill
2022-09,ETRX-CN-85,0.060835,0.147297,0.586993,14676915746,892864052,6061669177,2026-08-24,backfill
2022-09,ETRX-CN-95,0.00824,0.082459,0.900073,4707056603,38785764,470362944,2026-08-24,backfill
2022-09,ETRX-EU,0.014693,0.0392,0.625179,42268188360,621039825,15843011967,2026-09-03,backfill
2022-09,ETRX-EU-87,0.024875,0.027262,0.087551,4600050106,114427447,4197308978,2026-08-24,backfill
2022-09,ETRX-IN,0.031514,0.066752,0.527894,7127529347,224617906,3364949193,2026-09-03,backfill
2022-09,ETRX-JP,0.01562,0.031121,0.4981,11330045868,176969807,5686550354,2026-09-03,backfill
2022-09,ETRX-KR,0.001762,0.03333,0.947145,9783657678,17235486,517114601,2026-09-03,backfill
2022-09,ETRX-MX,0.002295,0.024199,0.905178,38322578723,87933572,3633817528,2026-09-03,backfill
2022-09,ETRX-MX-87,0.003492,0.025218,0.861525,10033653772,35037554,1389409432,2026-08-24,backfill
2022-09,ETRX-PHARMA,2e-05,0.051545,0.99961,14670432536,295266,5728356,2026-08-24,backfill
2022-09,ETRX-STEEL,0.051237,0.155634,0.670785,7831937674,401284496,2578388081,2026-08-24,backfill
2022-09,ETRX-TW,0.017079,0.056612,0.69831,7290193566,124511598,2199379037,2026-09-03,backfill
2022-09,ETRX-US,0.02852,0.085055,0.664694,264876426217,7554177563,88814771637,2026-08-24,backfill
2022-09,ETRX-US-INCL,0.027496,0.082927,0.668425,274782726345,7555529746,91111000012,2026-08-24,backfill
2022-09,ETRX-VN,0.049622,0.123806,0.599198,11382122382,564800876,4561979389,2026-09-03,backfill
2022-10,ETRX-APPAREL,0.146622,0.183615,0.201472,8294396931,1216138534,6623305920,2026-08-24,backfill
2022-10,ETRX-CA,0.000942,0.004098,0.770035,33011903766,31112710,7591586153,2026-09-03,backfill
2022-10,ETRX-CA-44,6.4e-05,0.045638,0.998599,1074063972,68656,1504359,2026-08-24,backfill
2022-10,ETRX-CA-76,0.0002,0.035071,0.994303,909971087,181825,5184436,2026-08-24,backfill
2022-10,ETRX-CA-87,0.002022,0.02524,0.919877,3389821003,6855354,271604269,2026-08-24,backfill
2022-10,ETRX-CN,0.104911,0.180335,0.418242,42072387845,4413859753,24475940917,2026-09-03,backfill
2022-10,ETRX-CN-84,0.08363,0.195035,0.571206,8401079835,702582162,3602330879,2026-08-24,backfill
2022-10,ETRX-CN-85,0.066921,0.146799,0.54413,12806981380,857057786,5838313802,2026-08-24,backfill
2022-10,ETRX-CN-95,0.009278,0.080897,0.885311,3832801784,35560724,439580027,2026-08-24,backfill
2022-10,ETRX-EU,0.014255,0.038366,0.628443,47913025174,683001525,17802403252,2026-09-03,backfill
2022-10,ETRX-EU-87,0.0239,0.026242,0.089236,5766295591,137815931,5251735411,2026-08-24,backfill
2022-10,ETRX-IN,0.02768,0.060408,0.54178,7257043997,200874383,3325321756,2026-09-03,backfill
2022-10,ETRX-JP,0.015123,0.029625,0.489518,12511311328,189209285,6386799914,2026-09-03,backfill
2022-10,ETRX-KR,0.001859,0.032351,0.942547,9578027704,17802320,550289349,2026-09-03,backfill
2022-10,ETRX-MX,0.002231,0.025894,0.913825,38830419524,86644806,3346194519,2026-09-03,backfill
2022-10,ETRX-MX-87,0.003192,0.025182,0.873234,10323171289,32954299,1308622268,2026-08-24,backfill
2022-10,ETRX-PHARMA,3.3e-05,0.067648,0.999508,16338950704,543701,8037222,2026-08-24,backfill
2022-10,ETRX-STEEL,0.046232,0.153308,0.698436,7806953210,360932487,2354294389,2026-08-24,backfill
2022-10,ETRX-TW,0.015179,0.052622,0.711546,7575008865,114981362,2185041292,2026-09-03,backfill
2022-10,ETRX-US,0.027132,0.082018,0.669187,266311832958,7225702794,88099382685,2026-08-24,backfill
2022-10,ETRX-US-INCL,0.026088,0.079959,0.673739,277024572523,7226894918,90382421454,2026-08-24,backfill
2022-10,ETRX-VN,0.048373,0.12002,0.596956,10666592300,515978266,4299101199,2026-09-03,backfill
2022-11,ETRX-APPAREL,0.144776,0.185676,0.220278,6532110209,945692748,5093232281,2026-08-24,backfill
2022-11,ETRX-CA,0.000803,0.003517,0.771701,32218050577,25870283,7355357064,2026-09-03,backfill
2022-11,ETRX-CA-44,4.1e-05,0.041847,0.999024,963929920,39387,941221,2026-08-24,backfill
2022-11,ETRX-CA-76,0.000159,0.033627,0.995279,1043316279,165643,4925891,2026-08-24,backfill
2022-11,ETRX-CA-87,0.001394,0.025224,0.944735,3433732882,4786666,189764234,2026-08-24,backfill
2022-11,ETRX-CN,0.107994,0.178673,0.395575,36502221291,3942024654,22062850339,2026-09-03,backfill
2022-11,ETRX-CN-84,0.083151,0.194818,0.573184,7793665031,648053260,3326461139,2026-08-24,backfill
2022-11,ETRX-CN-85,0.074244,0.143785,0.483644,10897220955,809055777,5626849095,2026-08-24,backfill
2022-11,ETRX-CN-95,0.011123,0.081872,0.864143,2842199380,31613540,386134001,2026-08-24,backfill
2022-11,ETRX-EU,0.014199,0.038903,0.635009,45806337930,650418217,16718906466,2026-09-03,backfill
2022-11,ETRX-EU-87,0.023929,0.026291,0.089825,5188619619,124159234,4722550250,2026-08-24,backfill
2022-11,ETRX-IN,0.028662,0.064868,0.558146,6275167287,179859202,2772710774,2026-09-03,backfill
2022-11,ETRX-JP,0.014636,0.031399,0.533852,11810596828,172865370,5505482796,2026-09-03,backfill
2022-11,ETRX-KR,0.001729,0.021085,0.918003,9719038643,16803349,796935822,2026-09-03,backfill
2022-11,ETRX-MX,0.002327,0.024723,0.905861,35752880202,83213041,3365748749,2026-09-03,backfill
2022-11,ETRX-MX-87,0.003392,0.025448,0.866688,9254553022,31395764,1233745050,2026-08-24,backfill
2022-11,ETRX-PHARMA,2.7e-05,0.053591,0.999488,15361417547,421299,7861361,2026-08-24,backfill
2022-11,ETRX-STEEL,0.048746,0.153644,0.682735,6936556202,338127509,2200723223,2026-08-24,backfill
2022-11,ETRX-TW,0.014081,0.052986,0.734253,7430555615,104628715,1974648967,2026-09-03,backfill
2022-11,ETRX-US,0.025754,0.078391,0.671464,247154257747,6365277338,81199155007,2026-08-24,backfill
2022-11,ETRX-US-INCL,0.02473,0.076364,0.67616,257437372149,6366335872,83368433922,2026-08-24,backfill
2022-11,ETRX-VN,0.043502,0.117136,0.628621,9089603618,395414873,3375689949,2026-09-03,backfill
2022-12,ETRX-APPAREL,0.145347,0.18597,0.218442,6512871831,946623828,5090185213,2026-08-24,backfill
2022-12,ETRX-CA,0.000977,0.004508,0.783373,32790651066,32023617,7103341965,2026-09-03,backfill
2022-12,ETRX-CA-44,8.5e-05,0.055131,0.998453,743131549,63371,1149466,2026-08-24,backfill
2022-12,ETRX-CA-76,0.00021,0.033106,0.993664,823701286,172778,5218939,2026-08-24,backfill
2022-12,ETRX-CA-87,0.001462,0.025644,0.942981,4144537879,6060102,236316695,2026-08-24,backfill
2022-12,ETRX-CN,0.110137,0.179694,0.387087,35087194420,3864385826,21505414278,2026-09-03,backfill
2022-12,ETRX-CN-84,0.08722,0.190411,0.541937,6832624367,595943499,3129770217,2026-08-24,backfill
2022-12,ETRX-CN-85,0.067454,0.146821,0.540572,11083259288,747605138,5091956530,2026-08-24,backfill
2022-12,ETRX-CN-95,0.015787,0.079963,0.802577,1989637235,31409467,392799348,2026-08-24,backfill
2022-12,ETRX-EU,0.014269,0.039122,0.635268,45490612340,649108492,16591874213,2026-09-03,backfill
2022-12,ETRX-EU-87,0.0232,0.025606,0.093963,5699540277,132230233,5163996384,2026-08-24,backfill
2022-12,ETRX-IN,0.029463,0.063144,0.533397,5786920531,170501683,2700197129,2026-09-03,backfill
2022-12,ETRX-JP,0.015742,0.030328,0.480944,12932062444,203577759,6712470508,2026-09-03,backfill
2022-12,ETRX-KR,0.001519,0.02559,0.940624,9720172434,14769092,577142636,2026-09-03,backfill
2022-12,ETRX-MX,0.002341,0.025223,0.907207,34987600110,81889905,3246607187,2026-09-03,backfill
2022-12,ETRX-MX-87,0.003523,0.02516,0.859991,9458376289,33318757,1324259110,2026-08-24,backfill
2022-12,ETRX-PHARMA,2.1e-05,0.05047,0.999587,14003424762,292237,5790277,2026-08-24,backfill
2022-12,ETRX-STEEL,0.048197,0.143557,0.664268,6997471817,337254543,2349276796,2026-08-24,backfill
2022-12,ETRX-TW,0.014984,0.055167,0.72839,6825279297,102270054,1853813275,2026-09-03,backfill
2022-12,ETRX-US,0.025974,0.078143,0.667606,242372123374,6295411225,80562993534,2026-08-24,backfill
2022-12,ETRX-US-INCL,0.024939,0.076132,0.672431,252473215888,6296323678,82702303170,2026-08-24,backfill
2022-12,ETRX-VN,0.049273,0.118157,0.582987,8262745431,407131172,3445671817,2026-09-03,backfill
2023-01,ETRX-APPAREL,0.152403,0.187424,0.186857,7096850152,1081580073,5770751182,2026-08-24,backfill
2023-01,ETRX-CA,0.000909,0.004222,0.78471,33358877036,30322995,7181840981,2026-09-03,backfill
2023-01,ETRX-CA-44,6.8e-05,0.06171,0.998896,817179516,55665,902049,2026-08-24,backfill
2023-01,ETRX-CA-76,0.000178,0.030472,0.99417,974323460,173102,5680727,2026-08-24,backfill
2023-01,ETRX-CA-87,0.001544,0.025574,0.939625,4128128936,6373836,249234037,2026-08-24,backfill
2023-01,ETRX-CN,0.111959,0.176648,0.366203,36347203631,4069397236,23036749188,2026-09-03,backfill
2023-01,ETRX-CN-84,0.096143,0.193926,0.504229,6606362863,635154655,3275240134,2026-08-24,backfill
2023-01,ETRX-CN-85,0.070946,0.141125,0.497283,10988937197,779620802,5524329860,2026-08-24,backfill
2023-01,ETRX-CN-95,0.014011,0.075772,0.81509,2390010363,33486635,441936658,2026-08-24,backfill
2023-01,ETRX-EU,0.013458,0.037355,0.639739,45360370034,610444240,16341569832,2026-09-03,backfill
2023-01,ETRX-EU-87,0.023469,0.025749,0.088523,5213380402,122355100,4751873993,2026-08-24,backfill
2023-01,ETRX-IN,0.02475,0.057309,0.568125,7914449565,195884897,3418049366,2026-09-03,backfill
2023-01,ETRX-JP,0.015467,0.030667,0.495648,10872657096,168166089,5483649201,2026-09-03,backfill
2023-01,ETRX-KR,0.002,0.034264,0.941621,8594013725,17190462,501711870,2026-09-03,backfill
2023-01,ETRX-MX,0.002516,0.024494,0.8973,35584251075,89513072,3654498700,2026-09-03,backfill
2023-01,ETRX-MX-87,0.00346,0.025327,0.86339,9584856646,33162768,1309382897,2026-08-24,backfill
2023-01,ETRX-PHARMA,2e-05,0.050515,0.999597,16709216977,339929,6729306,2026-08-24,backfill
2023-01,ETRX-STEEL,0.042805,0.147307,0.709414,7271548694,311260592,2113011634,2026-08-24,backfill
2023-01,ETRX-TW,0.015852,0.054735,0.71039,6471602721,102587187,1874237686,2026-09-03,backfill
2023-01,ETRX-US,0.026656,0.080233,0.667771,243746056578,6497201186,80979527164,2026-08-24,backfill
2023-01,ETRX-US-INCL,0.025654,0.078232,0.672078,253299898076,6498140455,83062602664,2026-08-24,backfill
2023-01,ETRX-VN,0.048938,0.117487,0.583459,8408792855,411511066,3502603934,2026-09-03,backfill
2023-02,ETRX-APPAREL,0.145902,0.186628,0.218222,5998318016,875164136,4689353355,2026-08-24,backfill
2023-02,ETRX-CA,0.000911,0.00433,0.789653,30065095916,27380748,6324104137,2026-09-03,backfill
2023-02,ETRX-CA-44,0.000101,0.070855,0.998569,817498443,82897,1169954,2026-08-24,backfill
2023-02,ETRX-CA-76,0.000212,0.032993,0.993566,801096964,170047,5153984,2026-08-24,backfill
2023-02,ETRX-CA-87,0.001501,0.02516,0.940334,3809185429,5718477,227280129,2026-08-24,backfill
2023-02,ETRX-CN,0.11883,0.177927,0.33214,29378239020,3491025355,19620564470,2026-09-03,backfill
2023-02,ETRX-CN-84,0.092693,0.192946,0.519592,6331674229,586902261,3041789387,2026-08-24,backfill
2023-02,ETRX-CN-85,0.086543,0.143479,0.396827,7480313802,647365363,4511922588,2026-08-24,backfill
2023-02,ETRX-CN-95,0.016414,0.074774,0.780486,1801804122,29574465,395520359,2026-08-24,backfill
2023-02,ETRX-EU,0.014166,0.038565,0.632689,40524912584,574055656,14885253261,2026-09-03,backfill
2023-02,ETRX-EU-87,0.023609,0.025793,0.084665,4716528307,111351732,4317204773,2026-08-24,backfill
2023-02,ETRX-IN,0.026535,0.056085,0.526875,6257996539,166057276,2960815461,2026-09-03,backfill
2023-02,ETRX-JP,0.014906,0.031301,0.523786,10812727466,161175866,5149177505,2026-09-03,backfill
2023-02,ETRX-KR,0.0016,0.023069,0.930661,8107216428,12968067,562142665,2026-09-03,backfill
2023-02,ETRX-MX,0.002481,0.025492,0.90269,34524014327,85640642,3359537830,2026-09-03,backfill
2023-02,ETRX-MX-87,0.003295,0.025379,0.870173,8924050154,29403757,1158586246,2026-08-24,backfill
2023-02,ETRX-PHARMA,2.8e-05,0.050019,0.999447,14363735526,397610,7949128,2026-08-24,backfill
2023-02,ETRX-STEEL,0.043987,0.144811,0.696248,6383797783,280802418,1939090204,2026-08-24,backfill
2023-02,ETRX-TW,0.014302,0.052688,0.72855,6246250693,89334825,1695544802,2026-09-03,backfill
2023-02,ETRX-US,0.025674,0.077941,0.670602,219674763592,5639834192,72360465460,2026-08-24,backfill
2023-02,ETRX-US-INCL,0.024581,0.075853,0.675944,229479335425,5640747047,74364093731,2026-08-24,backfill
2023-02,ETRX-VN,0.046545,0.116618,0.600873,7406775944,344751372,2956247205,2026-09-03,backfill
2023-03,ETRX-APPAREL,0.13915,0.181551,0.233548,6368674064,886202096,4881283830,2026-08-24,backfill
2023-03,ETRX-CA,0.000926,0.004665,0.801539,34446349278,31892211,6836267264,2026-09-03,backfill
2023-03,ETRX-CA-44,4.3e-05,0.061409,0.999305,957780197,40852,665244,2026-08-24,backfill
2023-03,ETRX-CA-76,0.000232,0.034717,0.99331,1005480418,233527,6726506,2026-08-24,backfill
2023-03,ETRX-CA-87,0.001484,0.025362,0.941497,4404879481,6535875,257700197,2026-08-24,backfill
2023-03,ETRX-CN,0.105896,0.178254,0.405927,30440893240,3223575309,18084117512,2026-09-03,backfill
2023-03,ETRX-CN-84,0.088854,0.193008,0.539634,6715052987,596660946,3091380091,2026-08-24,backfill
2023-03,ETRX-CN-85,0.077969,0.149574,0.47873,8650372921,674457031,4509184127,2026-08-24,backfill
2023-03,ETRX-CN-95,0.015457,0.074176,0.791616,1754286581,27116197,365565454,2026-08-24,backfill
2023-03,ETRX-EU,0.01458,0.039171,0.627788,47465675313,692040588,17667303890,2026-09-03,backfill
2023-03,ETRX-EU-87,0.025411,0.027701,0.082672,6111738960,155304207,5606472210,2026-08-24,backfill
2023-03,ETRX-IN,0.026978,0.063381,0.574344,6947244327,187425672,2957136458,2026-09-03,backfill
2023-03,ETRX-JP,0.015976,0.031223,0.488312,12591150022,201160214,6442743115,2026-09-03,backfill
2023-03,ETRX-KR,0.001792,0.025773,0.930461,9439094419,16916601,656381264,2026-09-03,backfill
2023-03,ETRX-MX,0.002412,0.023528,0.897483,41788649057,100796559,4284052642,2026-09-03,backfill
2023-03,ETRX-MX-87,0.003637,0.025362,0.856606,10890213031,39605189,1561590941,2026-08-24,backfill
2023-03,ETRX-PHARMA,1.6e-05,0.050382,0.999676,18281967508,298863,5931994,2026-08-24,backfill
2023-03,ETRX-STEEL,0.04042,0.146265,0.72365,7224041239,291999067,1996366664,2026-08-24,backfill
2023-03,ETRX-TW,0.013647,0.056372,0.757921,6632859496,90515335,1605678860,2026-09-03,backfill
2023-03,ETRX-US,0.022492,0.073411,0.693614,251141255218,5648668177,76946229214,2026-08-24,backfill
2023-03,ETRX-US-INCL,0.021503,0.07128,0.698337,262734765807,5649479698,79257316172,2026-08-24,backfill
2023-03,ETRX-VN,0.039694,0.114226,0.6525,8481985247,336680281,2947490202,2026-09-03,backfill
2023-04,ETRX-APPAREL,0.144541,0.183176,0.210917,5817211360,840825719,4590264588,2026-08-24,backfill
2023-04,ETRX-CA,0.000838,0.004206,0.800806,32330267456,27083697,6440007586,2026-09-03,backfill
2023-04,ETRX-CA-44,3.2e-05,0.050555,0.999362,931554136,30054,594478,2026-08-24,backfill
2023-04,ETRX-CA-76,0.00018,0.035923,0.995001,1025580800,184160,5126554,2026-08-24,backfill
2023-04,ETRX-CA-87,0.001333,0.025272,0.947234,4326728730,5769576,228302243,2026-08-24,backfill
2023-04,ETRX-CN,0.115602,0.177633,0.349208,31830260555,3679651405,20714892751,2026-09-03,backfill
2023-04,ETRX-CN-84,0.091063,0.192201,0.526212,7244956424,659744957,3432576139,2026-08-24,backfill
2023-04,ETRX-CN-85,0.0791,0.144019,0.450769,8900605120,704036223,4888487191,2026-08-24,backfill
2023-04,ETRX-CN-95,0.019511,0.074398,0.73775,1683704039,32850607,441550575,2026-08-24,backfill
2023-04,ETRX-EU,0.014474,0.037464,0.613664,42773370035,619080724,16524901714,2026-09-03,backfill
2023-04,ETRX-EU-87,0.023996,0.02688,0.107311,5345952946,128281042,4772272108,2026-08-24,backfill
2023-04,ETRX-IN,0.024849,0.058073,0.5721,6810297060,169231215,2914123817,2026-09-03,backfill
2023-04,ETRX-JP,0.014837,0.030173,0.50828,12450275847,184718785,6122053576,2026-09-03,backfill
2023-04,ETRX-KR,0.001925,0.031762,0.939386,9628150308,18536260,583597716,2026-09-03,backfill
2023-04,ETRX-MX,0.002412,0.024366,0.901027,36802617844,88751886,3642465586,2026-09-03,backfill
2023-04,ETRX-MX-87,0.003235,0.02537,0.872496,10336017795,33434221,1317879061,2026-08-24,backfill
2023-04,ETRX-PHARMA,2.6e-05,0.052916,0.999511,12636047401,326680,6173571,2026-08-24,backfill
2023-04,ETRX-STEEL,0.041734,0.140509,0.702981,7387271985,308297885,2194157596,2026-08-24,backfill
2023-04,ETRX-TW,0.014991,0.054389,0.724368,6295042342,94370996,1735116365,2026-09-03,backfill
2023-04,ETRX-US,0.024862,0.077357,0.67861,237213407885,5897524020,76238068461,2026-08-24,backfill
2023-04,ETRX-US-INCL,0.023856,0.07524,0.682926,247250801378,5898537471,78396711351,2026-08-24,backfill
2023-04,ETRX-VN,0.041137,0.111599,0.631388,8270033883,340201630,3048437544,2026-09-03,backfill
2023-05,ETRX-APPAREL,0.142928,0.184058,0.223458,6402193249,915055522,4971571026,2026-08-24,backfill
2023-05,ETRX-CA,0.000958,0.004413,0.783024,34641215000,33169376,7516322224,2026-09-03,backfill
2023-05,ETRX-CA-44,3.3e-05,0.056143,0.999414,986563658,32480,578523,2026-08-24,backfill
2023-05,ETRX-CA-76,0.000194,0.037159,0.99477,958731421,186308,5013865,2026-08-24,backfill
2023-05,ETRX-CA-87,0.00122,0.025272,0.951708,4841710748,5908943,233818218,2026-08-24,backfill
2023-05,ETRX-CN,0.115319,0.175555,0.343117,33713803366,3887833176,22146017098,2026-09-03,backfill
2023-05,ETRX-CN-84,0.090924,0.193537,0.530199,7378720948,670901306,3466529289,2026-08-24,backfill
2023-05,ETRX-CN-85,0.078061,0.138627,0.436896,9476418343,739742420,5336210128,2026-08-24,backfill
2023-05,ETRX-CN-95,0.0171,0.077845,0.780339,1807826894,30913095,397109061,2026-08-24,backfill
2023-05,ETRX-EU,0.014267,0.038158,0.62611,45990728409,656139033,17195486482,2026-09-03,backfill
2023-05,ETRX-EU-87,0.024589,0.027517,0.106384,5913512773,145409358,5284408934,2026-08-24,backfill
2023-05,ETRX-IN,0.023919,0.059225,0.596138,7292473561,174425523,2945150039,2026-09-03,backfill
2023-05,ETRX-JP,0.015257,0.029954,0.490643,11195928299,170821053,5702728139,2026-09-03,backfill
2023-05,ETRX-KR,0.001839,0.028583,0.935643,9410149827,17309822,605606838,2026-09-03,backfill
2023-05,ETRX-MX,0.002503,0.025172,0.900564,39815772543,99659510,3959138087,2026-09-03,backfill
2023-05,ETRX-MX-87,0.003535,0.025241,0.859955,10685299122,37771095,1496420800,2026-08-24,backfill
2023-05,ETRX-PHARMA,2.9e-05,0.059875,0.99952,13644419978,391775,6543205,2026-08-24,backfill
2023-05,ETRX-STEEL,0.042146,0.145952,0.711232,7348002521,309690441,2121868987,2026-08-24,backfill
2023-05,ETRX-TW,0.012568,0.049432,0.74575,7316493762,91954570,1860219312,2026-09-03,backfill
2023-05,ETRX-US,0.024813,0.07758,0.68016,251601092476,6243007108,80472126757,2026-08-24,backfill
2023-05,ETRX-US-INCL,0.023777,0.075426,0.684771,262637552499,6244627296,82790946957,2026-08-24,backfill
2023-05,ETRX-VN,0.042501,0.110784,0.616364,8932190906,379625097,3426711330,2026-09-03,backfill
2023-06,ETRX-APPAREL,0.144287,0.183777,0.214881,6563080005,946967700,5152799014,2026-08-24,backfill
2023-06,ETRX-CA,0.000815,0.004134,0.802951,33418895752,27224003,6585161353,2026-09-03,backfill
2023-06,ETRX-CA-44,3.7e-05,0.048258,0.999236,916656769,33782,700028,2026-08-24,backfill
2023-06,ETRX-CA-76,0.000163,0.035048,0.995351,946773153,154251,4401126,2026-08-24,backfill
2023-06,ETRX-CA-87,0.001068,0.025108,0.957462,5196297816,5549966,221040638,2026-08-24,backfill
2023-06,ETRX-CN,0.111289,0.17792,0.374499,33607569278,3740147568,21021564097,2026-09-03,backfill
2023-06,ETRX-CN-84,0.079233,0.193116,0.589711,7679177516,608446369,3150683988,2026-08-24,backfill
2023-06,ETRX-CN-85,0.078372,0.144704,0.458401,8798566585,689557539,4765295336,2026-08-24,backfill
2023-06,ETRX-CN-95,0.01246,0.084045,0.851745,2350879715,29292198,348530502,2026-08-24,backfill
2023-06,ETRX-EU,0.013917,0.036416,0.617829,45957509386,639600597,17563622471,2026-09-03,backfill
2023-06,ETRX-EU-87,0.024644,0.026795,0.080259,6133054582,151143617,5640820935,2026-08-24,backfill
2023-06,ETRX-IN,0.026292,0.061122,0.569841,6707743295,176359881,2885397542,2026-09-03,backfill
2023-06,ETRX-JP,0.016074,0.029929,0.46294,11380284752,182925184,6111900008,2026-09-03,backfill
2023-06,ETRX-KR,0.001696,0.028672,0.940858,10386949513,17613456,614302648,2026-09-03,backfill
2023-06,ETRX-MX,0.002555,0.025039,0.897966,39826125380,101748196,4063625578,2026-09-03,backfill
2023-06,ETRX-MX-87,0.003384,0.025183,0.865626,10676776648,36129271,1434686182,2026-08-24,backfill
2023-06,ETRX-PHARMA,3e-05,0.058851,0.999494,15133223431,450486,7654666,2026-08-24,backfill
2023-06,ETRX-STEEL,0.040705,0.143493,0.71633,7367203031,299878989,2089852133,2026-08-24,backfill
2023-06,ETRX-TW,0.01305,0.050087,0.739444,6567875578,85713296,1711296230,2026-09-03,backfill
2023-06,ETRX-US,0.024458,0.076376,0.679774,246891186948,6038378798,79060929407,2026-08-24,backfill
2023-06,ETRX-US-INCL,0.023388,0.07419,0.684762,258214665715,6039033399,81399060760,2026-08-24,backfill
2023-06,ETRX-VN,0.04243,0.112585,0.623124,9066826211,384709699,3417064908,2026-09-03,backfill
2023-07,ETRX-APPAREL,0.15034,0.18514,0.187967,7721918795,1160911269,6270454563,2026-08-24,backfill
2023-07,ETRX-CA,0.001004,0.004928,0.796265,31548557154,31672712,6427548591,2026-09-03,backfill
2023-07,ETRX-CA-44,4e-05,0.049531,0.999199,947401287,37573,758580,2026-08-24,backfill
2023-07,ETRX-CA-76,0.000223,0.03581,0.993766,1030402823,230037,6423880,2026-08-24,backfill
2023-07,ETRX-CA-87,0.001655,0.025185,0.934268,4361113786,7219749,286666448,2026-08-24,backfill
2023-07,ETRX-CN,0.110428,0.177292,0.377144,34520679024,3812033060,21501428741,2026-09-03,backfill
2023-07,ETRX-CN-84,0.083267,0.196176,0.575548,6965020809,579959148,2956320196,2026-08-24,backfill
2023-07,ETRX-CN-85,0.077804,0.139683,0.442994,8665240987,674194346,4826595519,2026-08-24,backfill
2023-07,ETRX-CN-95,0.008369,0.08055,0.896107,3437233991,28764703,357103813,2026-08-24,backfill
2023-07,ETRX-EU,0.013883,0.037337,0.628181,46179597948,641098351,17170455004,2026-09-03,backfill
2023-07,ETRX-EU-87,0.024957,0.027659,0.09766,5948381348,148456326,5367462926,2026-08-24,backfill
2023-07,ETRX-IN,0.025636,0.063171,0.594182,6473802793,165961518,2627188348,2026-09-03,backfill
2023-07,ETRX-JP,0.016015,0.029612,0.459176,12202493513,195423319,6599407150,2026-09-03,backfill
2023-07,ETRX-KR,0.001975,0.029852,0.933856,9414940581,18589937,622745478,2026-09-03,backfill
2023-07,ETRX-MX,0.002857,0.023631,0.879117,37706974641,107711310,4558146359,2026-09-03,backfill
2023-07,ETRX-MX-87,0.004218,0.025147,0.832265,11046992067,46596957,1852963261,2026-08-24,backfill
2023-07,ETRX-PHARMA,2.2e-05,0.046572,0.999533,14303427797,310914,6675931,2026-08-24,backfill
2023-07,ETRX-STEEL,0.040041,0.142823,0.719649,7009178120,280651875,1965028774,2026-08-24,backfill
2023-07,ETRX-TW,0.011348,0.050042,0.773221,7226389203,82008529,1638791250,2026-09-03,backfill
2023-07,ETRX-US,0.025629,0.077847,0.670781,243515117653,6241002575,80169859706,2026-08-24,backfill
2023-07,ETRX-US-INCL,0.024617,0.075808,0.675267,253552639624,6241784850,82336795983,2026-08-24,backfill
2023-07,ETRX-VN,0.043503,0.116476,0.626506,9863279749,429082958,3683874361,2026-09-03,backfill
2023-08,ETRX-APPAREL,0.148227,0.185578,0.201269,7837274027,1161696949,6259876350,2026-08-24,backfill
2023-08,ETRX-CA,0.000962,0.004312,0.776885,34596472435,33281264,7718993577,2026-09-03,backfill
2023-08,ETRX-CA-44,5.2e-05,0.040716,0.998711,990257818,51957,1276089,2026-08-24,backfill
2023-08,ETRX-CA-76,0.000205,0.033629,0.993914,910123367,186270,5538935,2026-08-24,backfill
2023-08,ETRX-CA-87,0.001685,0.02511,0.932905,4955256592,8348394,332471222,2026-08-24,backfill
2023-08,ETRX-CN,0.106771,0.175832,0.392765,36059994359,3850174497,21896880801,2026-09-03,backfill
2023-08,ETRX-CN-84,0.082872,0.195999,0.57718,6999103575,580031113,2959363025,2026-08-24,backfill
2023-08,ETRX-CN-85,0.078288,0.139803,0.440012,9279144224,726447359,5196207573,2026-08-24,backfill
2023-08,ETRX-CN-95,0.007635,0.081303,0.906094,3951482840,30168864,371068796,2026-08-24,backfill
2023-08,ETRX-EU,0.013658,0.036459,0.625384,47279421701,645752508,17711628290,2026-09-03,backfill
2023-08,ETRX-EU-87,0.025711,0.028465,0.096758,6021830379,154828250,5439171325,2026-08-24,backfill
2023-08,ETRX-IN,0.024813,0.057869,0.571216,6735595145,167132344,2888114563,2026-09-03,backfill
2023-08,ETRX-JP,0.015924,0.030222,0.473094,11880562135,189190446,6259936246,2026-09-03,backfill
2023-08,ETRX-KR,0.001711,0.026415,0.935219,9549285812,16340658,618616988,2026-09-03,backfill
2023-08,ETRX-MX,0.002731,0.02381,0.885305,40214136899,109819248,4612361961,2026-09-03,backfill
2023-08,ETRX-MX-87,0.004125,0.025121,0.835796,10965129552,45230935,1800518510,2026-08-24,backfill
2023-08,ETRX-PHARMA,3.7e-05,0.053524,0.999304,16834438785,627532,11724417,2026-08-24,backfill
2023-08,ETRX-STEEL,0.040603,0.139658,0.709269,6909329777,280538858,2008757524,2026-08-24,backfill
2023-08,ETRX-TW,0.010997,0.050781,0.783446,8075232582,88802559,1748726333,2026-09-03,backfill
2023-08,ETRX-US,0.024802,0.075675,0.672262,255091712399,6326723329,83603365585,2026-08-24,backfill
2023-08,ETRX-US-INCL,0.023856,0.073681,0.676228,265231670136,6327367966,85874707273,2026-08-24,backfill
2023-08,ETRX-VN,0.046395,0.117407,0.604836,9860398320,457473370,3896472420,2026-09-03,backfill
2023-09,ETRX-APPAREL,0.14998,0.188004,0.202249,7449536974,1117283447,5942875189,2026-08-24,backfill
2023-09,ETRX-CA,0.00095,0.004518,0.789653,33096997341,31456754,6961852595,2026-09-03,backfill
2023-09,ETRX-CA-44,0.000156,0.038581,0.995953,964188324,150542,3902015,2026-08-24,backfill
2023-09,ETRX-CA-76,0.000169,0.03562,0.995249,862457060,145953,4097478,2026-08-24,backfill
2023-09,ETRX-CA-87,0.001313,0.025133,0.947774,4993826178,6554719,260805863,2026-08-24,backfill
2023-09,ETRX-CN,0.098006,0.1751,0.440285,38691628438,3792015419,21656279000,2026-09-03,backfill
2023-09,ETRX-CN-84,0.088907,0.197344,0.549483,6355323739,565031399,2863181251,2026-08-24,backfill
2023-09,ETRX-CN-85,0.055497,0.136628,0.593807,12656227987,702386646,5140874427,2026-08-24,backfill
2023-09,ETRX-CN-95,0.007213,0.081447,0.911436,4254507913,30688899,376796662,2026-08-24,backfill
2023-09,ETRX-EU,0.013096,0.037048,0.646522,41161737578,539036301,14549754055,2026-09-03,backfill
2023-09,ETRX-EU-87,0.024704,0.028077,0.120136,4651339762,114904442,4092547094,2026-08-24,backfill
2023-09,ETRX-IN,0.024677,0.057809,0.573127,6909788208,170513147,2949601398,2026-09-03,backfill
2023-09,ETRX-JP,0.016049,0.029304,0.452339,12285629757,197170267,6728361366,2026-09-03,backfill
2023-09,ETRX-KR,0.001647,0.030844,0.946614,9930731464,16352076,530161866,2026-09-03,backfill
2023-09,ETRX-MX,0.002629,0.022641,0.883896,38276543055,100619848,4444072293,2026-09-03,backfill
2023-09,ETRX-MX-87,0.003884,0.02519,0.845825,11298971996,43880706,1742020083,2026-08-24,backfill
2023-09,ETRX-PHARMA,3e-05,0.059931,0.999501,15243905530,456228,7612579,2026-08-24,backfill
2023-09,ETRX-STEEL,0.041076,0.136103,0.698197,6278843832,257911940,1894975485,2026-08-24,backfill
2023-09,ETRX-TW,0.010377,0.051265,0.797588,7794452570,80879540,1577689278,2026-09-03,backfill
2023-09,ETRX-US,0.024527,0.076477,0.679288,248948066444,6105938261,79840691703,2026-08-24,backfill
2023-09,ETRX-US-INCL,0.023528,0.074333,0.683479,259546221142,6106566590,82151868322,2026-08-24,backfill
2023-09,ETRX-VN,0.04093,0.112593,0.636481,10378822882,424800760,3772897203,2026-09-03,backfill
2023-10,ETRX-APPAREL,0.150118,0.188478,0.203526,6657700921,999441205,5302684740,2026-08-24,backfill
2023-10,ETRX-CA,0.000852,0.003852,0.778696,34758453531,29628722,7692186954,2026-09-03,backfill
2023-10,ETRX-CA-44,0.000142,0.036003,0.996066,957455294,135616,3766847,2026-08-24,backfill
2023-10,ETRX-CA-76,0.00015,0.037402,0.995991,920537340,138019,3690138,2026-08-24,backfill
2023-10,ETRX-CA-87,0.001145,0.025399,0.95491,5048646176,5781927,227643304,2026-08-24,backfill
2023-10,ETRX-CN,0.09721,0.173621,0.440106,39543588057,3844012923,22140218080,2026-09-03,backfill
2023-10,ETRX-CN-84,0.086633,0.199453,0.565648,7047671345,610560534,3061172474,2026-08-24,backfill
2023-10,ETRX-CN-85,0.055608,0.133112,0.582244,12598981617,700609310,5263297293,2026-08-24,backfill
2023-10,ETRX-CN-95,0.008317,0.08106,0.897403,3968039089,33000498,407109973,2026-08-24,backfill
2023-10,ETRX-EU,0.013129,0.037283,0.647862,47176279123,619361175,16612548693,2026-09-03,backfill
2023-10,ETRX-EU-87,0.024286,0.026929,0.098167,5343784743,129776633,4819199135,2026-08-24,backfill
2023-10,ETRX-IN,0.02344,0.056929,0.588247,7541296884,176771509,3105148145,2026-09-03,backfill
2023-10,ETRX-JP,0.016314,0.029544,0.4478,13401260136,218633878,7400171583,2026-09-03,backfill
2023-10,ETRX-KR,0.00174,0.028809,0.93959,10167963635,17695947,614250583,2026-09-03,backfill
2023-10,ETRX-MX,0.002437,0.023508,0.896347,41287823720,100605161,4279594829,2026-09-03,backfill
2023-10,ETRX-MX-87,0.00356,0.025156,0.858476,11888958744,42326531,1682574856,2026-08-24,backfill
2023-10,ETRX-PHARMA,2.8e-05,0.057353,0.999506,16773151268,475291,8287131,2026-08-24,backfill
2023-10,ETRX-STEEL,0.040831,0.137263,0.702533,6855363475,279913590,2039245307,2026-08-24,backfill
2023-10,ETRX-TW,0.010253,0.047439,0.783875,8356613657,85678863,1806074188,2026-09-03,backfill
2023-10,ETRX-US,0.023572,0.075383,0.687305,263101518879,6201768522,82270576003,2026-08-24,backfill
2023-10,ETRX-US-INCL,0.022617,0.07312,0.690693,274236298815,6202279823,84823260623,2026-08-24,backfill
2023-10,ETRX-VN,0.036181,0.109618,0.669935,10580111429,382800204,3492120937,2026-09-03,backfill
2023-11,ETRX-APPAREL,0.146237,0.186761,0.216982,5527573643,808336407,4328191054,2026-08-24,backfill
2023-11,ETRX-CA,0.000891,0.00381,0.766022,34510245868,30761455,8074654797,2026-09-03,backfill
2023-11,ETRX-CA-44,0.000174,0.035965,0.995155,867517245,151153,4202766,2026-08-24,backfill
2023-11,ETRX-CA-76,0.00017,0.03471,0.995096,821228768,139796,4027576,2026-08-24,backfill
2023-11,ETRX-CA-87,0.001137,0.025392,0.955236,5155305095,5859853,230772293,2026-08-24,backfill
2023-11,ETRX-CN,0.097653,0.169293,0.423173,34492124114,3368244589,19895998897,2026-09-03,backfill
2023-11,ETRX-CN-84,0.080207,0.197708,0.594316,6414407483,514480300,2602219619,2026-08-24,backfill
2023-11,ETRX-CN-85,0.057308,0.126232,0.54601,12059873101,691129420,5475060891,2026-08-24,backfill
2023-11,ETRX-CN-95,0.012174,0.084328,0.855637,2551941495,31066922,368406293,2026-08-24,backfill
2023-11,ETRX-EU,0.013716,0.037016,0.629472,44256419577,606999950,16398240189,2026-09-03,backfill
2023-11,ETRX-EU-87,0.024107,0.026118,0.076965,6042267312,145663605,5577222582,2026-08-24,backfill
2023-11,ETRX-IN,0.022137,0.058671,0.622697,6856849739,151788660,2587109851,2026-09-03,backfill
2023-11,ETRX-JP,0.016183,0.029778,0.456527,12963498403,209793089,7045310590,2026-09-03,backfill
2023-11,ETRX-KR,0.001701,0.030709,0.944622,9051499870,15393212,501256963,2026-09-03,backfill
2023-11,ETRX-MX,0.002635,0.0239,0.889767,38882414205,102439911,4286135840,2026-09-03,backfill
2023-11,ETRX-MX-87,0.003665,0.025258,0.854909,11155729820,40881968,1618599118,2026-08-24,backfill
2023-11,ETRX-PHARMA,4e-05,0.079832,0.9995,15072901792,601293,7531980,2026-08-24,backfill
2023-11,ETRX-STEEL,0.039667,0.13083,0.696807,5899763639,234023410,1788764802,2026-08-24,backfill
2023-11,ETRX-TW,0.010027,0.051743,0.806226,7609958933,76301274,1474614959,2026-09-03,backfill
2023-11,ETRX-US,0.022626,0.071196,0.682199,245679391632,5558766761,78077045519,2026-08-24,backfill
2023-11,ETRX-US-INCL,0.021669,0.069195,0.686848,256567097651,5559440990,80344618624,2026-08-24,backfill
2023-11,ETRX-VN,0.03524,0.108966,0.676594,10212316316,359883711,3302722725,2026-09-03,backfill
2023-12,ETRX-APPAREL,0.146157,0.186639,0.216901,5725765449,836859535,4483843812,2026-08-24,backfill
2023-12,ETRX-CA,0.000848,0.004057,0.791021,31745204422,26914909,6634096003,2026-09-03,backfill
2023-12,ETRX-CA-44,0.000129,0.035284,0.996333,830444042,107446,3045153,2026-08-24,backfill
2023-12,ETRX-CA-76,0.000134,0.033378,0.995983,862199305,115602,3463463,2026-08-24,backfill
2023-12,ETRX-CA-87,0.00106,0.025313,0.95811,4418601941,4685322,185094226,2026-08-24,backfill
2023-12,ETRX-CN,0.108947,0.170264,0.360129,32549672169,3546185829,20827588588,2026-09-03,backfill
2023-12,ETRX-CN-84,0.092737,0.197103,0.529499,5845313378,542078273,2750227485,2026-08-24,backfill
2023-12,ETRX-CN-85,0.065242,0.124947,0.477844,10424833162,680136942,5443387916,2026-08-24,backfill
2023-12,ETRX-CN-95,0.018881,0.086225,0.781029,1651110337,31174352,361545278,2026-08-24,backfill
2023-12,ETRX-EU,0.013921,0.037391,0.627695,45432526503,632467792,16914759806,2026-09-03,backfill
2023-12,ETRX-EU-87,0.024083,0.026278,0.083553,6834279046,164587423,6263254790,2026-08-24,backfill
2023-12,ETRX-IN,0.023044,0.054819,0.579638,6230259796,143568592,2618962814,2026-09-03,backfill
2023-12,ETRX-JP,0.016409,0.029453,0.442858,11364019249,186477559,6331367215,2026-09-03,backfill
2023-12,ETRX-KR,0.001564,0.029216,0.946467,10223104449,15989315,547276755,2026-09-03,backfill
2023-12,ETRX-MX,0.002677,0.022827,0.882713,35262959702,94408715,4135899491,2026-09-03,backfill
2023-12,ETRX-MX-87,0.004032,0.02515,0.839665,10580240729,42663711,1696383337,2026-08-24,backfill
2023-12,ETRX-PHARMA,2.7e-05,0.068901,0.999606,14952310577,406051,5893279,2026-08-24,backfill
2023-12,ETRX-STEEL,0.042662,0.145218,0.706218,6056549486,258387038,1779307155,2026-08-24,backfill
2023-12,ETRX-TW,0.012053,0.050038,0.759134,6401004300,77148116,1541781752,2026-09-03,backfill
2023-12,ETRX-US,0.024324,0.073538,0.669234,236073192356,5742247312,78085074648,2026-08-24,backfill
2023-12,ETRX-US-INCL,0.023339,0.07156,0.673857,246063073517,5742833085,80251725428,2026-08-24,backfill
2023-12,ETRX-VN,0.037194,0.109189,0.659365,9546111042,355054833,3251741267,2026-09-03,backfill
2024-01,ETRX-APPAREL,0.155179,0.189815,0.182474,6126778574,950746349,5008798713,2026-08-24,backfill
2024-01,ETRX-CA,0.001059,0.004725,0.775792,32056055011,33956374,7187221940,2026-09-03,backfill
2024-01,ETRX-CA-44,0.000103,0.035755,0.997113,856159943,88369,2471515,2026-08-24,backfill
2024-01,ETRX-CA-76,0.000261,0.037618,0.993067,918826384,239643,6370473,2026-08-24,backfill
2024-01,ETRX-CA-87,0.00167,0.025374,0.93419,4228559532,7061195,278280159,2026-08-24,backfill
2024-01,ETRX-CN,0.116057,0.174395,0.33452,34489285170,4002706536,22951913003,2026-09-03,backfill
2024-01,ETRX-CN-84,0.101244,0.199723,0.493077,6288202111,636644498,3187636397,2026-08-24,backfill
2024-01,ETRX-CN-85,0.073668,0.133144,0.446706,9525977371,701757088,5270667607,2026-08-24,backfill
2024-01,ETRX-CN-95,0.018709,0.083389,0.775636,1878176458,35139690,421395189,2026-08-24,backfill
2024-01,ETRX-EU,0.013072,0.038865,0.663659,43659848225,570710879,14684600967,2026-09-03,backfill
2024-01,ETRX-EU-87,0.023555,0.026601,0.114486,4568650976,107615156,4045602980,2026-08-24,backfill
2024-01,ETRX-IN,0.020316,0.061603,0.670213,7034102421,142903126,2319759002,2026-09-03,backfill
2024-01,ETRX-JP,0.015992,0.029575,0.45926,12412611894,198504577,6712000838,2026-09-03,backfill
2024-01,ETRX-KR,0.002066,0.029177,0.92918,10596107598,21894656,750411151,2026-09-03,backfill
2024-01,ETRX-MX,0.002669,0.024666,0.891783,36712190776,97995713,3972876123,2026-09-03,backfill
2024-01,ETRX-MX-87,0.003779,0.025191,0.849999,10038792911,37933611,1505829096,2026-08-24,backfill
2024-01,ETRX-PHARMA,2.3e-05,0.05681,0.999599,17105568793,389725,6860102,2026-08-24,backfill
2024-01,ETRX-STEEL,0.04069,0.1474,0.72395,6920314876,281585823,1910350341,2026-08-24,backfill
2024-01,ETRX-TW,0.01126,0.051733,0.782333,7960388404,89637630,1732710079,2026-09-03,backfill
2024-01,ETRX-US,0.0257,0.079306,0.675939,244448723667,6282318271,79216372109,2026-08-24,backfill
2024-01,ETRX-US-INCL,0.024719,0.077293,0.680194,254177731542,6282930472,81287653642,2026-08-24,backfill
2024-01,ETRX-VN,0.043313,0.115728,0.625738,9849031995,426588451,3686123301,2026-09-03,backfill
2024-02,ETRX-APPAREL,0.145225,0.183368,0.208013,6307391593,915990203,4995369214,2026-08-24,backfill
2024-02,ETRX-CA,0.000989,0.004896,0.79804,31542471506,31186268,6370301812,2026-09-03,backfill
2024-02,ETRX-CA-44,0.000122,0.038708,0.996849,907894190,110722,2860417,2026-08-24,backfill
2024-02,ETRX-CA-76,0.000181,0.036471,0.99505,966086673,174393,4781732,2026-08-24,backfill
2024-02,ETRX-CA-87,0.001427,0.02543,0.943887,4572008205,6524163,256549149,2026-08-24,backfill
2024-02,ETRX-CN,0.117824,0.173902,0.322469,30820032466,3631345824,20881531878,2026-09-03,backfill
2024-02,ETRX-CN-84,0.101801,0.194128,0.475597,5861798393,596739834,3073947488,2026-08-24,backfill
2024-02,ETRX-CN-85,0.074695,0.131703,0.432855,8288033781,619072426,4700516925,2026-08-24,backfill
2024-02,ETRX-CN-95,0.018554,0.079003,0.765151,1827569046,33908484,429203474,2026-08-24,backfill
2024-02,ETRX-EU,0.013672,0.03746,0.635024,40981133875,560291349,14957142158,2026-09-03,backfill
2024-02,ETRX-EU-87,0.024209,0.026489,0.086085,4863534623,117740447,4444858581,2026-08-24,backfill
2024-02,ETRX-IN,0.02429,0.06365,0.618381,6617506794,160739876,2525368853,2026-09-03,backfill
2024-02,ETRX-JP,0.01563,0.029498,0.470149,11509734570,179891530,6098446539,2026-09-03,backfill
2024-02,ETRX-KR,0.001783,0.033441,0.946689,9244140072,16480261,492813019,2026-09-03,backfill
2024-02,ETRX-MX,0.002487,0.024689,0.899261,39049662424,97122068,3933814006,2026-09-03,backfill
2024-02,ETRX-MX-87,0.003467,0.025202,0.862443,11038179939,38266511,1518381364,2026-08-24,backfill
2024-02,ETRX-PHARMA,2.6e-05,0.058693,0.999558,14724084064,382144,6510846,2026-08-24,backfill
2024-02,ETRX-STEEL,0.04326,0.145725,0.703141,6498612299,281128026,1929174079,2026-08-24,backfill
2024-02,ETRX-TW,0.013415,0.052146,0.742746,6574607626,88196090,1691343039,2026-09-03,backfill
2024-02,ETRX-US,0.025296,0.078858,0.679214,231704429400,5861279099,74327438302,2026-08-24,backfill
2024-02,ETRX-US-INCL,0.024277,0.076723,0.683574,241451847024,5861762414,76401684708,2026-08-24,backfill
2024-02,ETRX-VN,0.041971,0.111704,0.624262,9590816824,402539473,3603636774,2026-09-03,backfill
2024-03,ETRX-APPAREL,0.139564,0.180101,0.225081,6083678322,849059983,4714359501,2026-08-24,backfill
2024-03,ETRX-CA,0.00115,0.005468,0.789634,32428677814,37305570,6821902566,2026-09-03,backfill
2024-03,ETRX-CA-44,0.000102,0.035734,0.997155,1035237566,105257,2945563,2026-08-24,backfill
2024-03,ETRX-CA-76,0.000167,0.034237,0.995137,883243769,147071,4295628,2026-08-24,backfill
2024-03,ETRX-CA-87,0.001288,0.025266,0.949036,4478935817,5767390,228264882,2026-08-24,backfill
2024-03,ETRX-CN,0.116883,0.174831,0.331451,28699301405,3354454788,19186875923,2026-09-03,backfill
2024-03,ETRX-CN-84,0.097479,0.191765,0.491678,5964217046,581383109,3031742549,2026-08-24,backfill
2024-03,ETRX-CN-85,0.080519,0.141736,0.43191,7802668779,628259798,4432618659,2026-08-24,backfill
2024-03,ETRX-CN-95,0.022439,0.07752,0.710542,1413178299,31710040,409055347,2026-08-24,backfill
2024-03,ETRX-EU,0.012711,0.036876,0.655318,46989917706,597268501,16196558787,2026-09-03,backfill
2024-03,ETRX-EU-87,0.023161,0.026136,0.11382,4912084654,113770816,4352991875,2026-08-24,backfill
2024-03,ETRX-IN,0.025254,0.059911,0.578468,7378413922,186338010,3110236001,2026-09-03,backfill
2024-03,ETRX-JP,0.01555,0.030043,0.482428,12086652516,187941438,6255711546,2026-09-03,backfill
2024-03,ETRX-KR,0.001572,0.026267,0.940144,11266844963,17714297,674384202,2026-09-03,backfill
2024-03,ETRX-MX,0.002618,0.026607,0.901587,40267359065,105439684,3962846879,2026-09-03,backfill
2024-03,ETRX-MX-87,0.003846,0.025263,0.847761,11441223962,44004060,1741805250,2026-08-24,backfill
2024-03,ETRX-PHARMA,1.5e-05,0.050615,0.999707,18230632228,270265,5339674,2026-08-24,backfill
2024-03,ETRX-STEEL,0.043449,0.150125,0.710584,6712380514,291643772,1942669226,2026-08-24,backfill
2024-03,ETRX-TW,0.010534,0.055185,0.809117,7689537510,81001432,1467802889,2026-09-03,backfill
2024-03,ETRX-US,0.023008,0.07482,0.692487,247656185116,5698129780,76157384648,2026-08-24,backfill
2024-03,ETRX-US-INCL,0.022101,0.072754,0.696226,257856741202,5698841629,78330214825,2026-08-24,backfill
2024-03,ETRX-VN,0.037575,0.110126,0.6588,10187652963,382799129,3476023085,2026-09-03,backfill
2024-04,ETRX-APPAREL,0.138099,0.18041,0.234527,5840852442,806614727,4471014202,2026-08-24,backfill
2024-04,ETRX-CA,0.001034,0.00438,0.763996,32567212132,33668459,7686004427,2026-09-03,backfill
2024-04,ETRX-CA-44,0.000112,0.036526,0.996927,1069091202,120011,3285666,2026-08-24,backfill
2024-04,ETRX-CA-76,0.000149,0.034051,0.995626,964904480,143703,4220222,2026-08-24,backfill
2024-04,ETRX-CA-87,0.001409,0.025442,0.944621,4230793597,5961095,234297121,2026-08-24,backfill
2024-04,ETRX-CN,0.117743,0.175643,0.329647,29361541587,3457104829,19682598697,2026-09-03,backfill
2024-04,ETRX-CN-84,0.097384,0.19253,0.494189,6213187353,605063531,3142698157,2026-08-24,backfill
2024-04,ETRX-CN-85,0.082969,0.140629,0.410019,8041064759,667156628,4744075386,2026-08-24,backfill
2024-04,ETRX-CN-95,0.022257,0.079078,0.718541,1436609327,31974776,404346771,2026-08-24,backfill
2024-04,ETRX-EU,0.012553,0.035602,0.647408,51050331664,640842269,17999962210,2026-09-03,backfill
2024-04,ETRX-EU-87,0.0236,0.025626,0.079067,6318842461,149125675,5819233500,2026-08-24,backfill
2024-04,ETRX-IN,0.024365,0.060149,0.594924,7753939080,188922489,3140933597,2026-09-03,backfill
2024-04,ETRX-JP,0.016269,0.029756,0.453255,12330662336,200607138,6741728457,2026-09-03,backfill
2024-04,ETRX-KR,0.001792,0.025258,0.929061,11123741683,19930948,789109647,2026-09-03,backfill
2024-04,ETRX-MX,0.002512,0.02555,0.901675,41702301671,104764573,4100363185,2026-09-03,backfill
2024-04,ETRX-MX-87,0.003623,0.025194,0.856177,11490742011,41635898,1652628443,2026-08-24,backfill
2024-04,ETRX-PHARMA,2.6e-05,0.076736,0.999662,21231840368,550952,7179849,2026-08-24,backfill
2024-04,ETRX-STEEL,0.041455,0.145053,0.71421,7139554686,295968979,2040412693,2026-08-24,backfill
2024-04,ETRX-TW,0.010462,0.051695,0.797626,8784887482,91905512,1777830024,2026-09-03,backfill
2024-04,ETRX-US,0.022624,0.071395,0.683115,257776908464,5831919359,81685654124,2026-08-24,backfill
2024-04,ETRX-US-INCL,0.021696,0.069504,0.687849,268846003090,5832776196,83920460417,2026-08-24,backfill
2024-04,ETRX-VN,0.037019,0.108917,0.660116,10278543242,380503460,3493507887,2026-09-03,backfill
2024-05,ETRX-APPAREL,0.139379,0.182539,0.236447,6058247212,844390223,4625795752,2026-08-24,backfill
2024-05,ETRX-CA,0.001171,0.004875,0.759739,33849655946,39644431,8132758657,2026-09-03,backfill
2024-05,ETRX-CA-44,0.000148,0.043527,0.996604,1036509990,153193,3519476,2026-08-24,backfill
2024-05,ETRX-CA-76,0.000203,0.038253,0.994704,904242252,183205,4789299,2026-08-24,backfill
2024-05,ETRX-CA-87,0.002409,0.025154,0.90423,4611070320,11107838,441600628,2026-08-24,backfill
2024-05,ETRX-CN,0.112688,0.174295,0.353462,33447696435,3769164478,21625199278,2026-09-03,backfill
2024-05,ETRX-CN-84,0.08437,0.191447,0.559307,7303326925,616178163,3218526382,2026-08-24,backfill
2024-05,ETRX-CN-85,0.076251,0.142141,0.463555,8851991178,674971956,4748605558,2026-08-24,backfill
2024-05,ETRX-CN-95,0.021214,0.079512,0.733201,1703780718,36143730,454567190,2026-08-24,backfill
2024-05,ETRX-EU,0.013179,0.036142,0.635362,47069411645,620310951,17163315138,2026-09-03,backfill
2024-05,ETRX-EU-87,0.022806,0.025247,0.096658,5786118989,131960284,5226841788,2026-08-24,backfill
2024-05,ETRX-IN,0.022225,0.057528,0.613667,8362266345,185851683,3230623541,2026-09-03,backfill
2024-05,ETRX-JP,0.01551,0.029843,0.48028,12069812660,187200919,6272925111,2026-09-03,backfill
2024-05,ETRX-KR,0.001675,0.023701,0.929311,12098044715,20269176,855193297,2026-09-03,backfill
2024-05,ETRX-MX,0.002461,0.024647,0.900161,42445561404,104449199,4237721680,2026-09-03,backfill
2024-05,ETRX-MX-87,0.003637,0.025863,0.859368,11603436154,42203735,1631816724,2026-08-24,backfill
2024-05,ETRX-PHARMA,1.8e-05,0.052133,0.999661,17231204817,304835,5847288,2026-08-24,backfill
2024-05,ETRX-STEEL,0.04375,0.15314,0.71431,7454035584,326117455,2129542582,2026-08-24,backfill
2024-05,ETRX-TW,0.010337,0.051914,0.800874,8702765272,89964816,1732950309,2026-09-03,backfill
2024-05,ETRX-US,0.023277,0.072714,0.679889,263695916467,6137968295,84411972540,2026-08-24,backfill
2024-05,ETRX-US-INCL,0.022329,0.07078,0.684536,274922243715,6138647500,86728051627,2026-08-24,backfill
2024-05,ETRX-VN,0.035046,0.109142,0.6789,11609335512,406855912,3727760839,2026-09-03,backfill
2024-06,ETRX-APPAREL,0.144073,0.184427,0.218806,6254784559,901146548,4886199505,2026-08-24,backfill
2024-06,ETRX-CA,0.001082,0.004663,0.767958,32949040303,35652185,7645574001,2026-09-03,backfill
2024-06,ETRX-CA-44,0.000115,0.037871,0.996968,962955077,110587,2920116,2026-08-24,backfill
2024-06,ETRX-CA-76,0.000161,0.039313,0.995894,1007909626,162709,4138804,2026-08-24,backfill
2024-06,ETRX-CA-87,0.001917,0.025238,0.92406,4076814201,7813468,309592387,2026-08-24,backfill
2024-06,ETRX-CN,0.117006,0.17695,0.338764,32689224011,3824826867,21615281225,2026-09-03,backfill
2024-06,ETRX-CN-84,0.092472,0.192843,0.52048,6663274928,616168065,3195174082,2026-08-24,backfill
2024-06,ETRX-CN-85,0.079046,0.1407,0.438196,8587382226,678798925,4824429234,2026-08-24,backfill
2024-06,ETRX-CN-95,0.017024,0.083217,0.79543,1896118071,32279020,387889457,2026-08-24,backfill
2024-06,ETRX-EU,0.013713,0.036765,0.627017,43512532108,596670826,16229449313,2026-09-03,backfill
2024-06,ETRX-EU-87,0.024303,0.0266,0.086356,5685932124,138184105,5194920500,2026-08-24,backfill
2024-06,ETRX-IN,0.023415,0.058893,0.60241,7131094795,166975786,2835251955,2026-09-03,backfill
2024-06,ETRX-JP,0.015778,0.029671,0.46825,11298329706,178261758,6007884490,2026-09-03,backfill
2024-06,ETRX-KR,0.001627,0.028551,0.943027,11058367095,17987548,630023688,2026-09-03,backfill
2024-06,ETRX-MX,0.002345,0.024731,0.90518,40833584238,95752679,3871823348,2026-09-03,backfill
2024-06,ETRX-MX-87,0.003483,0.025572,0.863784,11319573242,39430274,1541901680,2026-08-24,backfill
2024-06,ETRX-PHARMA,2.7e-05,0.058357,0.999531,16987922700,464792,7964590,2026-08-24,backfill
2024-06,ETRX-STEEL,0.04518,0.146318,0.691219,6417845665,289960237,1981705963,2026-08-24,backfill
2024-06,ETRX-TW,0.009547,0.049193,0.805935,9600995425,91657841,1863221276,2026-09-03,backfill
2024-06,ETRX-US,0.024413,0.076522,0.680969,252914570508,6174397246,80687701871,2026-08-24,backfill
2024-06,ETRX-US-INCL,0.023462,0.074359,0.684478,263197417053,6175123140,83044554494,2026-08-24,backfill
2024-06,ETRX-VN,0.039907,0.114389,0.651127,11626872748,463998819,4056306570,2026-09-03,backfill
2024-07,ETRX-APPAREL,0.148496,0.185236,0.19834,7994220068,1187110393,6408647724,2026-08-24,backfill
2024-07,ETRX-CA,0.001102,0.004356,0.747014,34117056692,37598366,8631153209,2026-09-03,backfill
2024-07,ETRX-CA-44,6.4e-05,0.055943,0.998853,904807436,58075,1038108,2026-08-24,backfill
2024-07,ETRX-CA-76,0.000158,0.036645,0.995685,1016487244,160739,4386439,2026-08-24,backfill
2024-07,ETRX-CA-87,0.001565,0.02511,0.937662,3368229428,5272337,209967093,2026-08-24,backfill
2024-07,ETRX-CN,0.116089,0.176259,0.341373,38280011248,4443892729,25212244674,2026-09-03,backfill
2024-07,ETRX-CN-84,0.092132,0.194961,0.52743,7304554679,672986848,3451911461,2026-08-24,backfill
2024-07,ETRX-CN-85,0.081526,0.137998,0.409227,9907630345,807726392,5853161693,2026-08-24,backfill
2024-07,ETRX-CN-95,0.012946,0.08252,0.843113,2763438826,35776226,433546301,2026-08-24,backfill
2024-07,ETRX-EU,0.013071,0.037169,0.648329,49259077082,643876830,17322970772,2026-09-03,backfill
2024-07,ETRX-EU-87,0.023455,0.026054,0.099751,5221287329,122467365,4700459140,2026-08-24,backfill
2024-07,ETRX-IN,0.024525,0.05882,0.583056,6956439491,170605640,2900446942,2026-09-03,backfill
2024-07,ETRX-JP,0.016707,0.029806,0.439489,12599923243,210500928,7062393268,2026-09-03,backfill
2024-07,ETRX-KR,0.001622,0.030563,0.946928,10887842064,17660824,577840867,2026-09-03,backfill
2024-07,ETRX-MX,0.002618,0.028337,0.90763,40507906694,106030424,3741717767,2026-09-03,backfill
2024-07,ETRX-MX-87,0.003429,0.025262,0.864263,11229355127,38505284,1524236323,2026-08-24,backfill
2024-07,ETRX-PHARMA,2.2e-05,0.058312,0.999622,18668270708,411417,7055497,2026-08-24,backfill
2024-07,ETRX-STEEL,0.04687,0.145954,0.678873,6876975935,322322209,2208383298,2026-08-24,backfill
2024-07,ETRX-TW,0.007941,0.051456,0.845679,12652287819,100468693,1952517052,2026-09-03,backfill
2024-07,ETRX-US,0.025882,0.079076,0.672694,273258836485,7072503588,89439204728,2026-08-24,backfill
2024-07,ETRX-US-INCL,0.024847,0.076999,0.677312,284667412329,7073032658,91858687098,2026-08-24,backfill
2024-07,ETRX-VN,0.041677,0.110887,0.624153,11672046337,486450867,4386899645,2026-09-03,backfill
2024-08,ETRX-APPAREL,0.149901,0.186832,0.197669,7847792646,1176392384,6296527122,2026-08-24,backfill
2024-08,ETRX-CA,0.001023,0.004235,0.75852,31334895644,32044777,7566735396,2026-09-03,backfill
2024-08,ETRX-CA-44,5.7e-05,0.050029,0.998859,832197316,47502,949492,2026-08-24,backfill
2024-08,ETRX-CA-76,0.000206,0.038285,0.994627,871828352,179332,4684165,2026-08-24,backfill
2024-08,ETRX-CA-87,0.001482,0.025547,0.941985,3966277849,5878416,230105112,2026-08-24,backfill
2024-08,ETRX-CN,0.114502,0.176022,0.349501,38152999159,4368601188,24818487865,2026-09-03,backfill
2024-08,ETRX-CN-84,0.095372,0.196862,0.515538,6883248145,656471754,3334672595,2026-08-24,backfill
2024-08,ETRX-CN-85,0.080468,0.135033,0.404091,10135480988,815578906,6039827723,2026-08-24,backfill
2024-08,ETRX-CN-95,0.009394,0.08237,0.885957,3543022904,33282203,404056332,2026-08-24,backfill
2024-08,ETRX-EU,0.012803,0.037571,0.659236,47865287156,612808183,16310759010,2026-09-03,backfill
2024-08,ETRX-EU-87,0.023715,0.026053,0.089742,4985205682,118222607,4537825251,2026-08-24,backfill
2024-08,ETRX-IN,0.025579,0.062377,0.589928,6331621670,161955709,2596417781,2026-09-03,backfill
2024-08,ETRX-JP,0.016467,0.029652,0.444665,11287696888,185870859,6268449482,2026-09-03,backfill
2024-08,ETRX-KR,0.00208,0.031656,0.934298,10324686387,21473788,678348744,2026-09-03,backfill
2024-08,ETRX-MX,0.002585,0.028158,0.908195,42180025388,109037324,3872319696,2026-09-03,backfill
2024-08,ETRX-MX-87,0.003479,0.025362,0.862825,11392269501,39633309,1562733060,2026-08-24,backfill
2024-08,ETRX-PHARMA,3.5e-05,0.054689,0.999352,17748285812,629446,11509511,2026-08-24,backfill
2024-08,ETRX-STEEL,0.045342,0.145322,0.687992,6905418829,313103451,2154544087,2026-08-24,backfill
2024-08,ETRX-TW,0.008387,0.053723,0.843885,11314715848,94896719,1766397547,2026-09-03,backfill
2024-08,ETRX-US,0.026121,0.081251,0.678521,265364408258,6931474759,85309061438,2026-08-24,backfill
2024-08,ETRX-US-INCL,0.025144,0.079134,0.68226,275690351760,6932007653,87597898609,2026-08-24,backfill
2024-08,ETRX-VN,0.039812,0.115535,0.655411,12810376522,510006637,4414321141,2026-09-03,backfill
2024-09,ETRX-APPAREL,0.15145,0.186542,0.188119,8148103943,1234028269,6615291255,2026-08-24,backfill
2024-09,ETRX-CA,0.001039,0.004488,0.768432,32813147416,34103231,7598482424,2026-09-03,backfill
2024-09,ETRX-CA-44,0.0001,0.061787,0.998383,888840886,88802,1437218,2026-08-24,backfill
2024-09,ETRX-CA-76,0.000161,0.036307,0.995555,1001670167,161655,4452391,2026-08-24,backfill
2024-09,ETRX-CA-87,0.001242,0.025285,0.950874,4328648894,5376890,212649468,2026-08-24,backfill
2024-09,ETRX-CN,0.101717,0.17057,0.403664,41137282012,4184368843,24531632385,2026-09-03,backfill
2024-09,ETRX-CN-84,0.096956,0.19585,0.504949,6487573053,629008487,3211678282,2026-08-24,backfill
2024-09,ETRX-CN-85,0.063501,0.12783,0.503235,13070214327,829977224,6492831516,2026-08-24,backfill
2024-09,ETRX-CN-95,0.007742,0.084022,0.907854,4417745759,34203513,407078527,2026-08-24,backfill
2024-09,ETRX-EU,0.011876,0.038286,0.689808,47269608344,561375525,14662665084,2026-09-03,backfill
2024-09,ETRX-EU-87,0.023383,0.025579,0.085836,4231017306,98935317,3867842072,2026-08-24,backfill
2024-09,ETRX-IN,0.027524,0.062588,0.560239,6850681857,188558034,3012665432,2026-09-03,backfill
2024-09,ETRX-JP,0.015332,0.030401,0.495685,11270300200,172791618,5683781563,2026-09-03,backfill
2024-09,ETRX-KR,0.00211,0.034617,0.939057,10752815437,22685086,655307306,2026-09-03,backfill
2024-09,ETRX-MX,0.002259,0.026298,0.914118,42873297991,96829995,3682023221,2026-09-03,backfill
2024-09,ETRX-MX-87,0.002922,0.025504,0.885443,11823030289,34543289,1354405060,2026-08-24,backfill
2024-09,ETRX-PHARMA,2.1e-05,0.064547,0.999671,18916761013,401360,6218149,2026-08-24,backfill
2024-09,ETRX-STEEL,0.047297,0.142258,0.667525,6413418601,303337960,2132303065,2026-08-24,backfill
2024-09,ETRX-TW,0.008988,0.05067,0.822625,10224457640,91893776,1813563855,2026-09-03,backfill
2024-09,ETRX-US,0.025067,0.082017,0.694367,272238491593,6824251483,83205052069,2026-08-24,backfill
2024-09,ETRX-US-INCL,0.024064,0.079729,0.698175,283601686344,6824660484,85598161160,2026-08-24,backfill
2024-09,ETRX-VN,0.040795,0.111554,0.634305,13508736873,551086302,4940075501,2026-09-03,backfill
2024-10,ETRX-APPAREL,0.148389,0.185813,0.201409,7960944427,1181315203,6357535113,2026-08-24,backfill
2024-10,ETRX-CA,0.001208,0.005419,0.77706,32664800783,39459857,7282291735,2026-09-03,backfill
2024-10,ETRX-CA-44,4.9e-05,0.059013,0.999165,919944578,45308,767761,2026-08-24,backfill
2024-10,ETRX-CA-76,0.000193,0.037242,0.994818,1006152088,194186,5214181,2026-08-24,backfill
2024-10,ETRX-CA-87,0.001194,0.02527,0.952763,4405161322,5258410,208084979,2026-08-24,backfill
2024-10,ETRX-CN,0.099849,0.176802,0.43525,41123575419,4106136824,23224530901,2026-09-03,backfill
2024-10,ETRX-CN-84,0.084329,0.195173,0.567924,7356244847,620348400,3178455341,2026-08-24,backfill
2024-10,ETRX-CN-85,0.063421,0.146598,0.567379,14049985897,891068231,6078312993,2026-08-24,backfill
2024-10,ETRX-CN-95,0.009531,0.083887,0.886377,3753677055,35778132,426504584,2026-08-24,backfill
2024-10,ETRX-EU,0.012993,0.039157,0.668171,48616839418,631698260,16132478191,2026-09-03,backfill
2024-10,ETRX-EU-87,0.024366,0.026261,0.072169,5350555822,130371804,4964411398,2026-08-24,backfill
2024-10,ETRX-IN,0.02544,0.061732,0.587902,8040225674,204539404,3313357578,2026-09-03,backfill
2024-10,ETRX-JP,0.015059,0.030169,0.500825,13350098185,201045283,6664033901,2026-09-03,backfill
2024-10,ETRX-KR,0.001976,0.028318,0.930221,10300931252,20354994,718791396,2026-09-03,backfill
2024-10,ETRX-MX,0.00246,0.026712,0.907892,44072958647,108435659,4059450900,2026-09-03,backfill
2024-10,ETRX-MX-87,0.003142,0.025653,0.877531,11985366332,37655063,1467836301,2026-08-24,backfill
2024-10,ETRX-PHARMA,2.7e-05,0.054538,0.999507,20045430461,539299,9888420,2026-08-24,backfill
2024-10,ETRX-STEEL,0.039787,0.136763,0.70908,6932055209,275805248,2016672142,2026-08-24,backfill
2024-10,ETRX-TW,0.007731,0.047945,0.838755,10417665282,80537340,1679795688,2026-09-03,backfill
2024-10,ETRX-US,0.024501,0.081333,0.698757,279474469351,6847388531,84189783035,2026-08-24,backfill
2024-10,ETRX-US-INCL,0.023512,0.078881,0.70193,291252066022,6847973440,86813576146,2026-08-24,backfill
2024-10,ETRX-VN,0.036846,0.111914,0.670764,13877076740,511317404,4568834727,2026-09-03,backfill
2024-11,ETRX-APPAREL,0.147305,0.186527,0.210276,6146243507,905371829,4853835103,2026-08-24,backfill
2024-11,ETRX-CA,0.00112,0.005279,0.787826,31742082152,35552935,6734853147,2026-09-03,backfill
2024-11,ETRX-CA-44,9.5e-05,0.061957,0.998465,863875472,82161,1326101,2026-08-24,backfill
2024-11,ETRX-CA-76,0.000243,0.036325,0.99332,902724823,219035,6029943,2026-08-24,backfill
2024-11,ETRX-CA-87,0.001239,0.025199,0.950849,4118286813,5100675,202418269,2026-08-24,backfill
2024-11,ETRX-CN,0.108427,0.172812,0.372571,35736669981,3874825607,22422229818,2026-09-03,backfill
2024-11,ETRX-CN-84,0.09075,0.193025,0.529854,6456237386,585903656,3035372035,2026-08-24,backfill
2024-11,ETRX-CN-85,0.071347,0.132219,0.460383,11317886802,807501256,6107322065,2026-08-24,backfill
2024-11,ETRX-CN-95,0.012181,0.080201,0.848117,2747418966,33466656,417286432,2026-08-24,backfill
2024-11,ETRX-EU,0.013197,0.038741,0.659352,49012631887,646826616,16696069887,2026-09-03,backfill
2024-11,ETRX-EU-87,0.023665,0.025363,0.066946,5730413270,135610186,5346783305,2026-08-24,backfill
2024-11,ETRX-IN,0.026812,0.059037,0.545846,6780459105,181795312,3079370700,2026-09-03,backfill
2024-11,ETRX-JP,0.016051,0.030038,0.465633,11578775855,185855817,6187313449,2026-09-03,backfill
2024-11,ETRX-KR,0.002277,0.036385,0.937423,9948164365,22650294,622524797,2026-09-03,backfill
2024-11,ETRX-MX,0.002394,0.026316,0.909045,40693665559,97404313,3701303371,2026-09-03,backfill
2024-11,ETRX-MX-87,0.003257,0.026228,0.875839,11255013840,36652270,1397434676,2026-08-24,backfill
2024-11,ETRX-PHARMA,2.9e-05,0.051471,0.999438,15709858930,454320,8826758,2026-08-24,backfill
2024-11,ETRX-STEEL,0.044706,0.139595,0.679746,6301048080,281692599,2017934644,2026-08-24,backfill
2024-11,ETRX-TW,0.009654,0.053054,0.818028,8945889306,86367197,1627900402,2026-09-03,backfill
2024-11,ETRX-US,0.024522,0.078666,0.688277,260235869916,6381534154,81121541969,2026-08-24,backfill
2024-11,ETRX-US-INCL,0.023513,0.076459,0.692482,271431566638,6382046889,83469992916,2026-08-24,backfill
2024-11,ETRX-VN,0.033073,0.106613,0.689779,12605261867,416899008,3910410723,2026-09-03,backfill
2024-12,ETRX-APPAREL,0.147384,0.187725,0.214896,6495488732,957329228,5099632385,2026-08-24,backfill
2024-12,ETRX-CA,0.001069,0.004962,0.784591,34286075915,36645064,7385519266,2026-09-03,backfill
2024-12,ETRX-CA-44,7.8e-05,0.056395,0.998625,830111465,64364,1141316,2026-08-24,backfill
2024-12,ETRX-CA-76,0.000167,0.035854,0.995351,926939152,154515,4309503,2026-08-24,backfill
2024-12,ETRX-CA-87,0.00116,0.025243,0.954053,3816238797,4426256,175344719,2026-08-24,backfill
2024-12,ETRX-CN,0.114624,0.173064,0.337678,35656957313,4087148338,23616378789,2026-09-03,backfill
2024-12,ETRX-CN-84,0.105975,0.196082,0.459537,6071551685,643433202,3281450001,2026-08-24,backfill
2024-12,ETRX-CN-85,0.076419,0.128448,0.40506,10786244226,824269049,6417166495,2026-08-24,backfill
2024-12,ETRX-CN-95,0.013511,0.083231,0.837665,2638370265,35647638,428299693,2026-08-24,backfill
2024-12,ETRX-EU,0.014067,0.039151,0.640696,46173621672,649528648,16590358431,2026-09-03,backfill
2024-12,ETRX-EU-87,0.023434,0.025123,0.067211,5438409848,127444684,5072888028,2026-08-24,backfill
2024-12,ETRX-IN,0.024385,0.061301,0.602213,7018313419,171140432,2791796567,2026-09-03,backfill
2024-12,ETRX-JP,0.016473,0.029677,0.444908,11800194961,194389745,6550190655,2026-09-03,backfill
2024-12,ETRX-KR,0.002437,0.031678,0.923055,10736000671,26168682,826085566,2026-09-03,backfill
2024-12,ETRX-MX,0.002593,0.031988,0.91895,38013043666,98552873,3080952162,2026-09-03,backfill
2024-12,ETRX-MX-87,0.002757,0.026023,0.89406,10333032894,28486546,1094681494,2026-08-24,backfill
2024-12,ETRX-PHARMA,2.2e-05,0.051609,0.999577,18495979943,403574,7819844,2026-08-24,backfill
2024-12,ETRX-STEEL,0.049903,0.15275,0.673303,6402735908,319514659,2091754777,2026-08-24,backfill
2024-12,ETRX-TW,0.009457,0.052047,0.818292,9938124009,93989334,1805838241,2026-09-03,backfill
2024-12,ETRX-US,0.024322,0.079628,0.694553,270549835989,6580344149,82638699188,2026-08-24,backfill
2024-12,ETRX-US-INCL,0.023372,0.077432,0.698161,281586199816,6581200042,84993780470,2026-08-24,backfill
2024-12,ETRX-VN,0.037517,0.112692,0.667085,11659519380,437426727,3881627690,2026-09-03,backfill
2025-01,ETRX-APPAREL,0.151104,0.188581,0.198729,7560438636,1142413288,6057958545,2026-08-24,backfill
2025-01,ETRX-CA,0.001136,0.005437,0.791137,37215536844,42259808,7772954062,2026-09-03,backfill
2025-01,ETRX-CA-44,4.7e-05,0.067947,0.999304,961185902,45423,668511,2026-08-24,backfill
2025-01,ETRX-CA-76,0.000173,0.038688,0.995541,1085340283,187231,4839459,2026-08-24,backfill
2025-01,ETRX-CA-87,0.002189,0.025442,0.913976,4151630066,9086392,357138741,2026-08-24,backfill
2025-01,ETRX-CN,0.113802,0.17515,0.350257,40304188497,4586708762,26187367345,2026-09-03,backfill
2025-01,ETRX-CN-84,0.093072,0.193475,0.518945,7827136989,728486721,3765281470,2026-08-24,backfill
2025-01,ETRX-CN-85,0.075392,0.136055,0.445872,11523132183,868750613,6385290405,2026-08-24,backfill
2025-01,ETRX-CN-95,0.016062,0.081308,0.802461,2336287935,37524354,461508663,2026-08-24,backfill
2025-01,ETRX-EU,0.010503,0.037948,0.723215,52408222710,550461590,14505795677,2026-09-03,backfill
2025-01,ETRX-EU-87,0.024014,0.025587,0.061485,4565975076,109646858,4285235169,2026-08-24,backfill
2025-01,ETRX-IN,0.02289,0.065098,0.648371,8335048852,190792870,2930845213,2026-09-03,backfill
2025-01,ETRX-JP,0.015183,0.029529,0.485825,12599431345,191295631,6478312599,2026-09-03,backfill
2025-01,ETRX-KR,0.002431,0.036721,0.933809,10700307876,26008047,708263643,2026-09-03,backfill
2025-01,ETRX-MX,0.002781,0.025359,0.890346,41218023525,114615113,4519721621,2026-09-03,backfill
2025-01,ETRX-MX-87,0.00409,0.025334,0.838575,9944223185,40667908,1605243331,2026-08-24,backfill
2025-01,ETRX-PHARMA,2.4e-05,0.054063,0.999547,19048942979,466243,8624003,2026-08-24,backfill
2025-01,ETRX-STEEL,0.04541,0.146957,0.690995,7475827193,339480126,2310065136,2026-08-24,backfill
2025-01,ETRX-TW,0.008669,0.05193,0.83306,10856736541,94118700,1812418399,2026-09-03,backfill
2025-01,ETRX-US,0.022969,0.082895,0.722912,310554730302,7133204765,86051008849,2026-08-24,backfill
2025-01,ETRX-US-INCL,0.022161,0.080707,0.72542,321908039017,7133693804,88389514555,2026-08-24,backfill
2025-01,ETRX-VN,0.035596,0.109724,0.675582,13504336736,480706320,4381046185,2026-09-03,backfill
2025-02,ETRX-APPAREL,0.149337,0.186928,0.201098,6448624971,963019201,5151817634,2026-08-24,backfill
2025-02,ETRX-CA,0.001146,0.00522,0.78044,33313662739,38178351,7314334178,2026-09-03,backfill
2025-02,ETRX-CA-44,0.000154,0.0436,0.996479,836727666,128453,2946136,2026-08-24,backfill
2025-02,ETRX-CA-76,0.000175,0.03726,0.995291,952341321,167109,4484992,2026-08-24,backfill
2025-02,ETRX-CA-87,0.001949,0.025541,0.923686,3851175224,7506460,293897383,2026-08-24,backfill
2025-02,ETRX-CN,0.134344,0.175523,0.234609,33166111598,4455660354,25385034594,2026-09-03,backfill
2025-02,ETRX-CN-84,0.116462,0.166328,0.299805,6569591374,765107574,4599992359,2026-08-24,backfill
2025-02,ETRX-CN-85,0.101297,0.144398,0.298488,9628376694,975324526,6754424946,2026-08-24,backfill
2025-02,ETRX-CN-95,0.033342,0.0912,0.634402,1704350872,56827117,623107024,2026-08-24,backfill
2025-02,ETRX-EU,0.010694,0.038404,0.721537,50611362911,541237004,14093374385,2026-09-03,backfill
2025-02,ETRX-EU-87,0.023558,0.025271,0.067798,4117655624,97002828,3838487696,2026-08-24,backfill
2025-02,ETRX-IN,0.020868,0.063611,0.67195,8643910421,180378259,2835638613,2026-09-03,backfill
2025-02,ETRX-JP,0.015043,0.029903,0.496924,10918856552,164256407,5493016077,2026-09-03,backfill
2025-02,ETRX-KR,0.003721,0.035819,0.896106,9212699508,34284507,957147505,2026-09-03,backfill
2025-02,ETRX-MX,0.002722,0.02713,0.899673,40459108885,110123970,4059146568,2026-09-03,backfill
2025-02,ETRX-MX-87,0.00408,0.025541,0.840251,9888056217,40344984,1579602227,2026-08-24,backfill
2025-02,ETRX-PHARMA,0.003017,0.099812,0.969774,19179241004,57862465,579714080,2026-08-24,backfill
2025-02,ETRX-STEEL,0.051827,0.156004,0.667782,6085304452,315384135,2021647505,2026-08-24,backfill
2025-02,ETRX-TW,0.008505,0.052755,0.838782,10314518398,87725460,1662885588,2026-09-03,backfill
2025-02,ETRX-US,0.024173,0.084997,0.715602,281567564927,6806344107,80077356616,2026-08-24,backfill
2025-02,ETRX-US-INCL,0.02331,0.082632,0.717906,292030360397,6807216123,82379964156,2026-08-24,backfill
2025-02,ETRX-VN,0.03221,0.106336,0.697093,12615901881,406355923,3821448363,2026-09-03,backfill
2025-03,ETRX-APPAREL,0.160162,0.20327,0.212072,6675495054,1069160581,5259810907,2026-08-24,backfill
2025-03,ETRX-CA,0.016847,0.14862,0.886646,33142708191,558343087,3756853669,2026-09-03,backfill
2025-03,ETRX-CA-44,0.002528,0.21869,0.988441,1107779723,2800352,12805140,2026-08-24,backfill
2025-03,ETRX-CA-76,0.032963,0.204946,0.839164,1163807124,38362275,187181950,2026-08-24,backfill
2025-03,ETRX-CA-87,0.024944,0.241053,0.896519,4737554466,118175582,490248308,2026-08-24,backfill
2025-03,ETRX-CN,0.275106,0.292873,0.060664,27048136909,7441110986,25407296044,2026-09-03,backfill
2025-03,ETRX-CN-84,0.258477,0.281002,0.080159,5346277897,1381889500,4917725455,2026-08-24,backfill
2025-03,ETRX-CN-85,0.243189,0.249182,0.024048,7497461188,1823301741,7317161095,2026-08-24,backfill
2025-03,ETRX-CN-95,0.165176,0.191544,0.137662,1436529095,237279475,1238774165,2026-08-24,backfill
2025-03,ETRX-EU,0.011022,0.045563,0.758088,78638227080,866774110,19023498210,2026-09-03,backfill
2025-03,ETRX-EU-87,0.026804,0.028158,0.048098,6275590854,168208754,5973749040,2026-08-24,backfill
2025-03,ETRX-IN,0.023316,0.070072,0.667254,11187585211,260850108,3722626058,2026-09-03,backfill
2025-03,ETRX-JP,0.018803,0.033919,0.445663,13399563760,251948251,7427880638,2026-09-03,backfill
2025-03,ETRX-KR,0.004209,0.061283,0.931319,12185790064,51289765,836930252,2026-09-03,backfill
2025-03,ETRX-MX,0.032511,0.233573,0.860808,46403047172,1508626896,6458910962,2026-09-03,backfill
2025-03,ETRX-MX-87,0.034466,0.239821,0.856286,12257621333,422467794,1761596750,2026-08-24,backfill
2025-03,ETRX-PHARMA,0.001637,0.168361,0.990279,31677013279,51842093,307922801,2026-08-24,backfill
2025-03,ETRX-STEEL,0.122779,0.271125,0.547149,6730980767,826424435,3048133747,2026-08-24,backfill
2025-03,ETRX-TW,0.01163,0.074626,0.84415,12282125030,142846587,1914173510,2026-09-03,backfill
2025-03,ETRX-US,0.038565,0.138877,0.722311,328335614315,12662151358,91175318209,2026-08-24,backfill
2025-03,ETRX-US-INCL,0.037184,0.135281,0.725136,340669490994,12667399660,93637719693,2026-08-24,backfill
2025-03,ETRX-VN,0.034057,0.111854,0.695519,14733133749,501771426,4485962590,2026-09-03,backfill
2025-04,ETRX-APPAREL,0.201292,0.238501,0.15601,6528872670,1314211497,5510304043,2026-08-24,backfill
2025-04,ETRX-CA,0.03182,0.236291,0.865334,27281888142,868116024,3673929748,2026-09-03,backfill
2025-04,ETRX-CA-44,0.000194,0.226364,0.999145,871648760,168687,745201,2026-08-24,backfill
2025-04,ETRX-CA-76,0.218882,0.248932,0.120715,776287533,169915492,682577700,2026-08-24,backfill
2025-04,ETRX-CA-87,0.105139,0.232599,0.54798,3468963140,364724940,1568039305,2026-08-24,backfill
2025-04,ETRX-CN,0.404227,0.423808,0.046202,23671578439,9568696495,22577914840,2026-09-03,backfill
2025-04,ETRX-CN-84,0.38822,0.407165,0.046529,4390771989,1704584789,4186471780,2026-08-24,backfill
2025-04,ETRX-CN-85,0.385317,0.394842,0.024123,5940785002,2289084885,5797475232,2026-08-24,backfill
2025-04,ETRX-CN-95,0.274192,0.282451,0.029238,1320011132,361936932,1281416997,2026-08-24,backfill
2025-04,ETRX-EU,0.043024,0.098301,0.562322,50073785156,2154385901,21916213189,2026-09-03,backfill
2025-04,ETRX-EU-87,0.160822,0.178449,0.098777,3492485588,561668381,3147508551,2026-08-24,backfill
2025-04,ETRX-IN,0.038206,0.091303,0.581543,9543887354,364637332,3993706499,2026-09-03,backfill
2025-04,ETRX-JP,0.095782,0.147582,0.35099,13385294530,1282072898,8687183971,2026-09-03,backfill
2025-04,ETRX-KR,0.056656,0.16154,0.649278,9457586958,535824958,3316985542,2026-09-03,backfill
2025-04,ETRX-MX,0.043387,0.239937,0.819174,40553244824,1759477762,7333085530,2026-09-03,backfill
2025-04,ETRX-MX-87,0.094876,0.24835,0.617976,9347773471,886875943,3571075561,2026-08-24,backfill
2025-04,ETRX-PHARMA,0.003081,0.174187,0.982314,20604395464,63473758,364400690,2026-08-24,backfill
2025-04,ETRX-STEEL,0.232797,0.289764,0.196598,5858626617,1363872038,4706831062,2026-08-24,backfill
2025-04,ETRX-TW,0.016356,0.097749,0.832677,14351533652,234729968,2401344420,2026-09-03,backfill
2025-04,ETRX-US,0.075075,0.190077,0.605027,261483569594,19630979807,103278964272,2026-08-24,backfill
2025-04,ETRX-US-INCL,0.071826,0.185536,0.612871,273424981749,19639110004,105850714722,2026-08-24,backfill
2025-04,ETRX-VN,0.046115,0.124196,0.62869,14856285275,685101846,5516284973,2026-09-03,backfill
2025-05,ETRX-APPAREL,0.239345,0.270525,0.115257,5564274441,1331780387,4922953008,2026-08-24,backfill
2025-05,ETRX-CA,0.03495,0.217729,0.839479,28174417789,984697025,4522588736,2026-09-03,backfill
2025-05,ETRX-CA-44,0.000338,0.294277,0.998853,884088137,298541,1014491,2026-08-24,backfill
2025-05,ETRX-CA-76,0.20768,0.251242,0.173387,676253264,140444389,558999791,2026-08-24,backfill
2025-05,ETRX-CA-87,0.132623,0.206844,0.358826,3858860886,511772274,2474199749,2026-08-24,backfill
2025-05,ETRX-CN,0.513464,0.546177,0.059895,18136616157,9312500705,17050329126,2026-09-03,backfill
2025-05,ETRX-CN-84,0.509783,0.538895,0.054022,3425688654,1746356729,3240626564,2026-08-24,backfill
2025-05,ETRX-CN-85,0.464425,0.481297,0.035055,4112993243,1910178587,3968812809,2026-08-24,backfill
2025-05,ETRX-CN-95,0.435471,0.449905,0.032083,865688124,376981751,837914265,2026-08-24,backfill
2025-05,ETRX-EU,0.071215,0.137097,0.480546,52342369654,3727583634,27189428785,2026-09-03,backfill
2025-05,ETRX-EU-87,0.250135,0.255268,0.020111,4541872352,1136079983,4450531394,2026-08-24,backfill
2025-05,ETRX-IN,0.058345,0.118864,0.509139,9176645817,535415825,4504456245,2026-09-03,backfill
2025-05,ETRX-JP,0.14632,0.176747,0.172149,11512511291,1684511187,9530644142,2026-09-03,backfill
2025-05,ETRX-KR,0.117414,0.172356,0.318769,11163772506,1310782463,7605106483,2026-09-03,backfill
2025-05,ETRX-MX,0.051712,0.243254,0.787416,44800436174,2316721566,9523861972,2026-09-03,backfill
2025-05,ETRX-MX-87,0.127848,0.249994,0.488595,10963027551,1401604712,5606547561,2026-08-24,backfill
2025-05,ETRX-PHARMA,0.004805,0.18678,0.974274,18871395451,90680003,485489695,2026-08-24,backfill
2025-05,ETRX-STEEL,0.248275,0.283077,0.122943,5930897017,1472492184,5201732199,2026-08-24,backfill
2025-05,ETRX-TW,0.025837,0.134016,0.807206,15970930068,412647808,3079096407,2026-09-03,backfill
2025-05,ETRX-US,0.094863,0.20499,0.537229,260400015137,24702419753,120505671922,2026-08-24,backfill
2025-05,ETRX-US-INCL,0.090598,0.20049,0.548117,272740608068,24709786463,123246729135,2026-08-24,backfill
2025-05,ETRX-VN,0.069651,0.150326,0.536665,15821923320,1102015165,7330846834,2026-09-03,backfill
2025-06,ETRX-APPAREL,0.253915,0.2783,0.08762,6519757246,1655467310,5948497337,2026-08-24,backfill
2025-06,ETRX-CA,0.037525,0.268025,0.859994,28064924337,1053137895,3929248903,2026-09-03,backfill
2025-06,ETRX-CA-44,0.000363,0.272149,0.998666,845054078,306838,1127465,2026-08-24,backfill
2025-06,ETRX-CA-76,0.333225,0.423071,0.212367,661246505,220343980,520819749,2026-08-24,backfill
2025-06,ETRX-CA-87,0.12797,0.215599,0.406444,3566894480,456454688,2117151343,2026-08-24,backfill
2025-06,ETRX-CN,0.431488,0.453846,0.049265,16357318783,7057982087,15551480205,2026-09-03,backfill
2025-06,ETRX-CN-84,0.428762,0.452702,0.052881,2580258287,1106317759,2443812062,2026-08-24,backfill
2025-06,ETRX-CN-85,0.388288,0.400171,0.029695,3688078071,1432035645,3578562230,2026-08-24,backfill
2025-06,ETRX-CN-95,0.318882,0.325811,0.021266,1016431206,324121521,994815965,2026-08-24,backfill
2025-06,ETRX-EU,0.09272,0.137916,0.327707,41396405257,3838281276,27830525524,2026-09-03,backfill
2025-06,ETRX-EU-87,0.240199,0.243244,0.012517,3282104282,788359380,3241021376,2026-08-24,backfill
2025-06,ETRX-IN,0.08452,0.146165,0.42175,8453500136,714487863,4888238793,2026-09-03,backfill
2025-06,ETRX-JP,0.1643,0.183666,0.105438,11086761921,1821558372,9917791720,2026-09-03,backfill
2025-06,ETRX-KR,0.120863,0.177661,0.319698,10777578382,1302614615,7332012878,2026-09-03,backfill
2025-06,ETRX-MX,0.046632,0.241762,0.807118,43591779643,2032752387,8408060790,2026-09-03,backfill
2025-06,ETRX-MX-87,0.112522,0.242008,0.535049,10973249465,1234732128,5102021850,2026-08-24,backfill
2025-06,ETRX-PHARMA,0.004886,0.167929,0.970903,14929619761,72950506,434413156,2026-08-24,backfill
2025-06,ETRX-STEEL,0.332276,0.380459,0.126645,5481602907,1821404754,4787383584,2026-08-24,backfill
2025-06,ETRX-TW,0.033747,0.155649,0.783185,16442425979,554882374,3564960399,2026-09-03,backfill
2025-06,ETRX-US,0.097345,0.193384,0.496626,247183283740,24061966675,124425686847,2026-08-24,backfill
2025-06,ETRX-US-INCL,0.092878,0.189123,0.508903,259200840060,24074060616,127292818209,2026-08-24,backfill
2025-06,ETRX-VN,0.090519,0.15838,0.428472,16538412810,1497036463,9452164037,2026-09-03,backfill
2025-07,ETRX-APPAREL,0.264569,0.287858,0.080903,7760846895,2053282359,7132970111,2026-08-24,backfill
2025-07,ETRX-CA,0.030462,0.275012,0.889234,30452096007,927630063,3373047544,2026-09-03,backfill
2025-07,ETRX-CA-44,0.000186,0.296476,0.999374,913286280,169629,572151,2026-08-24,backfill
2025-07,ETRX-CA-76,0.354373,0.496448,0.286184,524225584,185771157,374200730,2026-08-24,backfill
2025-07,ETRX-CA-87,0.119164,0.204824,0.418213,3111533768,370782573,1810248368,2026-08-24,backfill
2025-07,ETRX-CN,0.426015,0.44394,0.040377,23749806450,10117766884,22790864133,2026-09-03,backfill
2025-07,ETRX-CN-84,0.451012,0.472418,0.045313,3779734377,1704704500,3608463269,2026-08-24,backfill
2025-07,ETRX-CN-85,0.367571,0.374692,0.019007,5466408640,2009291109,5362509273,2026-08-24,backfill
2025-07,ETRX-CN-95,0.315645,0.320218,0.01428,1990904071,628419341,1962473455,2026-08-24,backfill
2025-07,ETRX-EU,0.094798,0.145604,0.348931,42819733624,4059226038,27878621686,2026-09-03,backfill
2025-07,ETRX-EU-87,0.240639,0.245077,0.018111,3621463204,871464184,3555875952,2026-08-24,backfill
2025-07,ETRX-IN,0.08139,0.151959,0.464399,9519648168,774799759,5098731665,2026-09-03,backfill
2025-07,ETRX-JP,0.151105,0.175062,0.136845,11889345540,1796543636,10262347835,2026-09-03,backfill
2025-07,ETRX-KR,0.124239,0.185166,0.329039,10593996986,1316191939,7108155384,2026-09-03,backfill
2025-07,ETRX-MX,0.044064,0.243301,0.818891,43869820784,1933081310,7945235333,2026-09-03,backfill
2025-07,ETRX-MX-87,0.110816,0.231245,0.520786,10098780939,1119104212,4839480371,2026-08-24,backfill
2025-07,ETRX-PHARMA,0.004841,0.173506,0.972099,15748799806,76239260,439402938,2026-08-24,backfill
2025-07,ETRX-STEEL,0.361609,0.428301,0.155712,5726558958,2070777805,4834867240,2026-08-24,backfill
2025-07,ETRX-TW,0.031537,0.167978,0.812253,18902953661,596148196,3548968445,2026-09-03,backfill
2025-07,ETRX-US,0.09944,0.21129,0.529368,276910511544,27535944046,130322821197,2026-08-24,backfill
2025-07,ETRX-US-INCL,0.095047,0.206371,0.539435,289827628706,27547361213,133484564409,2026-08-24,backfill
2025-07,ETRX-VN,0.087849,0.162235,0.45851,18472581540,1622790269,10002708942,2026-09-03,backfill
2025-08,ETRX-APPAREL,0.272362,0.296773,0.082256,7341137670,1999445249,6737286317,2026-08-24,backfill
2025-08,ETRX-CA,0.039874,0.298146,0.866261,27431508533,1093794988,3668654927,2026-09-03,backfill
2025-08,ETRX-CA-44,0.000444,0.394254,0.998874,659888456,293035,743264,2026-08-24,backfill
2025-08,ETRX-CA-76,0.366636,0.498654,0.264749,588709145,215842020,432849167,2026-08-24,backfill
2025-08,ETRX-CA-87,0.126819,0.215345,0.411089,3536269735,448465091,2082546821,2026-08-24,backfill
2025-08,ETRX-CN,0.425539,0.443373,0.040224,21649044281,9212505417,20778236055,2026-09-03,backfill
2025-08,ETRX-CN-84,0.462844,0.482784,0.041303,3203492329,1482716728,3071179269,2026-08-24,backfill
2025-08,ETRX-CN-85,0.363774,0.371255,0.020149,5117835473,1861736548,5014714608,2026-08-24,backfill
2025-08,ETRX-CN-95,0.314584,0.318528,0.012382,1973741800,620907889,1949303399,2026-08-24,backfill
2025-08,ETRX-EU,0.097412,0.157786,0.382633,37253921528,3628970835,22999341300,2026-09-03,backfill
2025-08,ETRX-EU-87,0.196313,0.199017,0.013585,3096626994,607908913,3054558026,2026-08-24,backfill
2025-08,ETRX-IN,0.113643,0.187445,0.393728,7646448112,868964233,4635826336,2026-09-03,backfill
2025-08,ETRX-JP,0.173966,0.204684,0.150074,10861205855,1889483687,9231225570,2026-09-03,backfill
2025-08,ETRX-KR,0.131162,0.198124,0.337981,9809097655,1286580342,6493804986,2026-09-03,backfill
2025-08,ETRX-MX,0.047313,0.265645,0.821895,43955387537,2079649635,7828689304,2026-09-03,backfill
2025-08,ETRX-MX-87,0.109103,0.245827,0.556181,10399860097,1134652703,4615659031,2026-08-24,backfill
2025-08,ETRX-PHARMA,0.005659,0.197824,0.971393,13119241389,74242599,375296151,2026-08-24,backfill
2025-08,ETRX-STEEL,0.357398,0.429345,0.167575,5093082340,1820255923,4239607229,2026-08-24,backfill
2025-08,ETRX-TW,0.035335,0.195668,0.819416,17187240798,607303411,3103739921,2026-09-03,backfill
2025-08,ETRX-US,0.110093,0.233192,0.527889,244100438264,26873643825,115242453100,2026-08-24,backfill
2025-08,ETRX-US-INCL,0.104885,0.227483,0.53893,256328013145,26885066083,118185063690,2026-08-24,backfill
2025-08,ETRX-VN,0.103653,0.18081,0.426731,16521439103,1712488660,9471223197,2026-09-03,backfill
2025-09,ETRX-APPAREL,0.30414,0.334997,0.092109,7434581858,2261157244,6749786839,2026-08-24,backfill
2025-09,ETRX-CA,0.040459,0.299255,0.864802,29904228593,1209882221,4042983959,2026-09-03,backfill
2025-09,ETRX-CA-44,0.000425,0.358862,0.998816,685093142,291125,811246,2026-08-24,backfill
2025-09,ETRX-CA-76,0.347934,0.473406,0.265041,669810831,233050222,492283588,2026-08-24,backfill
2025-09,ETRX-CA-87,0.121442,0.227692,0.46664,4076144904,495014072,2174053819,2026-08-24,backfill
2025-09,ETRX-CN,0.401603,0.417255,0.037512,21419448912,8602108720,20615964771,2026-09-03,backfill
2025-09,ETRX-CN-84,0.485094,0.507474,0.044101,2663689460,1292139842,2546217674,2026-08-24,backfill
2025-09,ETRX-CN-85,0.311866,0.315677,0.012072,7119512140,2220336641,7033568865,2026-08-24,backfill
2025-09,ETRX-CN-95,0.313775,0.32005,0.019608,1825979662,572946008,1790175299,2026-08-24,backfill
2025-09,ETRX-EU,0.071629,0.177702,0.596919,53706918027,3846947940,21648252186,2026-09-03,backfill
2025-09,ETRX-EU-87,0.196369,0.198768,0.01207,3057080715,600315496,3020181004,2026-08-24,backfill
2025-09,ETRX-IN,0.187926,0.34984,0.462823,7460696756,1402058084,4007716207,2026-09-03,backfill
2025-09,ETRX-JP,0.170489,0.208364,0.181774,9863194433,1681561301,8070324495,2026-09-03,backfill
2025-09,ETRX-KR,0.152846,0.222222,0.312193,9439641065,1442807908,6492646879,2026-09-03,backfill
2025-09,ETRX-MX,0.045464,0.268938,0.830952,43163668248,1962375491,7296750064,2026-09-03,backfill
2025-09,ETRX-MX-87,0.10382,0.251504,0.587205,10009029375,1039133911,4131679298,2026-08-24,backfill
2025-09,ETRX-PHARMA,0.004351,0.194447,0.977623,16968921826,73833147,379708566,2026-08-24,backfill
2025-09,ETRX-STEEL,0.354311,0.434448,0.184456,4893860187,1733950153,3991158129,2026-08-24,backfill
2025-09,ETRX-TW,0.049676,0.240323,0.793296,14587227298,724632195,3015242265,2026-09-03,backfill
2025-09,ETRX-US,0.110443,0.254433,0.565926,262717616508,29015238560,114038887588,2026-08-24,backfill
2025-09,ETRX-US-INCL,0.10534,0.247547,0.574465,275544194992,29025829343,117253636170,2026-08-24,backfill
2025-09,ETRX-VN,0.132107,0.236927,0.442413,17632736015,2329413678,9831782113,2026-09-03,backfill
2025-10,ETRX-APPAREL,0.327713,0.365734,0.103958,6329508994,2074261578,5671505546,2026-08-24,backfill
2025-10,ETRX-CA,0.0405,0.319071,0.873069,29262557898,1185132989,3714328477,2026-09-03,backfill
2025-10,ETRX-CA-44,0.021223,0.100805,0.789466,670814916,14236645,141229308,2026-08-24,backfill
2025-10,ETRX-CA-76,0.358046,0.463091,0.226835,696294210,249305201,538350228,2026-08-24,backfill
2025-10,ETRX-CA-87,0.109908,0.251433,0.562872,4412522841,484973493,1928838362,2026-08-24,backfill
2025-10,ETRX-CN,0.405435,0.420764,0.036432,21711602946,8802634852,20920598279,2026-09-03,backfill
2025-10,ETRX-CN-84,0.494518,0.515909,0.041464,2760999733,1365363474,2646518652,2026-08-24,backfill
2025-10,ETRX-CN-85,0.316004,0.319638,0.011368,7201064701,2275568170,7119202828,2026-08-24,backfill
2025-10,ETRX-CN-95,0.31418,0.320749,0.020483,1757074455,552036965,1721084519,2026-08-24,backfill
2025-10,ETRX-EU,0.093893,0.17145,0.452359,41256440928,3873683386,22593712596,2026-09-03,backfill
2025-10,ETRX-EU-87,0.161592,0.16314,0.009489,3583729220,579102101,3549722076,2026-08-24,backfill
2025-10,ETRX-IN,0.22888,0.499799,0.542057,7151723812,1636883275,3275082884,2026-09-03,backfill
2025-10,ETRX-JP,0.151758,0.188858,0.196442,11384244656,1727649433,9147899291,2026-09-03,backfill
2025-10,ETRX-KR,0.144508,0.217861,0.336694,8557280341,1236598204,5676096889,2026-09-03,backfill
2025-10,ETRX-MX,0.044736,0.267408,0.832703,47150353176,2109340113,7888091161,2026-09-03,backfill
2025-10,ETRX-MX-87,0.105218,0.251703,0.581976,10877263301,1144483304,4546956322,2026-08-24,backfill
2025-10,ETRX-PHARMA,0.005301,0.201963,0.973751,14465247767,76686356,379704386,2026-08-24,backfill
2025-10,ETRX-STEEL,0.35513,0.440538,0.193872,4919367122,1747014657,3965641488,2026-08-24,backfill
2025-10,ETRX-TW,0.035516,0.250793,0.858387,21469830195,762512754,3040406813,2026-09-03,backfill
2025-10,ETRX-US,0.113898,0.261398,0.564273,261050787898,29733250047,113746999064,2026-08-24,backfill
2025-10,ETRX-US-INCL,0.108361,0.253273,0.572158,274471414950,29741969480,117430442833,2026-08-24,backfill
2025-10,ETRX-VN,0.125345,0.253598,0.505734,19137088742,2398738824,9458814796,2026-09-03,backfill
2025-11,ETRX-APPAREL,0.315676,0.35377,0.107681,5328719883,1682146396,4754918588,2026-08-24,backfill
2025-11,ETRX-CA,0.038709,0.330684,0.882942,26723783725,1034454234,3128228746,2026-09-03,backfill
2025-11,ETRX-CA-44,0.000569,0.214311,0.997345,611623555,348013,1623869,2026-08-24,backfill
2025-11,ETRX-CA-76,0.373274,0.480782,0.22361,713146168,266198986,553679696,2026-08-24,backfill
2025-11,ETRX-CA-87,0.118915,0.240437,0.505421,3263944858,388132246,1614277993,2026-08-24,backfill
2025-11,ETRX-CN,0.353193,0.369297,0.043607,18356506474,6483391054,17556039741,2026-09-03,backfill
2025-11,ETRX-CN-84,0.43306,0.452907,0.04382,2319244962,1004372705,2217614939,2026-08-24,backfill
2025-11,ETRX-CN-85,0.27569,0.279597,0.013975,5851124874,1613097203,5769355699,2026-08-24,backfill
2025-11,ETRX-CN-95,0.253024,0.25819,0.020008,1221021763,308947516,1196591466,2026-08-24,backfill
2025-11,ETRX-EU,0.089506,0.170001,0.473497,42588195270,3811893491,22422794233,2026-09-03,backfill
2025-11,ETRX-EU-87,0.16232,0.163737,0.008658,3656675258,593549887,3625016597,2026-08-24,backfill
2025-11,ETRX-IN,0.202643,0.503904,0.597854,7031707168,1424928014,2827775744,2026-09-03,backfill
2025-11,ETRX-JP,0.147075,0.179037,0.17852,11082899672,1630018013,9104385144,2026-09-03,backfill
2025-11,ETRX-KR,0.085315,0.20818,0.590187,8348134828,712221022,3421174217,2026-09-03,backfill
2025-11,ETRX-MX,0.042518,0.252227,0.831431,43319346586,1841838602,7302300806,2026-09-03,backfill
2025-11,ETRX-MX-87,0.109685,0.229752,0.522596,9324760048,1022783648,4451677788,2026-08-24,backfill
2025-11,ETRX-PHARMA,0.003371,0.154403,0.978168,15516515718,52304244,338751428,2026-08-24,backfill
2025-11,ETRX-STEEL,0.344434,0.435318,0.208776,4343477132,1496042148,3436662140,2026-08-24,backfill
2025-11,ETRX-TW,0.035995,0.252642,0.857525,19503983464,702046421,2778820528,2026-09-03,backfill
2025-11,ETRX-US,0.103156,0.246738,0.581919,244197390568,25190474083,102094182417,2026-08-24,backfill
2025-11,ETRX-US-INCL,0.097902,0.239214,0.590733,257383725152,25198445672,105338575371,2026-08-24,backfill
2025-11,ETRX-VN,0.12367,0.255747,0.516436,17694029951,2188220820,8556201112,2026-09-03,backfill
2025-12,ETRX-APPAREL,0.315344,0.35118,0.102046,6150555123,1939538710,5522917413,2026-08-24,backfill
2025-12,ETRX-CA,0.032575,0.311172,0.895316,30015533038,977751188,3142158506,2026-09-03,backfill
2025-12,ETRX-CA-44,0.035044,0.100728,0.652098,569750626,19966062,198217564,2026-08-24,backfill
2025-12,ETRX-CA-76,0.354631,0.463241,0.234457,772287133,273876991,591218798,2026-08-24,backfill
2025-12,ETRX-CA-87,0.098734,0.225933,0.562995,3333284136,329108477,1456661921,2026-08-24,backfill
2025-12,ETRX-CN,0.337119,0.355137,0.050736,18125895426,6110579525,17206268210,2026-09-03,backfill
2025-12,ETRX-CN-84,0.39872,0.421644,0.054369,2682513647,1069572338,2536668957,2026-08-24,backfill
2025-12,ETRX-CN-85,0.272244,0.277306,0.018254,4819581703,1312101357,4731606234,2026-08-24,backfill
2025-12,ETRX-CN-95,0.231347,0.234844,0.014891,978688135,226416338,964114325,2026-08-24,backfill
2025-12,ETRX-EU,0.091628,0.167889,0.454233,44072746433,4038309241,24053465273,2026-09-03,backfill
2025-12,ETRX-EU-87,0.153579,0.155603,0.01301,4183665586,642522088,4129235481,2026-08-24,backfill
2025-12,ETRX-IN,0.203613,0.504835,0.596675,7688302007,1565435284,3100887028,2026-09-03,backfill
2025-12,ETRX-JP,0.137286,0.173586,0.209117,11607362376,1593527733,9180066935,2026-09-03,backfill
2025-12,ETRX-KR,0.091633,0.152719,0.399987,10979069567,1006047446,6587586631,2026-09-03,backfill
2025-12,ETRX-MX,0.04419,0.232594,0.810012,40769549057,1801611135,7745723429,2026-09-03,backfill
2025-12,ETRX-MX-87,0.116733,0.212361,0.450312,9186540981,1072367979,5049734822,2026-08-24,backfill
2025-12,ETRX-PHARMA,0.003733,0.150313,0.975165,15636497411,58372396,388339623,2026-08-24,backfill
2025-12,ETRX-STEEL,0.347684,0.437439,0.205184,4517789798,1570761258,3590811011,2026-08-24,backfill
2025-12,ETRX-TW,0.031653,0.246609,0.871647,23680612516,749565710,3039488699,2026-09-03,backfill
2025-12,ETRX-US,0.098205,0.235546,0.583075,264014625426,25927562225,110074428659,2026-08-24,backfill
2025-12,ETRX-US-INCL,0.093401,0.227989,0.590328,277691724324,25936632325,113762497509,2026-08-24,backfill
2025-12,ETRX-VN,0.128033,0.265029,0.516909,18396071332,2355310476,8886979132,2026-09-03,backfill
2026-01,ETRX-APPAREL,0.32952,0.362676,0.091421,6183726101,2037660026,5618401353,2026-08-24,backfill
2026-01,ETRX-CA,0.033207,0.320721,0.896462,26385631757,876177945,2731903052,2026-09-03,backfill
2026-01,ETRX-CA-44,0.040048,0.100799,0.602694,589701887,23616449,234292042,2026-08-24,backfill
2026-01,ETRX-CA-76,0.366517,0.489887,0.251834,839701229,307765002,628236155,2026-08-24,backfill
2026-01,ETRX-CA-87,0.082686,0.223621,0.63024,2197257152,181682646,812458555,2026-08-24,backfill
2026-01,ETRX-CN,0.345466,0.362654,0.047393,18844602288,6510175781,17951497641,2026-09-03,backfill
2026-01,ETRX-CN-84,0.395612,0.415933,0.048857,2839019529,1123150176,2700313619,2026-08-24,backfill
2026-01,ETRX-CN-85,0.287579,0.292193,0.015791,4729009545,1359965099,4654335087,2026-08-24,backfill
2026-01,ETRX-CN-95,0.231356,0.236044,0.019859,1027702937,237765656,1007293499,2026-08-24,backfill
2026-01,ETRX-EU,0.099898,0.167138,0.402301,35029371805,3499379050,20937018425,2026-09-03,backfill
2026-01,ETRX-EU-87,0.1554,0.156684,0.008195,3666870674,569830996,3636821364,2026-08-24,backfill
2026-01,ETRX-IN,0.211676,0.50248,0.578737,8090013827,1712464501,3408021986,2026-09-03,backfill
2026-01,ETRX-JP,0.140701,0.171703,0.180554,10746136816,1511992697,8805874923,2026-09-03,backfill
2026-01,ETRX-KR,0.104204,0.175528,0.40634,11407208075,1188674126,6771999361,2026-09-03,backfill
2026-01,ETRX-MX,0.041444,0.253003,0.836193,41064637375,1701871422,6726677197,2026-09-03,backfill
2026-01,ETRX-MX-87,0.111047,0.236515,0.530484,7634480676,847789840,3584510276,2026-08-24,backfill
2026-01,ETRX-PHARMA,0.005042,0.151569,0.966734,11788405626,59437911,392151707,2026-08-24,backfill
2026-01,ETRX-STEEL,0.354251,0.448933,0.210904,4672805722,1655348029,3687291209,2026-08-24,backfill
2026-01,ETRX-TW,0.037658,0.253221,0.851283,20709703893,779891246,3079880705,2026-09-03,backfill
2026-01,ETRX-US,0.103913,0.245201,0.576211,246353472316,25599388933,104401777241,2026-08-24,backfill
2026-01,ETRX-US-INCL,0.098716,0.238217,0.585604,259411163370,25608147782,107499028366,2026-08-24,backfill
2026-01,ETRX-VN,0.124258,0.264373,0.529991,19548070059,2428995375,9187759399,2026-09-03,backfill
2026-02,ETRX-APPAREL,0.28226,0.316003,0.106782,5626641141,1588174328,5025818373,2026-08-24,backfill
2026-02,ETRX-CA,0.033867,0.290221,0.883307,27367251845,926841813,3193571160,2026-09-03,backfill
2026-02,ETRX-CA-44,0.041101,0.099621,0.587429,632854479,26010721,261097279,2026-08-24,backfill
2026-02,ETRX-CA-76,0.364694,0.495892,0.26457,836849104,305193742,615443842,2026-08-24,backfill
2026-02,ETRX-CA-87,0.084798,0.227824,0.62779,3082498279,261391106,1147337706,2026-08-24,backfill
2026-02,ETRX-CN,0.321724,0.349076,0.078353,17027475579,5478155722,15693314818,2026-09-03,backfill
2026-02,ETRX-CN-84,0.367889,0.386003,0.046926,2530313582,930875583,2411576641,2026-08-24,backfill
2026-02,ETRX-CN-85,0.28677,0.309935,0.074741,3904348233,1119651560,3612533025,2026-08-24,backfill
2026-02,ETRX-CN-95,0.201372,0.227691,0.115591,1068739838,215214695,945203536,2026-08-24,backfill
2026-02,ETRX-EU,0.089472,0.156391,0.427897,33410445125,2989290787,19114215716,2026-09-03,backfill
2026-02,ETRX-EU-87,0.14954,0.156089,0.041958,2194695949,328194447,2102610862,2026-08-24,backfill
2026-02,ETRX-IN,0.155318,0.32584,0.523331,6600213044,1025130483,3146118245,2026-09-03,backfill
2026-02,ETRX-JP,0.114759,0.150018,0.235029,10296724082,1181643405,7876696900,2026-09-03,backfill
2026-02,ETRX-KR,0.087336,0.163297,0.465168,11318216614,988491442,6053349053,2026-09-03,backfill
2026-02,ETRX-MX,0.038332,0.246001,0.844179,42629788727,1634084534,6642596123,2026-09-03,backfill
2026-02,ETRX-MX-87,0.102115,0.232836,0.561429,8730247437,891488877,3828829624,2026-08-24,backfill
2026-02,ETRX-PHARMA,0.004854,0.128629,0.962265,11208992982,54406134,422968081,2026-08-24,backfill
2026-02,ETRX-STEEL,0.337931,0.429136,0.212532,4376944369,1479104548,3446704189,2026-08-24,backfill
2026-02,ETRX-TW,0.032222,0.232011,0.861119,20074060645,646824191,2787899910,2026-09-03,backfill
2026-02,ETRX-US,0.089117,0.21608,0.587573,238236395391,21230901924,98255040076,2026-08-24,backfill
2026-02,ETRX-US-INCL,0.08477,0.209386,0.595151,250562806403,21240154244,101440067995,2026-08-24,backfill
2026-02,ETRX-VN,0.120556,0.249118,0.516069,15778780273,1902227314,7635846114,2026-09-03,backfill
2026-03,ETRX-APPAREL,0.213816,0.257335,0.169112,6144167519,1313722313,5105113140,2026-08-24,backfill
2026-03,ETRX-CA,0.033267,0.196293,0.830525,32193071842,1070954262,5455907751,2026-09-03,backfill
2026-03,ETRX-CA-44,0.040843,0.099811,0.590798,770805511,31481838,315415320,2026-08-24,backfill
2026-03,ETRX-CA-76,0.351561,0.481316,0.269583,1004267586,353061144,733533664,2026-08-24,backfill
2026-03,ETRX-CA-87,0.095416,0.227592,0.580757,3889567404,371128577,1630672561,2026-08-24,backfill
2026-03,ETRX-CN,0.25441,0.29786,0.145874,18037212744,4588852729,15406046989,2026-09-03,backfill
2026-03,ETRX-CN-84,0.291157,0.327359,0.110588,2892918933,842293775,2572997800,2026-08-24,backfill
2026-03,ETRX-CN-85,0.202918,0.281639,0.279511,4285665608,869636973,3087776234,2026-08-24,backfill
2026-03,ETRX-CN-95,0.134157,0.141811,0.053974,1021328523,137018325,966203411,2026-08-24,backfill
2026-03,ETRX-EU,0.087291,0.141994,0.38525,44265450133,3863971734,27212190020,2026-09-03,backfill
2026-03,ETRX-EU-87,0.145224,0.148803,0.024054,4346208355,631172327,4241663618,2026-08-24,backfill
2026-03,ETRX-IN,0.084905,0.174614,0.513757,7954147581,675346214,3867647092,2026-09-03,backfill
2026-03,ETRX-JP,0.102549,0.124911,0.179025,12302700064,1261626893,10100213484,2026-09-03,backfill
2026-03,ETRX-KR,0.083633,0.153704,0.455885,12260704126,1025396928,6671238814,2026-09-03,backfill
2026-03,ETRX-MX,0.034574,0.221224,0.843716,50270317998,1738034089,7856441851,2026-09-03,backfill
2026-03,ETRX-MX-87,0.10136,0.231279,0.561744,10902106466,1105033747,4777915120,2026-08-24,backfill
2026-03,ETRX-PHARMA,0.001908,0.099103,0.980744,13840928664,26412376,266514960,2026-08-24,backfill
2026-03,ETRX-STEEL,0.32136,0.396135,0.18876,4939496860,1587359153,4007115420,2026-08-24,backfill
2026-03,ETRX-TW,0.02309,0.17361,0.866999,23882502050,551454217,3176390277,2026-09-03,backfill
2026-03,ETRX-US,0.071788,0.170355,0.578597,285241370639,20476950824,120201478822,2026-08-24,backfill
2026-03,ETRX-US-INCL,0.068486,0.16533,0.585763,299166410274,20488595157,123925657161,2026-08-24,backfill
2026-03,ETRX-VN,0.071181,0.17361,0.589994,20598858463,1466245054,8445649831,2026-09-03,backfill
2026-04,ETRX-APPAREL,0.218354,0.256517,0.148774,5554461175,1212838676,4728103305,2026-08-24,backfill
2026-04,ETRX-CA,0.033768,0.176748,0.808949,33003259454,1114450399,6305297448,2026-09-03,backfill
2026-04,ETRX-CA-44,0.044645,0.099816,0.552726,800219740,35725780,357917365,2026-08-24,backfill
2026-04,ETRX-CA-76,0.351379,0.476503,0.262588,1006169642,353547196,741961686,2026-08-24,backfill
2026-04,ETRX-CA-87,0.105928,0.226618,0.532572,3699812540,391912871,1729395209,2026-08-24,backfill
2026-04,ETRX-CN,0.244653,0.293802,0.167287,17473929520,4275053873,14550776747,2026-09-03,backfill
2026-04,ETRX-CN-84,0.263448,0.327158,0.19474,3070241104,808847882,2472343385,2026-08-24,backfill
2026-04,ETRX-CN-85,0.212919,0.286582,0.25704,4437825780,944897715,3297127615,2026-08-24,backfill
2026-04,ETRX-CN-95,0.127413,0.132189,0.036129,900861927,114781544,868314780,2026-08-24,backfill
2026-04,ETRX-EU,0.081171,0.138305,0.413105,45284289556,3675752236,26577133568,2026-09-03,backfill
2026-04,ETRX-EU-87,0.149723,0.151274,0.010255,4118018308,616561857,4075790005,2026-08-24,backfill
2026-04,ETRX-IN,0.075469,0.156297,0.517145,8369652399,631647982,4041329900,2026-09-03,backfill
2026-04,ETRX-JP,0.111723,0.138326,0.192322,12435743254,1389353189,10044071516,2026-09-03,backfill
2026-04,ETRX-KR,0.086929,0.153141,0.432356,12667698792,1101195258,7190743472,2026-09-03,backfill
2026-04,ETRX-MX,0.036971,0.210233,0.824141,49267735812,1821499343,8664175459,2026-09-03,backfill
2026-04,ETRX-MX-87,0.095536,0.225147,0.575675,10318121123,985748261,4378237122,2026-08-24,backfill
2026-04,ETRX-PHARMA,0.00146,0.098231,0.985142,14606093473,21318361,217023491,2026-08-24,backfill
2026-04,ETRX-STEEL,0.354204,0.399594,0.11359,5079249398,1799091406,4502299105,2026-08-24,backfill
2026-04,ETRX-TW,0.022993,0.174172,0.86799,23379841950,537561160,3086378613,2026-09-03,backfill
2026-04,ETRX-US,0.070615,0.166919,0.576949,285810518951,20182620994,120912345563,2026-08-24,backfill
2026-04,ETRX-US-INCL,0.067394,0.1622,0.584502,299710324247,20198648764,124528926018,2026-08-24,backfill
2026-04,ETRX-VN,0.066043,0.1713,0.61446,21271684436,1404842763,8201084816,2026-09-03,backfill
2026-05,ETRX-APPAREL,0.216428,0.260154,0.168078,5743213085,1242989276,4777902974,2026-08-24,backfill
2026-05,ETRX-CA,0.032283,0.166176,0.805729,34305174460,1107480587,6664500713,2026-09-03,backfill
2026-05,ETRX-CA-44,0.044476,0.099914,0.554858,796128044,35408383,354389997,2026-08-24,backfill
2026-05,ETRX-CA-76,0.340563,0.466291,0.269635,1020728904,347622478,745504785,2026-08-24,backfill
2026-05,ETRX-CA-87,0.100373,0.22581,0.555497,3784791873,379892285,1682352757,2026-08-24,backfill
2026-05,ETRX-CN,0.237483,0.289415,0.179438,20651974742,4904487764,16946225623,2026-09-03,backfill
2026-05,ETRX-CN-84,0.240751,0.309543,0.222235,3571785972,859912437,2778010222,2026-08-24,backfill
2026-05,ETRX-CN-85,0.197064,0.27931,0.294459,4852741644,956302731,3423806013,2026-08-24,backfill
2026-05,ETRX-CN-95,0.125251,0.128377,0.024347,1175440928,147225476,1146823009,2026-08-24,backfill
2026-05,ETRX-EU,0.084158,0.135035,0.376774,44576298539,3751435161,27781103858,2026-09-03,backfill
2026-05,ETRX-EU-87,0.14939,0.150923,0.010162,3907622522,583758382,3867914459,2026-08-24,backfill
2026-05,ETRX-IN,0.08568,0.15938,0.462417,8220545881,704338130,4419228488,2026-09-03,backfill
2026-05,ETRX-JP,0.118056,0.140473,0.159581,11399433127,1345772562,9580301789,2026-09-03,backfill
2026-05,ETRX-KR,0.089344,0.159075,0.438353,12429004917,1110459282,6980713435,2026-09-03,backfill
2026-05,ETRX-MX,0.037558,0.205802,0.817503,52625932897,1976533327,9604057233,2026-09-03,backfill
2026-05,ETRX-MX-87,0.098304,0.224737,0.56258,11215425958,1102526444,4905856779,2026-08-24,backfill
2026-05,ETRX-PHARMA,0.001361,0.097473,0.986034,14790625125,20134173,206562007,2026-08-24,backfill
2026-05,ETRX-STEEL,0.366646,0.403,0.090207,5208208003,1909569452,4738388807,2026-08-24,backfill
2026-05,ETRX-TW,0.023495,0.170274,0.862014,22654323603,532274428,3125979007,2026-09-03,backfill
2026-05,ETRX-US,0.072295,0.168053,0.569809,290683962081,21014944113,125049715662,2026-08-24,backfill
2026-05,ETRX-US-INCL,0.068907,0.162881,0.576947,305185726019,21029537399,129109852808,2026-08-24,backfill
2026-05,ETRX-VN,0.067803,0.172759,0.60753,22163154591,1502721884,8698380807,2026-09-03,backfill
2026-06,ETRX-APPAREL,0.221377,0.2646,0.163354,6367190937,1409548795,5327083288,2026-08-24,backfill
2026-06,ETRX-CA,0.030002,0.124892,0.759776,35329762547,1059964835,8487067648,2026-09-03,backfill
2026-06,ETRX-CA-44,0.045974,0.099697,0.538862,822391448,37808694,379236149,2026-08-24,backfill
2026-06,ETRX-CA-76,0.333157,0.470235,0.291509,1020564537,340008336,723060452,2026-08-24,backfill
2026-06,ETRX-CA-87,0.083568,0.112184,0.25508,3957061154,330684939,2947693591,2026-08-24,backfill
2026-06,ETRX-CN,0.234714,0.284568,0.175194,21996350211,5162841826,18142722475,2026-09-03,backfill
2026-06,ETRX-CN-84,0.239903,0.321304,0.253348,3672410852,881021009,2742014728,2026-08-24,backfill
2026-06,ETRX-CN-85,0.19623,0.272797,0.280673,5197657088,1019936640,3738813838,2026-08-24,backfill
2026-06,ETRX-CN-95,0.11934,0.12137,0.016732,1429059343,170543477,1405148348,2026-08-24,backfill
2026-06,ETRX-EU,0.082079,0.132906,0.382425,44861764991,3682217206,27705515344,2026-09-03,backfill
2026-06,ETRX-EU-87,0.139243,0.14164,0.016929,4178958098,581888863,4108210835,2026-08-24,backfill
2026-06,ETRX-IN,0.092583,0.163318,0.433116,7784137191,720675492,4412704651,2026-09-03,backfill
2026-06,ETRX-JP,0.102539,0.134604,0.238215,12235714096,1254638086,9320984581,2026-09-03,backfill
2026-06,ETRX-KR,0.076562,0.157206,0.512983,15112660124,1157057967,7360120892,2026-09-03,backfill
2026-06,ETRX-MX,0.034982,0.152611,0.770778,53750177338,1880284050,12320742310,2026-09-03,backfill
2026-06,ETRX-MX-87,0.093979,0.133243,0.29468,10632675935,999249007,7499436039,2026-08-24,backfill
2026-06,ETRX-PHARMA,0.001626,0.096317,0.983122,15240516368,24775680,257231207,2026-08-24,backfill
2026-06,ETRX-STEEL,0.357074,0.395762,0.097754,5340042997,1906791363,4818030427,2026-08-24,backfill
2026-06,ETRX-TW,0.028363,0.161605,0.82449,19195425934,544444019,3368982888,2026-09-03,backfill
2026-06,ETRX-US,0.071252,0.160907,0.557182,298612870501,21276869687,132231258135,2026-08-24,backfill
2026-06,ETRX-US-INCL,0.068134,0.156569,0.564829,312484323572,21290948706,135984130323,2026-08-24,backfill
2026-06,ETRX-VN,0.065463,0.174157,0.624116,24654801584,1613971267,9267351085,2026-09-03,backfill
2026-07,ETRX-APPAREL,0.214634,0.260719,0.176761,6767279989,1452487649,5571087134,2026-09-03,live
2026-07,ETRX-CA,0.029668,0.131225,0.773914,31843508986,944741517,7199378399,2026-09-03,live
2026-07,ETRX-CA-44,0.045698,0.099841,0.542297,753262918,34422295,344770998,2026-09-03,live
2026-07,ETRX-CA-76,0.327003,0.460375,0.289702,1081665207,353707772,768304097,2026-09-03,live
2026-07,ETRX-CA-87,0.0793,0.111648,0.289736,3009275457,238634052,2137380309,2026-09-03,live
2026-07,ETRX-CN,0.230704,0.278831,0.172602,23454766857,5411118082,19406415508,2026-09-03,live
2026-07,ETRX-CN-84,0.240762,0.318587,0.244282,3870436422,931853804,2924957053,2026-09-03,live
2026-07,ETRX-CN-85,0.209148,0.268373,0.220683,5249736435,1097970611,4091209100,2026-09-03,live
2026-07,ETRX-CN-95,0.108714,0.121881,0.108037,1745900860,189803260,1557278838,2026-09-03,live
2026-07,ETRX-EU,0.077732,0.132156,0.411819,43189092534,3357153710,25403007538,2026-09-03,live
2026-07,ETRX-EU-87,0.138026,0.14176,0.026342,3566797520,492310800,3472840493,2026-09-03,live
2026-07,ETRX-IN,0.083309,0.162461,0.487204,8609718465,717270904,4415030345,2026-09-03,live
2026-07,ETRX-JP,0.109485,0.135107,0.189646,12472507488,1365546739,10107143743,2026-09-03,live
2026-07,ETRX-KR,0.077365,0.159594,0.515235,16209290027,1254039709,7857696767,2026-09-03,live
2026-07,ETRX-MX,0.029577,0.148557,0.800909,59285884645,1753469722,11803312584,2026-09-03,live
2026-07,ETRX-MX-87,0.087269,0.125628,0.305335,10227587966,892553721,7104751017,2026-09-03,live
2026-07,ETRX-PHARMA,0.001556,0.100152,0.984459,15724089777,24474429,244372017,2026-09-03,live
2026-07,ETRX-STEEL,0.361529,0.407652,0.113143,5343393635,1931793215,4738827761,2026-09-03,live
2026-07,ETRX-TW,0.020187,0.158544,0.872675,24214236148,488804361,3083082607,2026-09-03,live
2026-07,ETRX-US,0.067308,0.163699,0.588833,311900009434,20993319297,128243132159,2026-09-03,live
2026-07,ETRX-US-INCL,0.06452,0.158996,0.594203,325552185079,21004726643,132108199265,2026-09-03,live
2026-07,ETRX-VN,0.062867,0.172744,0.636068,25456538777,1600378794,9264441441,2026-09-03,live
